[     162ms] [INFO] 2026-07-07T07:49:18.161Z [Jhonny_RaceHelper] JhonnyRace helper inicializado. @ http://localhost:8000/js/plugins/Jhonny_RaceHelper.js:95
[     206ms] [WARNING] <meta name="apple-mobile-web-app-capable" content="yes"> is deprecated. Please include <meta name="mobile-web-app-capable" content="yes"> @ http://localhost:8000/?hudSmoke=2:0
[   15638ms] [WARNING] Canvas2D: Multiple readback operations using getImageData are faster with the willReadFrequently attribute set to true. See: https://html.spec.whatwg.org/multipage/canvas.html#concept-canvas-will-read-frequently @ http://localhost:8000/js/rmmz_core.js:1518
[   15723ms] [WARNING] The provided value 'undefined' is not a valid enum value of type CanvasTextAlign. @ http://localhost:8000/js/rmmz_core.js:1676
[   15852ms] [WARNING] The provided value 'undefined' is not a valid enum value of type CanvasTextAlign. @ http://localhost:8000/js/rmmz_core.js:1676
[   15852ms] [WARNING] The provided value 'undefined' is not a valid enum value of type CanvasTextAlign. @ http://localhost:8000/js/rmmz_core.js:1676
[   15868ms] [WARNING] The provided value 'undefined' is not a valid enum value of type CanvasTextAlign. @ http://localhost:8000/js/rmmz_core.js:1676
[   15868ms] [WARNING] The provided value 'undefined' is not a valid enum value of type CanvasTextAlign. @ http://localhost:8000/js/rmmz_core.js:1676
[   15885ms] [WARNING] The provided value 'undefined' is not a valid enum value of type CanvasTextAlign. @ http://localhost:8000/js/rmmz_core.js:1676
[   15885ms] [WARNING] The provided value 'undefined' is not a valid enum value of type CanvasTextAlign. @ http://localhost:8000/js/rmmz_core.js:1676
[   15910ms] [WARNING] The provided value 'undefined' is not a valid enum value of type CanvasTextAlign. @ http://localhost:8000/js/rmmz_core.js:1676
[   15926ms] [WARNING] The provided value 'undefined' is not a valid enum value of type CanvasTextAlign. @ http://localhost:8000/js/rmmz_core.js:1676
[   15954ms] [WARNING] The provided value 'undefined' is not a valid enum value of type CanvasTextAlign. @ http://localhost:8000/js/rmmz_core.js:1676
[   15968ms] [WARNING] The provided value 'undefined' is not a valid enum value of type CanvasTextAlign. @ http://localhost:8000/js/rmmz_core.js:1676
[   15981ms] [WARNING] The provided value 'undefined' is not a valid enum value of type CanvasTextAlign. @ http://localhost:8000/js/rmmz_core.js:1676
[   15995ms] [WARNING] The provided value 'undefined' is not a valid enum value of type CanvasTextAlign. @ http://localhost:8000/js/rmmz_core.js:1676
[   16009ms] [WARNING] The provided value 'undefined' is not a valid enum value of type CanvasTextAlign. @ http://localhost:8000/js/rmmz_core.js:1676
[   16023ms] [WARNING] The provided value 'undefined' is not a valid enum value of type CanvasTextAlign. @ http://localhost:8000/js/rmmz_core.js:1676
[   16050ms] [WARNING] The provided value 'undefined' is not a valid enum value of type CanvasTextAlign. @ http://localhost:8000/js/rmmz_core.js:1676
[   16063ms] [WARNING] The provided value 'undefined' is not a valid enum value of type CanvasTextAlign. @ http://localhost:8000/js/rmmz_core.js:1676
[   16076ms] [WARNING] The provided value 'undefined' is not a valid enum value of type CanvasTextAlign. @ http://localhost:8000/js/rmmz_core.js:1676
[   16100ms] [WARNING] The provided value 'undefined' is not a valid enum value of type CanvasTextAlign. @ http://localhost:8000/js/rmmz_core.js:1676
[   16112ms] [WARNING] The provided value 'undefined' is not a valid enum value of type CanvasTextAlign. @ http://localhost:8000/js/rmmz_core.js:1676
[   16124ms] [WARNING] The provided value 'undefined' is not a valid enum value of type CanvasTextAlign. @ http://localhost:8000/js/rmmz_core.js:1676
[   16136ms] [WARNING] The provided value 'undefined' is not a valid enum value of type CanvasTextAlign. @ http://localhost:8000/js/rmmz_core.js:1676
[   16137ms] [WARNING] The provided value 'undefined' is not a valid enum value of type CanvasTextAlign. @ http://localhost:8000/js/rmmz_core.js:1676
[   16159ms] [WARNING] The provided value 'undefined' is not a valid enum value of type CanvasTextAlign. @ http://localhost:8000/js/rmmz_core.js:1676
[   16171ms] [WARNING] The provided value 'undefined' is not a valid enum value of type CanvasTextAlign. @ http://localhost:8000/js/rmmz_core.js:1676
[   16194ms] [WARNING] The provided value 'undefined' is not a valid enum value of type CanvasTextAlign. @ http://localhost:8000/js/rmmz_core.js:1676
[   16207ms] [WARNING] The provided value 'undefined' is not a valid enum value of type CanvasTextAlign. @ http://localhost:8000/js/rmmz_core.js:1676
[   16218ms] [WARNING] The provided value 'undefined' is not a valid enum value of type CanvasTextAlign. @ http://localhost:8000/js/rmmz_core.js:1676
[   16254ms] [WARNING] The provided value 'undefined' is not a valid enum value of type CanvasTextAlign. @ http://localhost:8000/js/rmmz_core.js:1676
[   16266ms] [WARNING] The provided value 'undefined' is not a valid enum value of type CanvasTextAlign. @ http://localhost:8000/js/rmmz_core.js:1676
[   16278ms] [WARNING] The provided value 'undefined' is not a valid enum value of type CanvasTextAlign. @ http://localhost:8000/js/rmmz_core.js:1676
[   16289ms] [WARNING] The provided value 'undefined' is not a valid enum value of type CanvasTextAlign. @ http://localhost:8000/js/rmmz_core.js:1676
[   16313ms] [WARNING] The provided value 'undefined' is not a valid enum value of type CanvasTextAlign. @ http://localhost:8000/js/rmmz_core.js:1676
[   16337ms] [WARNING] The provided value 'undefined' is not a valid enum value of type CanvasTextAlign. @ http://localhost:8000/js/rmmz_core.js:1676
[   16348ms] [WARNING] The provided value 'undefined' is not a valid enum value of type CanvasTextAlign. @ http://localhost:8000/js/rmmz_core.js:1676
[   16360ms] [WARNING] The provided value 'undefined' is not a valid enum value of type CanvasTextAlign. @ http://localhost:8000/js/rmmz_core.js:1676
[   16384ms] [WARNING] The provided value 'undefined' is not a valid enum value of type CanvasTextAlign. @ http://localhost:8000/js/rmmz_core.js:1676
[   16395ms] [WARNING] The provided value 'undefined' is not a valid enum value of type CanvasTextAlign. @ http://localhost:8000/js/rmmz_core.js:1676
[   16419ms] [WARNING] The provided value 'undefined' is not a valid enum value of type CanvasTextAlign. @ http://localhost:8000/js/rmmz_core.js:1676
[   16431ms] [WARNING] The provided value 'undefined' is not a valid enum value of type CanvasTextAlign. @ http://localhost:8000/js/rmmz_core.js:1676
[   16455ms] [WARNING] The provided value 'undefined' is not a valid enum value of type CanvasTextAlign. @ http://localhost:8000/js/rmmz_core.js:1676
[   16467ms] [WARNING] The provided value 'undefined' is not a valid enum value of type CanvasTextAlign. @ http://localhost:8000/js/rmmz_core.js:1676
[   16478ms] [WARNING] The provided value 'undefined' is not a valid enum value of type CanvasTextAlign. @ http://localhost:8000/js/rmmz_core.js:1676
[   16502ms] [WARNING] The provided value 'undefined' is not a valid enum value of type CanvasTextAlign. @ http://localhost:8000/js/rmmz_core.js:1676
[   16513ms] [WARNING] The provided value 'undefined' is not a valid enum value of type CanvasTextAlign. @ http://localhost:8000/js/rmmz_core.js:1676
[   16537ms] [WARNING] The provided value 'undefined' is not a valid enum value of type CanvasTextAlign. @ http://localhost:8000/js/rmmz_core.js:1676
[   16549ms] [WARNING] The provided value 'undefined' is not a valid enum value of type CanvasTextAlign. @ http://localhost:8000/js/rmmz_core.js:1676
[   16560ms] [WARNING] The provided value 'undefined' is not a valid enum value of type CanvasTextAlign. @ http://localhost:8000/js/rmmz_core.js:1676
[   16572ms] [WARNING] The provided value 'undefined' is not a valid enum value of type CanvasTextAlign. @ http://localhost:8000/js/rmmz_core.js:1676
[   16596ms] [WARNING] The provided value 'undefined' is not a valid enum value of type CanvasTextAlign. @ http://localhost:8000/js/rmmz_core.js:1676
[   16619ms] [WARNING] The provided value 'undefined' is not a valid enum value of type CanvasTextAlign. @ http://localhost:8000/js/rmmz_core.js:1676
[   16631ms] [WARNING] The provided value 'undefined' is not a valid enum value of type CanvasTextAlign. @ http://localhost:8000/js/rmmz_core.js:1676
[   16643ms] [WARNING] The provided value 'undefined' is not a valid enum value of type CanvasTextAlign. @ http://localhost:8000/js/rmmz_core.js:1676
[   16667ms] [WARNING] The provided value 'undefined' is not a valid enum value of type CanvasTextAlign. @ http://localhost:8000/js/rmmz_core.js:1676
[   16679ms] [WARNING] The provided value 'undefined' is not a valid enum value of type CanvasTextAlign. @ http://localhost:8000/js/rmmz_core.js:1676
[   16691ms] [WARNING] The provided value 'undefined' is not a valid enum value of type CanvasTextAlign. @ http://localhost:8000/js/rmmz_core.js:1676
[   16702ms] [WARNING] The provided value 'undefined' is not a valid enum value of type CanvasTextAlign. @ http://localhost:8000/js/rmmz_core.js:1676
[   16738ms] [WARNING] The provided value 'undefined' is not a valid enum value of type CanvasTextAlign. @ http://localhost:8000/js/rmmz_core.js:1676
[   16750ms] [WARNING] The provided value 'undefined' is not a valid enum value of type CanvasTextAlign. @ http://localhost:8000/js/rmmz_core.js:1676
[   16762ms] [WARNING] The provided value 'undefined' is not a valid enum value of type CanvasTextAlign. @ http://localhost:8000/js/rmmz_core.js:1676
[   16785ms] [WARNING] The provided value 'undefined' is not a valid enum value of type CanvasTextAlign. @ http://localhost:8000/js/rmmz_core.js:1676
[   16797ms] [WARNING] The provided value 'undefined' is not a valid enum value of type CanvasTextAlign. @ http://localhost:8000/js/rmmz_core.js:1676
[   16810ms] [WARNING] The provided value 'undefined' is not a valid enum value of type CanvasTextAlign. @ http://localhost:8000/js/rmmz_core.js:1676
[   16810ms] [WARNING] The provided value 'undefined' is not a valid enum value of type CanvasTextAlign. @ http://localhost:8000/js/rmmz_core.js:1676
[   16810ms] [WARNING] The provided value 'undefined' is not a valid enum value of type CanvasTextAlign. @ http://localhost:8000/js/rmmz_core.js:1676
[   16810ms] [WARNING] The provided value 'undefined' is not a valid enum value of type CanvasTextAlign. @ http://localhost:8000/js/rmmz_core.js:1676
[   16810ms] [WARNING] The provided value 'undefined' is not a valid enum value of type CanvasTextAlign. @ http://localhost:8000/js/rmmz_core.js:1676
[   16811ms] [WARNING] The provided value 'undefined' is not a valid enum value of type CanvasTextAlign. @ http://localhost:8000/js/rmmz_core.js:1676
[   16811ms] [WARNING] The provided value 'undefined' is not a valid enum value of type CanvasTextAlign. @ http://localhost:8000/js/rmmz_core.js:1676
[   16811ms] [WARNING] The provided value 'undefined' is not a valid enum value of type CanvasTextAlign. @ http://localhost:8000/js/rmmz_core.js:1676
[   16811ms] [WARNING] The provided value 'undefined' is not a valid enum value of type CanvasTextAlign. @ http://localhost:8000/js/rmmz_core.js:1676
[   16811ms] [WARNING] The provided value 'undefined' is not a valid enum value of type CanvasTextAlign. @ http://localhost:8000/js/rmmz_core.js:1676
[   16811ms] [WARNING] The provided value 'undefined' is not a valid enum value of type CanvasTextAlign. @ http://localhost:8000/js/rmmz_core.js:1676
[   16812ms] [WARNING] The provided value 'undefined' is not a valid enum value of type CanvasTextAlign. @ http://localhost:8000/js/rmmz_core.js:1676
[   16812ms] [WARNING] The provided value 'undefined' is not a valid enum value of type CanvasTextAlign. @ http://localhost:8000/js/rmmz_core.js:1676
[   16812ms] [WARNING] The provided value 'undefined' is not a valid enum value of type CanvasTextAlign. @ http://localhost:8000/js/rmmz_core.js:1676
[   16812ms] [WARNING] The provided value 'undefined' is not a valid enum value of type CanvasTextAlign. @ http://localhost:8000/js/rmmz_core.js:1676
[   16812ms] [WARNING] The provided value 'undefined' is not a valid enum value of type CanvasTextAlign. @ http://localhost:8000/js/rmmz_core.js:1676
[   16812ms] [WARNING] The provided value 'undefined' is not a valid enum value of type CanvasTextAlign. @ http://localhost:8000/js/rmmz_core.js:1676
[   16812ms] [WARNING] The provided value 'undefined' is not a valid enum value of type CanvasTextAlign. @ http://localhost:8000/js/rmmz_core.js:1676
[   16813ms] [WARNING] The provided value 'undefined' is not a valid enum value of type CanvasTextAlign. @ http://localhost:8000/js/rmmz_core.js:1676
[   16813ms] [WARNING] The provided value 'undefined' is not a valid enum value of type CanvasTextAlign. @ http://localhost:8000/js/rmmz_core.js:1676
[   16813ms] [WARNING] The provided value 'undefined' is not a valid enum value of type CanvasTextAlign. @ http://localhost:8000/js/rmmz_core.js:1676
[   16813ms] [WARNING] The provided value 'undefined' is not a valid enum value of type CanvasTextAlign. @ http://localhost:8000/js/rmmz_core.js:1676
[   16813ms] [WARNING] The provided value 'undefined' is not a valid enum value of type CanvasTextAlign. @ http://localhost:8000/js/rmmz_core.js:1676
[   16813ms] [WARNING] The provided value 'undefined' is not a valid enum value of type CanvasTextAlign. @ http://localhost:8000/js/rmmz_core.js:1676
[   16813ms] [WARNING] The provided value 'undefined' is not a valid enum value of type CanvasTextAlign. @ http://localhost:8000/js/rmmz_core.js:1676
[   16813ms] [WARNING] The provided value 'undefined' is not a valid enum value of type CanvasTextAlign. @ http://localhost:8000/js/rmmz_core.js:1676
[   16814ms] [WARNING] The provided value 'undefined' is not a valid enum value of type CanvasTextAlign. @ http://localhost:8000/js/rmmz_core.js:1676
[   16814ms] [WARNING] The provided value 'undefined' is not a valid enum value of type CanvasTextAlign. @ http://localhost:8000/js/rmmz_core.js:1676
[   16814ms] [WARNING] The provided value 'undefined' is not a valid enum value of type CanvasTextAlign. @ http://localhost:8000/js/rmmz_core.js:1676
[   16814ms] [WARNING] The provided value 'undefined' is not a valid enum value of type CanvasTextAlign. @ http://localhost:8000/js/rmmz_core.js:1676
[   16814ms] [WARNING] The provided value 'undefined' is not a valid enum value of type CanvasTextAlign. @ http://localhost:8000/js/rmmz_core.js:1676
[   16814ms] [WARNING] The provided value 'undefined' is not a valid enum value of type CanvasTextAlign. @ http://localhost:8000/js/rmmz_core.js:1676
[   16815ms] [WARNING] The provided value 'undefined' is not a valid enum value of type CanvasTextAlign. @ http://localhost:8000/js/rmmz_core.js:1676
[   16815ms] [WARNING] The provided value 'undefined' is not a valid enum value of type CanvasTextAlign. @ http://localhost:8000/js/rmmz_core.js:1676
[   16815ms] [WARNING] The provided value 'undefined' is not a valid enum value of type CanvasTextAlign. @ http://localhost:8000/js/rmmz_core.js:1676
[   16815ms] [WARNING] The provided value 'undefined' is not a valid enum value of type CanvasTextAlign. @ http://localhost:8000/js/rmmz_core.js:1676
[   16815ms] [WARNING] The provided value 'undefined' is not a valid enum value of type CanvasTextAlign. @ http://localhost:8000/js/rmmz_core.js:1676
[   16816ms] [WARNING] The provided value 'undefined' is not a valid enum value of type CanvasTextAlign. @ http://localhost:8000/js/rmmz_core.js:1676
[   16816ms] [WARNING] The provided value 'undefined' is not a valid enum value of type CanvasTextAlign. @ http://localhost:8000/js/rmmz_core.js:1676
[   16816ms] [WARNING] The provided value 'undefined' is not a valid enum value of type CanvasTextAlign. @ http://localhost:8000/js/rmmz_core.js:1676
[   16816ms] [WARNING] The provided value 'undefined' is not a valid enum value of type CanvasTextAlign. @ http://localhost:8000/js/rmmz_core.js:1676
[   16816ms] [WARNING] The provided value 'undefined' is not a valid enum value of type CanvasTextAlign. @ http://localhost:8000/js/rmmz_core.js:1676
[   16816ms] [WARNING] The provided value 'undefined' is not a valid enum value of type CanvasTextAlign. @ http://localhost:8000/js/rmmz_core.js:1676
[   16816ms] [WARNING] The provided value 'undefined' is not a valid enum value of type CanvasTextAlign. @ http://localhost:8000/js/rmmz_core.js:1676
[   16816ms] [WARNING] The provided value 'undefined' is not a valid enum value of type CanvasTextAlign. @ http://localhost:8000/js/rmmz_core.js:1676
[   16819ms] [WARNING] The provided value 'undefined' is not a valid enum value of type CanvasTextAlign. @ http://localhost:8000/js/rmmz_core.js:1676
[   16834ms] [WARNING] The provided value 'undefined' is not a valid enum value of type CanvasTextAlign. @ http://localhost:8000/js/rmmz_core.js:1676
[   16834ms] [WARNING] The provided value 'undefined' is not a valid enum value of type CanvasTextAlign. @ http://localhost:8000/js/rmmz_core.js:1676
[   16834ms] [WARNING] The provided value 'undefined' is not a valid enum value of type CanvasTextAlign. @ http://localhost:8000/js/rmmz_core.js:1676
[   16834ms] [WARNING] The provided value 'undefined' is not a valid enum value of type CanvasTextAlign. @ http://localhost:8000/js/rmmz_core.js:1676
[   16834ms] [WARNING] The provided value 'undefined' is not a valid enum value of type CanvasTextAlign. @ http://localhost:8000/js/rmmz_core.js:1676
[   16834ms] [WARNING] The provided value 'undefined' is not a valid enum value of type CanvasTextAlign. @ http://localhost:8000/js/rmmz_core.js:1676
[   16835ms] [WARNING] The provided value 'undefined' is not a valid enum value of type CanvasTextAlign. @ http://localhost:8000/js/rmmz_core.js:1676
[   16835ms] [WARNING] The provided value 'undefined' is not a valid enum value of type CanvasTextAlign. @ http://localhost:8000/js/rmmz_core.js:1676
[   16835ms] [WARNING] The provided value 'undefined' is not a valid enum value of type CanvasTextAlign. @ http://localhost:8000/js/rmmz_core.js:1676
[   16835ms] [WARNING] The provided value 'undefined' is not a valid enum value of type CanvasTextAlign. @ http://localhost:8000/js/rmmz_core.js:1676
[   16835ms] [WARNING] The provided value 'undefined' is not a valid enum value of type CanvasTextAlign. @ http://localhost:8000/js/rmmz_core.js:1676
[   16835ms] [WARNING] The provided value 'undefined' is not a valid enum value of type CanvasTextAlign. @ http://localhost:8000/js/rmmz_core.js:1676
[   16835ms] [WARNING] The provided value 'undefined' is not a valid enum value of type CanvasTextAlign. @ http://localhost:8000/js/rmmz_core.js:1676
[   16836ms] [WARNING] The provided value 'undefined' is not a valid enum value of type CanvasTextAlign. @ http://localhost:8000/js/rmmz_core.js:1676
[   16836ms] [WARNING] The provided value 'undefined' is not a valid enum value of type CanvasTextAlign. @ http://localhost:8000/js/rmmz_core.js:1676
[   16836ms] [WARNING] The provided value 'undefined' is not a valid enum value of type CanvasTextAlign. @ http://localhost:8000/js/rmmz_core.js:1676
[   16836ms] [WARNING] The provided value 'undefined' is not a valid enum value of type CanvasTextAlign. @ http://localhost:8000/js/rmmz_core.js:1676
[   16836ms] [WARNING] The provided value 'undefined' is not a valid enum value of type CanvasTextAlign. @ http://localhost:8000/js/rmmz_core.js:1676
[   16836ms] [WARNING] The provided value 'undefined' is not a valid enum value of type CanvasTextAlign. @ http://localhost:8000/js/rmmz_core.js:1676
[   16836ms] [WARNING] The provided value 'undefined' is not a valid enum value of type CanvasTextAlign. @ http://localhost:8000/js/rmmz_core.js:1676
[   16836ms] [WARNING] The provided value 'undefined' is not a valid enum value of type CanvasTextAlign. @ http://localhost:8000/js/rmmz_core.js:1676
[   16837ms] [WARNING] The provided value 'undefined' is not a valid enum value of type CanvasTextAlign. @ http://localhost:8000/js/rmmz_core.js:1676
[   16837ms] [WARNING] The provided value 'undefined' is not a valid enum value of type CanvasTextAlign. @ http://localhost:8000/js/rmmz_core.js:1676
[   16837ms] [WARNING] The provided value 'undefined' is not a valid enum value of type CanvasTextAlign. @ http://localhost:8000/js/rmmz_core.js:1676
[   16837ms] [WARNING] The provided value 'undefined' is not a valid enum value of type CanvasTextAlign. @ http://localhost:8000/js/rmmz_core.js:1676
[   16837ms] [WARNING] The provided value 'undefined' is not a valid enum value of type CanvasTextAlign. @ http://localhost:8000/js/rmmz_core.js:1676
[   16837ms] [WARNING] The provided value 'undefined' is not a valid enum value of type CanvasTextAlign. @ http://localhost:8000/js/rmmz_core.js:1676
[   16837ms] [WARNING] The provided value 'undefined' is not a valid enum value of type CanvasTextAlign. @ http://localhost:8000/js/rmmz_core.js:1676
[   16838ms] [WARNING] The provided value 'undefined' is not a valid enum value of type CanvasTextAlign. @ http://localhost:8000/js/rmmz_core.js:1676
[   16838ms] [WARNING] The provided value 'undefined' is not a valid enum value of type CanvasTextAlign. @ http://localhost:8000/js/rmmz_core.js:1676
[   16838ms] [WARNING] The provided value 'undefined' is not a valid enum value of type CanvasTextAlign. @ http://localhost:8000/js/rmmz_core.js:1676
[   16838ms] [WARNING] The provided value 'undefined' is not a valid enum value of type CanvasTextAlign. @ http://localhost:8000/js/rmmz_core.js:1676
[   16838ms] [WARNING] The provided value 'undefined' is not a valid enum value of type CanvasTextAlign. @ http://localhost:8000/js/rmmz_core.js:1676
[   16838ms] [WARNING] The provided value 'undefined' is not a valid enum value of type CanvasTextAlign. @ http://localhost:8000/js/rmmz_core.js:1676
[   16838ms] [WARNING] The provided value 'undefined' is not a valid enum value of type CanvasTextAlign. @ http://localhost:8000/js/rmmz_core.js:1676
[   16838ms] [WARNING] The provided value 'undefined' is not a valid enum value of type CanvasTextAlign. @ http://localhost:8000/js/rmmz_core.js:1676
[   16839ms] [WARNING] The provided value 'undefined' is not a valid enum value of type CanvasTextAlign. @ http://localhost:8000/js/rmmz_core.js:1676
[   16839ms] [WARNING] The provided value 'undefined' is not a valid enum value of type CanvasTextAlign. @ http://localhost:8000/js/rmmz_core.js:1676
[   16839ms] [WARNING] The provided value 'undefined' is not a valid enum value of type CanvasTextAlign. @ http://localhost:8000/js/rmmz_core.js:1676
[   16839ms] [WARNING] The provided value 'undefined' is not a valid enum value of type CanvasTextAlign. @ http://localhost:8000/js/rmmz_core.js:1676
[   16839ms] [WARNING] The provided value 'undefined' is not a valid enum value of type CanvasTextAlign. @ http://localhost:8000/js/rmmz_core.js:1676
[   16840ms] [WARNING] The provided value 'undefined' is not a valid enum value of type CanvasTextAlign. @ http://localhost:8000/js/rmmz_core.js:1676
[   16840ms] [WARNING] The provided value 'undefined' is not a valid enum value of type CanvasTextAlign. @ http://localhost:8000/js/rmmz_core.js:1676
[   16840ms] [WARNING] The provided value 'undefined' is not a valid enum value of type CanvasTextAlign. @ http://localhost:8000/js/rmmz_core.js:1676
[   16840ms] [WARNING] The provided value 'undefined' is not a valid enum value of type CanvasTextAlign. @ http://localhost:8000/js/rmmz_core.js:1676
[   16840ms] [WARNING] The provided value 'undefined' is not a valid enum value of type CanvasTextAlign. @ http://localhost:8000/js/rmmz_core.js:1676
[   16841ms] [WARNING] The provided value 'undefined' is not a valid enum value of type CanvasTextAlign. @ http://localhost:8000/js/rmmz_core.js:1676
[   16841ms] [WARNING] The provided value 'undefined' is not a valid enum value of type CanvasTextAlign. @ http://localhost:8000/js/rmmz_core.js:1676
[   16841ms] [WARNING] The provided value 'undefined' is not a valid enum value of type CanvasTextAlign. @ http://localhost:8000/js/rmmz_core.js:1676
[   16841ms] [WARNING] The provided value 'undefined' is not a valid enum value of type CanvasTextAlign. @ http://localhost:8000/js/rmmz_core.js:1676
[   16841ms] [WARNING] The provided value 'undefined' is not a valid enum value of type CanvasTextAlign. @ http://localhost:8000/js/rmmz_core.js:1676
[   16841ms] [WARNING] The provided value 'undefined' is not a valid enum value of type CanvasTextAlign. @ http://localhost:8000/js/rmmz_core.js:1676
[   16841ms] [WARNING] The provided value 'undefined' is not a valid enum value of type CanvasTextAlign. @ http://localhost:8000/js/rmmz_core.js:1676
[   16841ms] [WARNING] The provided value 'undefined' is not a valid enum value of type CanvasTextAlign. @ http://localhost:8000/js/rmmz_core.js:1676
[   16842ms] [WARNING] The provided value 'undefined' is not a valid enum value of type CanvasTextAlign. @ http://localhost:8000/js/rmmz_core.js:1676
[   16842ms] [WARNING] The provided value 'undefined' is not a valid enum value of type CanvasTextAlign. @ http://localhost:8000/js/rmmz_core.js:1676
[   16843ms] [WARNING] The provided value 'undefined' is not a valid enum value of type CanvasTextAlign. @ http://localhost:8000/js/rmmz_core.js:1676
[   16843ms] [WARNING] The provided value 'undefined' is not a valid enum value of type CanvasTextAlign. @ http://localhost:8000/js/rmmz_core.js:1676
[   16843ms] [WARNING] The provided value 'undefined' is not a valid enum value of type CanvasTextAlign. @ http://localhost:8000/js/rmmz_core.js:1676
[   16843ms] [WARNING] The provided value 'undefined' is not a valid enum value of type CanvasTextAlign. @ http://localhost:8000/js/rmmz_core.js:1676
[   16843ms] [WARNING] The provided value 'undefined' is not a valid enum value of type CanvasTextAlign. @ http://localhost:8000/js/rmmz_core.js:1676
[   16843ms] [WARNING] The provided value 'undefined' is not a valid enum value of type CanvasTextAlign. @ http://localhost:8000/js/rmmz_core.js:1676
[   16843ms] [WARNING] The provided value 'undefined' is not a valid enum value of type CanvasTextAlign. @ http://localhost:8000/js/rmmz_core.js:1676
[   16843ms] [WARNING] The provided value 'undefined' is not a valid enum value of type CanvasTextAlign. @ http://localhost:8000/js/rmmz_core.js:1676
[   16844ms] [WARNING] The provided value 'undefined' is not a valid enum value of type CanvasTextAlign. @ http://localhost:8000/js/rmmz_core.js:1676
[   16844ms] [WARNING] The provided value 'undefined' is not a valid enum value of type CanvasTextAlign. @ http://localhost:8000/js/rmmz_core.js:1676
[   16844ms] [WARNING] The provided value 'undefined' is not a valid enum value of type CanvasTextAlign. @ http://localhost:8000/js/rmmz_core.js:1676
[   16845ms] [WARNING] The provided value 'undefined' is not a valid enum value of type CanvasTextAlign. @ http://localhost:8000/js/rmmz_core.js:1676
[   16845ms] [WARNING] The provided value 'undefined' is not a valid enum value of type CanvasTextAlign. @ http://localhost:8000/js/rmmz_core.js:1676
[   16845ms] [WARNING] The provided value 'undefined' is not a valid enum value of type CanvasTextAlign. @ http://localhost:8000/js/rmmz_core.js:1676
[   16845ms] [WARNING] The provided value 'undefined' is not a valid enum value of type CanvasTextAlign. @ http://localhost:8000/js/rmmz_core.js:1676
[   16845ms] [WARNING] The provided value 'undefined' is not a valid enum value of type CanvasTextAlign. @ http://localhost:8000/js/rmmz_core.js:1676
[   16845ms] [WARNING] The provided value 'undefined' is not a valid enum value of type CanvasTextAlign. @ http://localhost:8000/js/rmmz_core.js:1676
[   16845ms] [WARNING] The provided value 'undefined' is not a valid enum value of type CanvasTextAlign. @ http://localhost:8000/js/rmmz_core.js:1676
[   16845ms] [WARNING] The provided value 'undefined' is not a valid enum value of type CanvasTextAlign. @ http://localhost:8000/js/rmmz_core.js:1676
[   16846ms] [WARNING] The provided value 'undefined' is not a valid enum value of type CanvasTextAlign. @ http://localhost:8000/js/rmmz_core.js:1676
[   16846ms] [WARNING] The provided value 'undefined' is not a valid enum value of type CanvasTextAlign. @ http://localhost:8000/js/rmmz_core.js:1676
[   16846ms] [WARNING] The provided value 'undefined' is not a valid enum value of type CanvasTextAlign. @ http://localhost:8000/js/rmmz_core.js:1676
[   16846ms] [WARNING] The provided value 'undefined' is not a valid enum value of type CanvasTextAlign. @ http://localhost:8000/js/rmmz_core.js:1676
[   16846ms] [WARNING] The provided value 'undefined' is not a valid enum value of type CanvasTextAlign. @ http://localhost:8000/js/rmmz_core.js:1676
[   16846ms] [WARNING] The provided value 'undefined' is not a valid enum value of type CanvasTextAlign. @ http://localhost:8000/js/rmmz_core.js:1676
[   16846ms] [WARNING] The provided value 'undefined' is not a valid enum value of type CanvasTextAlign. @ http://localhost:8000/js/rmmz_core.js:1676
[   16846ms] [WARNING] The provided value 'undefined' is not a valid enum value of type CanvasTextAlign. @ http://localhost:8000/js/rmmz_core.js:1676
[   16847ms] [WARNING] The provided value 'undefined' is not a valid enum value of type CanvasTextAlign. @ http://localhost:8000/js/rmmz_core.js:1676
[   16847ms] [WARNING] The provided value 'undefined' is not a valid enum value of type CanvasTextAlign. @ http://localhost:8000/js/rmmz_core.js:1676
[   16847ms] [WARNING] The provided value 'undefined' is not a valid enum value of type CanvasTextAlign. @ http://localhost:8000/js/rmmz_core.js:1676
[   16847ms] [WARNING] The provided value 'undefined' is not a valid enum value of type CanvasTextAlign. @ http://localhost:8000/js/rmmz_core.js:1676
[   16847ms] [WARNING] The provided value 'undefined' is not a valid enum value of type CanvasTextAlign. @ http://localhost:8000/js/rmmz_core.js:1676
[   16847ms] [WARNING] The provided value 'undefined' is not a valid enum value of type CanvasTextAlign. @ http://localhost:8000/js/rmmz_core.js:1676
[   16847ms] [WARNING] The provided value 'undefined' is not a valid enum value of type CanvasTextAlign. @ http://localhost:8000/js/rmmz_core.js:1676
[   16847ms] [WARNING] The provided value 'undefined' is not a valid enum value of type CanvasTextAlign. @ http://localhost:8000/js/rmmz_core.js:1676
[   16848ms] [WARNING] The provided value 'undefined' is not a valid enum value of type CanvasTextAlign. @ http://localhost:8000/js/rmmz_core.js:1676
[   16848ms] [WARNING] The provided value 'undefined' is not a valid enum value of type CanvasTextAlign. @ http://localhost:8000/js/rmmz_core.js:1676
[   16848ms] [WARNING] The provided value 'undefined' is not a valid enum value of type CanvasTextAlign. @ http://localhost:8000/js/rmmz_core.js:1676
[   16849ms] [WARNING] The provided value 'undefined' is not a valid enum value of type CanvasTextAlign. @ http://localhost:8000/js/rmmz_core.js:1676
[   16849ms] [WARNING] The provided value 'undefined' is not a valid enum value of type CanvasTextAlign. @ http://localhost:8000/js/rmmz_core.js:1676
[   16849ms] [WARNING] The provided value 'undefined' is not a valid enum value of type CanvasTextAlign. @ http://localhost:8000/js/rmmz_core.js:1676
[   16849ms] [WARNING] The provided value 'undefined' is not a valid enum value of type CanvasTextAlign. @ http://localhost:8000/js/rmmz_core.js:1676
[   16849ms] [WARNING] The provided value 'undefined' is not a valid enum value of type CanvasTextAlign. @ http://localhost:8000/js/rmmz_core.js:1676
[   16849ms] [WARNING] The provided value 'undefined' is not a valid enum value of type CanvasTextAlign. @ http://localhost:8000/js/rmmz_core.js:1676
[   16849ms] [WARNING] The provided value 'undefined' is not a valid enum value of type CanvasTextAlign. @ http://localhost:8000/js/rmmz_core.js:1676
[   16849ms] [WARNING] The provided value 'undefined' is not a valid enum value of type CanvasTextAlign. @ http://localhost:8000/js/rmmz_core.js:1676
[   16850ms] [WARNING] The provided value 'undefined' is not a valid enum value of type CanvasTextAlign. @ http://localhost:8000/js/rmmz_core.js:1676
[   16850ms] [WARNING] The provided value 'undefined' is not a valid enum value of type CanvasTextAlign. @ http://localhost:8000/js/rmmz_core.js:1676
[   16850ms] [WARNING] The provided value 'undefined' is not a valid enum value of type CanvasTextAlign. @ http://localhost:8000/js/rmmz_core.js:1676
[   16850ms] [WARNING] The provided value 'undefined' is not a valid enum value of type CanvasTextAlign. @ http://localhost:8000/js/rmmz_core.js:1676
[   16850ms] [WARNING] The provided value 'undefined' is not a valid enum value of type CanvasTextAlign. @ http://localhost:8000/js/rmmz_core.js:1676
[   16850ms] [WARNING] The provided value 'undefined' is not a valid enum value of type CanvasTextAlign. @ http://localhost:8000/js/rmmz_core.js:1676
[   16851ms] [WARNING] The provided value 'undefined' is not a valid enum value of type CanvasTextAlign. @ http://localhost:8000/js/rmmz_core.js:1676
[   16851ms] [WARNING] The provided value 'undefined' is not a valid enum value of type CanvasTextAlign. @ http://localhost:8000/js/rmmz_core.js:1676
[   16851ms] [WARNING] The provided value 'undefined' is not a valid enum value of type CanvasTextAlign. @ http://localhost:8000/js/rmmz_core.js:1676
[   16851ms] [WARNING] The provided value 'undefined' is not a valid enum value of type CanvasTextAlign. @ http://localhost:8000/js/rmmz_core.js:1676
[   16851ms] [WARNING] The provided value 'undefined' is not a valid enum value of type CanvasTextAlign. @ http://localhost:8000/js/rmmz_core.js:1676
[   16851ms] [WARNING] The provided value 'undefined' is not a valid enum value of type CanvasTextAlign. @ http://localhost:8000/js/rmmz_core.js:1676
[   16851ms] [WARNING] The provided value 'undefined' is not a valid enum value of type CanvasTextAlign. @ http://localhost:8000/js/rmmz_core.js:1676
[   16851ms] [WARNING] The provided value 'undefined' is not a valid enum value of type CanvasTextAlign. @ http://localhost:8000/js/rmmz_core.js:1676
[   16852ms] [WARNING] The provided value 'undefined' is not a valid enum value of type CanvasTextAlign. @ http://localhost:8000/js/rmmz_core.js:1676
[   16852ms] [WARNING] The provided value 'undefined' is not a valid enum value of type CanvasTextAlign. @ http://localhost:8000/js/rmmz_core.js:1676
[   16852ms] [WARNING] The provided value 'undefined' is not a valid enum value of type CanvasTextAlign. @ http://localhost:8000/js/rmmz_core.js:1676
[   16852ms] [WARNING] The provided value 'undefined' is not a valid enum value of type CanvasTextAlign. @ http://localhost:8000/js/rmmz_core.js:1676
[   16852ms] [WARNING] The provided value 'undefined' is not a valid enum value of type CanvasTextAlign. @ http://localhost:8000/js/rmmz_core.js:1676
[   16852ms] [WARNING] The provided value 'undefined' is not a valid enum value of type CanvasTextAlign. @ http://localhost:8000/js/rmmz_core.js:1676
[   16852ms] [WARNING] The provided value 'undefined' is not a valid enum value of type CanvasTextAlign. @ http://localhost:8000/js/rmmz_core.js:1676
[   16852ms] [WARNING] The provided value 'undefined' is not a valid enum value of type CanvasTextAlign. @ http://localhost:8000/js/rmmz_core.js:1676
[   16853ms] [WARNING] The provided value 'undefined' is not a valid enum value of type CanvasTextAlign. @ http://localhost:8000/js/rmmz_core.js:1676
[   16853ms] [WARNING] The provided value 'undefined' is not a valid enum value of type CanvasTextAlign. @ http://localhost:8000/js/rmmz_core.js:1676
[   16853ms] [WARNING] The provided value 'undefined' is not a valid enum value of type CanvasTextAlign. @ http://localhost:8000/js/rmmz_core.js:1676
[   16853ms] [WARNING] The provided value 'undefined' is not a valid enum value of type CanvasTextAlign. @ http://localhost:8000/js/rmmz_core.js:1676
[   16853ms] [WARNING] The provided value 'undefined' is not a valid enum value of type CanvasTextAlign. @ http://localhost:8000/js/rmmz_core.js:1676
[   16853ms] [WARNING] The provided value 'undefined' is not a valid enum value of type CanvasTextAlign. @ http://localhost:8000/js/rmmz_core.js:1676
[   16854ms] [WARNING] The provided value 'undefined' is not a valid enum value of type CanvasTextAlign. @ http://localhost:8000/js/rmmz_core.js:1676
[   16854ms] [WARNING] The provided value 'undefined' is not a valid enum value of type CanvasTextAlign. @ http://localhost:8000/js/rmmz_core.js:1676
[   16854ms] [WARNING] The provided value 'undefined' is not a valid enum value of type CanvasTextAlign. @ http://localhost:8000/js/rmmz_core.js:1676
[   16854ms] [WARNING] The provided value 'undefined' is not a valid enum value of type CanvasTextAlign. @ http://localhost:8000/js/rmmz_core.js:1676
[   16854ms] [WARNING] The provided value 'undefined' is not a valid enum value of type CanvasTextAlign. @ http://localhost:8000/js/rmmz_core.js:1676
[   16854ms] [WARNING] The provided value 'undefined' is not a valid enum value of type CanvasTextAlign. @ http://localhost:8000/js/rmmz_core.js:1676
[   16855ms] [WARNING] The provided value 'undefined' is not a valid enum value of type CanvasTextAlign. @ http://localhost:8000/js/rmmz_core.js:1676
[   16874ms] [WARNING] The provided value 'undefined' is not a valid enum value of type CanvasTextAlign. @ http://localhost:8000/js/rmmz_core.js:1676
[   16887ms] [WARNING] The provided value 'undefined' is not a valid enum value of type CanvasTextAlign. @ http://localhost:8000/js/rmmz_core.js:1676
[   16908ms] [WARNING] The provided value 'undefined' is not a valid enum value of type CanvasTextAlign. @ http://localhost:8000/js/rmmz_core.js:1676
[   16921ms] [WARNING] The provided value 'undefined' is not a valid enum value of type CanvasTextAlign. @ http://localhost:8000/js/rmmz_core.js:1676
[   16948ms] [WARNING] The provided value 'undefined' is not a valid enum value of type CanvasTextAlign. @ http://localhost:8000/js/rmmz_core.js:1676
[   16962ms] [WARNING] The provided value 'undefined' is not a valid enum value of type CanvasTextAlign. @ http://localhost:8000/js/rmmz_core.js:1676
[   16962ms] [WARNING] The provided value 'undefined' is not a valid enum value of type CanvasTextAlign. @ http://localhost:8000/js/rmmz_core.js:1676
[   16963ms] [WARNING] The provided value 'undefined' is not a valid enum value of type CanvasTextAlign. @ http://localhost:8000/js/rmmz_core.js:1676
[   16963ms] [WARNING] The provided value 'undefined' is not a valid enum value of type CanvasTextAlign. @ http://localhost:8000/js/rmmz_core.js:1676
[   16963ms] [WARNING] The provided value 'undefined' is not a valid enum value of type CanvasTextAlign. @ http://localhost:8000/js/rmmz_core.js:1676
[   16964ms] [WARNING] The provided value 'undefined' is not a valid enum value of type CanvasTextAlign. @ http://localhost:8000/js/rmmz_core.js:1676
[   16964ms] [WARNING] The provided value 'undefined' is not a valid enum value of type CanvasTextAlign. @ http://localhost:8000/js/rmmz_core.js:1676
[   16964ms] [WARNING] The provided value 'undefined' is not a valid enum value of type CanvasTextAlign. @ http://localhost:8000/js/rmmz_core.js:1676
[   16964ms] [WARNING] The provided value 'undefined' is not a valid enum value of type CanvasTextAlign. @ http://localhost:8000/js/rmmz_core.js:1676
[   16964ms] [WARNING] The provided value 'undefined' is not a valid enum value of type CanvasTextAlign. @ http://localhost:8000/js/rmmz_core.js:1676
[   16964ms] [WARNING] The provided value 'undefined' is not a valid enum value of type CanvasTextAlign. @ http://localhost:8000/js/rmmz_core.js:1676
[   16964ms] [WARNING] The provided value 'undefined' is not a valid enum value of type CanvasTextAlign. @ http://localhost:8000/js/rmmz_core.js:1676
[   16965ms] [WARNING] The provided value 'undefined' is not a valid enum value of type CanvasTextAlign. @ http://localhost:8000/js/rmmz_core.js:1676
[   16965ms] [WARNING] The provided value 'undefined' is not a valid enum value of type CanvasTextAlign. @ http://localhost:8000/js/rmmz_core.js:1676
[   16965ms] [WARNING] The provided value 'undefined' is not a valid enum value of type CanvasTextAlign. @ http://localhost:8000/js/rmmz_core.js:1676
[   16965ms] [WARNING] The provided value 'undefined' is not a valid enum value of type CanvasTextAlign. @ http://localhost:8000/js/rmmz_core.js:1676
[   16965ms] [WARNING] The provided value 'undefined' is not a valid enum value of type CanvasTextAlign. @ http://localhost:8000/js/rmmz_core.js:1676
[   16965ms] [WARNING] The provided value 'undefined' is not a valid enum value of type CanvasTextAlign. @ http://localhost:8000/js/rmmz_core.js:1676
[   16966ms] [WARNING] The provided value 'undefined' is not a valid enum value of type CanvasTextAlign. @ http://localhost:8000/js/rmmz_core.js:1676
[   16988ms] [WARNING] The provided value 'undefined' is not a valid enum value of type CanvasTextAlign. @ http://localhost:8000/js/rmmz_core.js:1676
[   17002ms] [WARNING] The provided value 'undefined' is not a valid enum value of type CanvasTextAlign. @ http://localhost:8000/js/rmmz_core.js:1676
[   17016ms] [WARNING] The provided value 'undefined' is not a valid enum value of type CanvasTextAlign. @ http://localhost:8000/js/rmmz_core.js:1676
[   17029ms] [WARNING] The provided value 'undefined' is not a valid enum value of type CanvasTextAlign. @ http://localhost:8000/js/rmmz_core.js:1676
[   17044ms] [WARNING] The provided value 'undefined' is not a valid enum value of type CanvasTextAlign. @ http://localhost:8000/js/rmmz_core.js:1676
[   17071ms] [WARNING] The provided value 'undefined' is not a valid enum value of type CanvasTextAlign. @ http://localhost:8000/js/rmmz_core.js:1676
[   17072ms] [WARNING] The provided value 'undefined' is not a valid enum value of type CanvasTextAlign. @ http://localhost:8000/js/rmmz_core.js:1676
[   17072ms] [WARNING] The provided value 'undefined' is not a valid enum value of type CanvasTextAlign. @ http://localhost:8000/js/rmmz_core.js:1676
[   17072ms] [WARNING] The provided value 'undefined' is not a valid enum value of type CanvasTextAlign. @ http://localhost:8000/js/rmmz_core.js:1676
[   17073ms] [WARNING] The provided value 'undefined' is not a valid enum value of type CanvasTextAlign. @ http://localhost:8000/js/rmmz_core.js:1676
[   17073ms] [WARNING] The provided value 'undefined' is not a valid enum value of type CanvasTextAlign. @ http://localhost:8000/js/rmmz_core.js:1676
[   17073ms] [WARNING] The provided value 'undefined' is not a valid enum value of type CanvasTextAlign. @ http://localhost:8000/js/rmmz_core.js:1676
[   17073ms] [WARNING] The provided value 'undefined' is not a valid enum value of type CanvasTextAlign. @ http://localhost:8000/js/rmmz_core.js:1676
[   17074ms] [WARNING] The provided value 'undefined' is not a valid enum value of type CanvasTextAlign. @ http://localhost:8000/js/rmmz_core.js:1676
[   17074ms] [WARNING] The provided value 'undefined' is not a valid enum value of type CanvasTextAlign. @ http://localhost:8000/js/rmmz_core.js:1676
[   17085ms] [WARNING] The provided value 'undefined' is not a valid enum value of type CanvasTextAlign. @ http://localhost:8000/js/rmmz_core.js:1676
[   17100ms] [WARNING] The provided value 'undefined' is not a valid enum value of type CanvasTextAlign. @ http://localhost:8000/js/rmmz_core.js:1676
[   17114ms] [WARNING] The provided value 'undefined' is not a valid enum value of type CanvasTextAlign. @ http://localhost:8000/js/rmmz_core.js:1676
[   17114ms] [WARNING] The provided value 'undefined' is not a valid enum value of type CanvasTextAlign. @ http://localhost:8000/js/rmmz_core.js:1676
[   17130ms] [WARNING] The provided value 'undefined' is not a valid enum value of type CanvasTextAlign. @ http://localhost:8000/js/rmmz_core.js:1676
[   17130ms] [WARNING] The provided value 'undefined' is not a valid enum value of type CanvasTextAlign. @ http://localhost:8000/js/rmmz_core.js:1676
[   17144ms] [WARNING] The provided value 'undefined' is not a valid enum value of type CanvasTextAlign. @ http://localhost:8000/js/rmmz_core.js:1676
[   17144ms] [WARNING] The provided value 'undefined' is not a valid enum value of type CanvasTextAlign. @ http://localhost:8000/js/rmmz_core.js:1676
[   17158ms] [WARNING] The provided value 'undefined' is not a valid enum value of type CanvasTextAlign. @ http://localhost:8000/js/rmmz_core.js:1676
[   17159ms] [WARNING] The provided value 'undefined' is not a valid enum value of type CanvasTextAlign. @ http://localhost:8000/js/rmmz_core.js:1676
[   17159ms] [WARNING] The provided value 'undefined' is not a valid enum value of type CanvasTextAlign. @ http://localhost:8000/js/rmmz_core.js:1676
[   17159ms] [WARNING] The provided value 'undefined' is not a valid enum value of type CanvasTextAlign. @ http://localhost:8000/js/rmmz_core.js:1676
[   17160ms] [WARNING] The provided value 'undefined' is not a valid enum value of type CanvasTextAlign. @ http://localhost:8000/js/rmmz_core.js:1676
[   17160ms] [WARNING] The provided value 'undefined' is not a valid enum value of type CanvasTextAlign. @ http://localhost:8000/js/rmmz_core.js:1676
[   17160ms] [WARNING] The provided value 'undefined' is not a valid enum value of type CanvasTextAlign. @ http://localhost:8000/js/rmmz_core.js:1676
[   17161ms] [WARNING] The provided value 'undefined' is not a valid enum value of type CanvasTextAlign. @ http://localhost:8000/js/rmmz_core.js:1676
[   17161ms] [WARNING] The provided value 'undefined' is not a valid enum value of type CanvasTextAlign. @ http://localhost:8000/js/rmmz_core.js:1676
[   17161ms] [WARNING] The provided value 'undefined' is not a valid enum value of type CanvasTextAlign. @ http://localhost:8000/js/rmmz_core.js:1676
[   17185ms] [WARNING] The provided value 'undefined' is not a valid enum value of type CanvasTextAlign. @ http://localhost:8000/js/rmmz_core.js:1676
[   17198ms] [WARNING] The provided value 'undefined' is not a valid enum value of type CanvasTextAlign. @ http://localhost:8000/js/rmmz_core.js:1676
[   17213ms] [WARNING] The provided value 'undefined' is not a valid enum value of type CanvasTextAlign. @ http://localhost:8000/js/rmmz_core.js:1676
[   17226ms] [WARNING] The provided value 'undefined' is not a valid enum value of type CanvasTextAlign. @ http://localhost:8000/js/rmmz_core.js:1676
[   17238ms] [WARNING] The provided value 'undefined' is not a valid enum value of type CanvasTextAlign. @ http://localhost:8000/js/rmmz_core.js:1676
[   17263ms] [WARNING] The provided value 'undefined' is not a valid enum value of type CanvasTextAlign. @ http://localhost:8000/js/rmmz_core.js:1676
[   17264ms] [WARNING] The provided value 'undefined' is not a valid enum value of type CanvasTextAlign. @ http://localhost:8000/js/rmmz_core.js:1676
[   17264ms] [WARNING] The provided value 'undefined' is not a valid enum value of type CanvasTextAlign. @ http://localhost:8000/js/rmmz_core.js:1676
[   17264ms] [WARNING] The provided value 'undefined' is not a valid enum value of type CanvasTextAlign. @ http://localhost:8000/js/rmmz_core.js:1676
[   17265ms] [WARNING] The provided value 'undefined' is not a valid enum value of type CanvasTextAlign. @ http://localhost:8000/js/rmmz_core.js:1676
[   17265ms] [WARNING] The provided value 'undefined' is not a valid enum value of type CanvasTextAlign. @ http://localhost:8000/js/rmmz_core.js:1676
[   17265ms] [WARNING] The provided value 'undefined' is not a valid enum value of type CanvasTextAlign. @ http://localhost:8000/js/rmmz_core.js:1676
[   17266ms] [WARNING] The provided value 'undefined' is not a valid enum value of type CanvasTextAlign. @ http://localhost:8000/js/rmmz_core.js:1676
[   17266ms] [WARNING] The provided value 'undefined' is not a valid enum value of type CanvasTextAlign. @ http://localhost:8000/js/rmmz_core.js:1676
[   17266ms] [WARNING] The provided value 'undefined' is not a valid enum value of type CanvasTextAlign. @ http://localhost:8000/js/rmmz_core.js:1676
[   17275ms] [WARNING] The provided value 'undefined' is not a valid enum value of type CanvasTextAlign. @ http://localhost:8000/js/rmmz_core.js:1676
[   17300ms] [WARNING] The provided value 'undefined' is not a valid enum value of type CanvasTextAlign. @ http://localhost:8000/js/rmmz_core.js:1676
[   17314ms] [WARNING] The provided value 'undefined' is not a valid enum value of type CanvasTextAlign. @ http://localhost:8000/js/rmmz_core.js:1676
[   17327ms] [WARNING] The provided value 'undefined' is not a valid enum value of type CanvasTextAlign. @ http://localhost:8000/js/rmmz_core.js:1676
[   17339ms] [WARNING] The provided value 'undefined' is not a valid enum value of type CanvasTextAlign. @ http://localhost:8000/js/rmmz_core.js:1676
[   17364ms] [WARNING] The provided value 'undefined' is not a valid enum value of type CanvasTextAlign. @ http://localhost:8000/js/rmmz_core.js:1676
[   17364ms] [WARNING] The provided value 'undefined' is not a valid enum value of type CanvasTextAlign. @ http://localhost:8000/js/rmmz_core.js:1676
[   17365ms] [WARNING] The provided value 'undefined' is not a valid enum value of type CanvasTextAlign. @ http://localhost:8000/js/rmmz_core.js:1676
[   17365ms] [WARNING] The provided value 'undefined' is not a valid enum value of type CanvasTextAlign. @ http://localhost:8000/js/rmmz_core.js:1676
[   17365ms] [WARNING] The provided value 'undefined' is not a valid enum value of type CanvasTextAlign. @ http://localhost:8000/js/rmmz_core.js:1676
[   17365ms] [WARNING] The provided value 'undefined' is not a valid enum value of type CanvasTextAlign. @ http://localhost:8000/js/rmmz_core.js:1676
[   17366ms] [WARNING] The provided value 'undefined' is not a valid enum value of type CanvasTextAlign. @ http://localhost:8000/js/rmmz_core.js:1676
[   17366ms] [WARNING] The provided value 'undefined' is not a valid enum value of type CanvasTextAlign. @ http://localhost:8000/js/rmmz_core.js:1676
[   17366ms] [WARNING] The provided value 'undefined' is not a valid enum value of type CanvasTextAlign. @ http://localhost:8000/js/rmmz_core.js:1676
[   17366ms] [WARNING] The provided value 'undefined' is not a valid enum value of type CanvasTextAlign. @ http://localhost:8000/js/rmmz_core.js:1676
[   17388ms] [WARNING] The provided value 'undefined' is not a valid enum value of type CanvasTextAlign. @ http://localhost:8000/js/rmmz_core.js:1676
[   17399ms] [WARNING] The provided value 'undefined' is not a valid enum value of type CanvasTextAlign. @ http://localhost:8000/js/rmmz_core.js:1676
[   17414ms] [WARNING] The provided value 'undefined' is not a valid enum value of type CanvasTextAlign. @ http://localhost:8000/js/rmmz_core.js:1676
[   17438ms] [WARNING] The provided value 'undefined' is not a valid enum value of type CanvasTextAlign. @ http://localhost:8000/js/rmmz_core.js:1676
[   17450ms] [WARNING] The provided value 'undefined' is not a valid enum value of type CanvasTextAlign. @ http://localhost:8000/js/rmmz_core.js:1676
[   17463ms] [WARNING] The provided value 'undefined' is not a valid enum value of type CanvasTextAlign. @ http://localhost:8000/js/rmmz_core.js:1676
[   17464ms] [WARNING] The provided value 'undefined' is not a valid enum value of type CanvasTextAlign. @ http://localhost:8000/js/rmmz_core.js:1676
[   17464ms] [WARNING] The provided value 'undefined' is not a valid enum value of type CanvasTextAlign. @ http://localhost:8000/js/rmmz_core.js:1676
[   17464ms] [WARNING] The provided value 'undefined' is not a valid enum value of type CanvasTextAlign. @ http://localhost:8000/js/rmmz_core.js:1676
[   17464ms] [WARNING] The provided value 'undefined' is not a valid enum value of type CanvasTextAlign. @ http://localhost:8000/js/rmmz_core.js:1676
[   17465ms] [WARNING] The provided value 'undefined' is not a valid enum value of type CanvasTextAlign. @ http://localhost:8000/js/rmmz_core.js:1676
[   17465ms] [WARNING] The provided value 'undefined' is not a valid enum value of type CanvasTextAlign. @ http://localhost:8000/js/rmmz_core.js:1676
[   17465ms] [WARNING] The provided value 'undefined' is not a valid enum value of type CanvasTextAlign. @ http://localhost:8000/js/rmmz_core.js:1676
[   17465ms] [WARNING] The provided value 'undefined' is not a valid enum value of type CanvasTextAlign. @ http://localhost:8000/js/rmmz_core.js:1676
[   17466ms] [WARNING] The provided value 'undefined' is not a valid enum value of type CanvasTextAlign. @ http://localhost:8000/js/rmmz_core.js:1676
[   17488ms] [WARNING] The provided value 'undefined' is not a valid enum value of type CanvasTextAlign. @ http://localhost:8000/js/rmmz_core.js:1676
[   17500ms] [WARNING] The provided value 'undefined' is not a valid enum value of type CanvasTextAlign. @ http://localhost:8000/js/rmmz_core.js:1676
[   17514ms] [WARNING] The provided value 'undefined' is not a valid enum value of type CanvasTextAlign. @ http://localhost:8000/js/rmmz_core.js:1676
[   17539ms] [WARNING] The provided value 'undefined' is not a valid enum value of type CanvasTextAlign. @ http://localhost:8000/js/rmmz_core.js:1676
[   17552ms] [WARNING] The provided value 'undefined' is not a valid enum value of type CanvasTextAlign. @ http://localhost:8000/js/rmmz_core.js:1676
[   17564ms] [WARNING] The provided value 'undefined' is not a valid enum value of type CanvasTextAlign. @ http://localhost:8000/js/rmmz_core.js:1676
[   17565ms] [WARNING] The provided value 'undefined' is not a valid enum value of type CanvasTextAlign. @ http://localhost:8000/js/rmmz_core.js:1676
[   17565ms] [WARNING] The provided value 'undefined' is not a valid enum value of type CanvasTextAlign. @ http://localhost:8000/js/rmmz_core.js:1676
[   17565ms] [WARNING] The provided value 'undefined' is not a valid enum value of type CanvasTextAlign. @ http://localhost:8000/js/rmmz_core.js:1676
[   17565ms] [WARNING] The provided value 'undefined' is not a valid enum value of type CanvasTextAlign. @ http://localhost:8000/js/rmmz_core.js:1676
[   17565ms] [WARNING] The provided value 'undefined' is not a valid enum value of type CanvasTextAlign. @ http://localhost:8000/js/rmmz_core.js:1676
[   17566ms] [WARNING] The provided value 'undefined' is not a valid enum value of type CanvasTextAlign. @ http://localhost:8000/js/rmmz_core.js:1676
[   17566ms] [WARNING] The provided value 'undefined' is not a valid enum value of type CanvasTextAlign. @ http://localhost:8000/js/rmmz_core.js:1676
[   17566ms] [WARNING] The provided value 'undefined' is not a valid enum value of type CanvasTextAlign. @ http://localhost:8000/js/rmmz_core.js:1676
[   17566ms] [WARNING] The provided value 'undefined' is not a valid enum value of type CanvasTextAlign. @ http://localhost:8000/js/rmmz_core.js:1676
[   17577ms] [WARNING] The provided value 'undefined' is not a valid enum value of type CanvasTextAlign. @ http://localhost:8000/js/rmmz_core.js:1676
[   17600ms] [WARNING] The provided value 'undefined' is not a valid enum value of type CanvasTextAlign. @ http://localhost:8000/js/rmmz_core.js:1676
[   17614ms] [WARNING] The provided value 'undefined' is not a valid enum value of type CanvasTextAlign. @ http://localhost:8000/js/rmmz_core.js:1676
[   17639ms] [WARNING] The provided value 'undefined' is not a valid enum value of type CanvasTextAlign. @ http://localhost:8000/js/rmmz_core.js:1676
[   17651ms] [WARNING] The provided value 'undefined' is not a valid enum value of type CanvasTextAlign. @ http://localhost:8000/js/rmmz_core.js:1676
[   17664ms] [WARNING] The provided value 'undefined' is not a valid enum value of type CanvasTextAlign. @ http://localhost:8000/js/rmmz_core.js:1676
[   17665ms] [WARNING] The provided value 'undefined' is not a valid enum value of type CanvasTextAlign. @ http://localhost:8000/js/rmmz_core.js:1676
[   17665ms] [WARNING] The provided value 'undefined' is not a valid enum value of type CanvasTextAlign. @ http://localhost:8000/js/rmmz_core.js:1676
[   17665ms] [WARNING] The provided value 'undefined' is not a valid enum value of type CanvasTextAlign. @ http://localhost:8000/js/rmmz_core.js:1676
[   17665ms] [WARNING] The provided value 'undefined' is not a valid enum value of type CanvasTextAlign. @ http://localhost:8000/js/rmmz_core.js:1676
[   17666ms] [WARNING] The provided value 'undefined' is not a valid enum value of type CanvasTextAlign. @ http://localhost:8000/js/rmmz_core.js:1676
[   17666ms] [WARNING] The provided value 'undefined' is not a valid enum value of type CanvasTextAlign. @ http://localhost:8000/js/rmmz_core.js:1676
[   17666ms] [WARNING] The provided value 'undefined' is not a valid enum value of type CanvasTextAlign. @ http://localhost:8000/js/rmmz_core.js:1676
[   17666ms] [WARNING] The provided value 'undefined' is not a valid enum value of type CanvasTextAlign. @ http://localhost:8000/js/rmmz_core.js:1676
[   17667ms] [WARNING] The provided value 'undefined' is not a valid enum value of type CanvasTextAlign. @ http://localhost:8000/js/rmmz_core.js:1676
[   17676ms] [WARNING] The provided value 'undefined' is not a valid enum value of type CanvasTextAlign. @ http://localhost:8000/js/rmmz_core.js:1676
[   17689ms] [WARNING] The provided value 'undefined' is not a valid enum value of type CanvasTextAlign. @ http://localhost:8000/js/rmmz_core.js:1676
[   17715ms] [WARNING] The provided value 'undefined' is not a valid enum value of type CanvasTextAlign. @ http://localhost:8000/js/rmmz_core.js:1676
[   17727ms] [WARNING] The provided value 'undefined' is not a valid enum value of type CanvasTextAlign. @ http://localhost:8000/js/rmmz_core.js:1676
[   17740ms] [WARNING] The provided value 'undefined' is not a valid enum value of type CanvasTextAlign. @ http://localhost:8000/js/rmmz_core.js:1676
[   17765ms] [WARNING] The provided value 'undefined' is not a valid enum value of type CanvasTextAlign. @ http://localhost:8000/js/rmmz_core.js:1676
[   17765ms] [WARNING] The provided value 'undefined' is not a valid enum value of type CanvasTextAlign. @ http://localhost:8000/js/rmmz_core.js:1676
[   17765ms] [WARNING] The provided value 'undefined' is not a valid enum value of type CanvasTextAlign. @ http://localhost:8000/js/rmmz_core.js:1676
[   17765ms] [WARNING] The provided value 'undefined' is not a valid enum value of type CanvasTextAlign. @ http://localhost:8000/js/rmmz_core.js:1676
[   17766ms] [WARNING] The provided value 'undefined' is not a valid enum value of type CanvasTextAlign. @ http://localhost:8000/js/rmmz_core.js:1676
[   17766ms] [WARNING] The provided value 'undefined' is not a valid enum value of type CanvasTextAlign. @ http://localhost:8000/js/rmmz_core.js:1676
[   17766ms] [WARNING] The provided value 'undefined' is not a valid enum value of type CanvasTextAlign. @ http://localhost:8000/js/rmmz_core.js:1676
[   17767ms] [WARNING] The provided value 'undefined' is not a valid enum value of type CanvasTextAlign. @ http://localhost:8000/js/rmmz_core.js:1676
[   17767ms] [WARNING] The provided value 'undefined' is not a valid enum value of type CanvasTextAlign. @ http://localhost:8000/js/rmmz_core.js:1676
[   17767ms] [WARNING] The provided value 'undefined' is not a valid enum value of type CanvasTextAlign. @ http://localhost:8000/js/rmmz_core.js:1676
[   17789ms] [WARNING] The provided value 'undefined' is not a valid enum value of type CanvasTextAlign. @ http://localhost:8000/js/rmmz_core.js:1676
[   17801ms] [WARNING] The provided value 'undefined' is not a valid enum value of type CanvasTextAlign. @ http://localhost:8000/js/rmmz_core.js:1676
[   17815ms] [WARNING] The provided value 'undefined' is not a valid enum value of type CanvasTextAlign. @ http://localhost:8000/js/rmmz_core.js:1676
[   17827ms] [WARNING] The provided value 'undefined' is not a valid enum value of type CanvasTextAlign. @ http://localhost:8000/js/rmmz_core.js:1676
[   17839ms] [WARNING] The provided value 'undefined' is not a valid enum value of type CanvasTextAlign. @ http://localhost:8000/js/rmmz_core.js:1676
[   17865ms] [WARNING] The provided value 'undefined' is not a valid enum value of type CanvasTextAlign. @ http://localhost:8000/js/rmmz_core.js:1676
[   17865ms] [WARNING] The provided value 'undefined' is not a valid enum value of type CanvasTextAlign. @ http://localhost:8000/js/rmmz_core.js:1676
[   17865ms] [WARNING] The provided value 'undefined' is not a valid enum value of type CanvasTextAlign. @ http://localhost:8000/js/rmmz_core.js:1676
[   17865ms] [WARNING] The provided value 'undefined' is not a valid enum value of type CanvasTextAlign. @ http://localhost:8000/js/rmmz_core.js:1676
[   17866ms] [WARNING] The provided value 'undefined' is not a valid enum value of type CanvasTextAlign. @ http://localhost:8000/js/rmmz_core.js:1676
[   17866ms] [WARNING] The provided value 'undefined' is not a valid enum value of type CanvasTextAlign. @ http://localhost:8000/js/rmmz_core.js:1676
[   17866ms] [WARNING] The provided value 'undefined' is not a valid enum value of type CanvasTextAlign. @ http://localhost:8000/js/rmmz_core.js:1676
[   17867ms] [WARNING] The provided value 'undefined' is not a valid enum value of type CanvasTextAlign. @ http://localhost:8000/js/rmmz_core.js:1676
[   17867ms] [WARNING] The provided value 'undefined' is not a valid enum value of type CanvasTextAlign. @ http://localhost:8000/js/rmmz_core.js:1676
[   17867ms] [WARNING] The provided value 'undefined' is not a valid enum value of type CanvasTextAlign. @ http://localhost:8000/js/rmmz_core.js:1676
[   17889ms] [WARNING] The provided value 'undefined' is not a valid enum value of type CanvasTextAlign. @ http://localhost:8000/js/rmmz_core.js:1676
[   17901ms] [WARNING] The provided value 'undefined' is not a valid enum value of type CanvasTextAlign. @ http://localhost:8000/js/rmmz_core.js:1676
[   17914ms] [WARNING] The provided value 'undefined' is not a valid enum value of type CanvasTextAlign. @ http://localhost:8000/js/rmmz_core.js:1676
[   17939ms] [WARNING] The provided value 'undefined' is not a valid enum value of type CanvasTextAlign. @ http://localhost:8000/js/rmmz_core.js:1676
[   17952ms] [WARNING] The provided value 'undefined' is not a valid enum value of type CanvasTextAlign. @ http://localhost:8000/js/rmmz_core.js:1676
[   17964ms] [WARNING] The provided value 'undefined' is not a valid enum value of type CanvasTextAlign. @ http://localhost:8000/js/rmmz_core.js:1676
[   17965ms] [WARNING] The provided value 'undefined' is not a valid enum value of type CanvasTextAlign. @ http://localhost:8000/js/rmmz_core.js:1676
[   17965ms] [WARNING] The provided value 'undefined' is not a valid enum value of type CanvasTextAlign. @ http://localhost:8000/js/rmmz_core.js:1676
[   17965ms] [WARNING] The provided value 'undefined' is not a valid enum value of type CanvasTextAlign. @ http://localhost:8000/js/rmmz_core.js:1676
[   17965ms] [WARNING] The provided value 'undefined' is not a valid enum value of type CanvasTextAlign. @ http://localhost:8000/js/rmmz_core.js:1676
[   17966ms] [WARNING] The provided value 'undefined' is not a valid enum value of type CanvasTextAlign. @ http://localhost:8000/js/rmmz_core.js:1676
[   17966ms] [WARNING] The provided value 'undefined' is not a valid enum value of type CanvasTextAlign. @ http://localhost:8000/js/rmmz_core.js:1676
[   17966ms] [WARNING] The provided value 'undefined' is not a valid enum value of type CanvasTextAlign. @ http://localhost:8000/js/rmmz_core.js:1676
[   17966ms] [WARNING] The provided value 'undefined' is not a valid enum value of type CanvasTextAlign. @ http://localhost:8000/js/rmmz_core.js:1676
[   17966ms] [WARNING] The provided value 'undefined' is not a valid enum value of type CanvasTextAlign. @ http://localhost:8000/js/rmmz_core.js:1676
[   17988ms] [WARNING] The provided value 'undefined' is not a valid enum value of type CanvasTextAlign. @ http://localhost:8000/js/rmmz_core.js:1676
[   18000ms] [WARNING] The provided value 'undefined' is not a valid enum value of type CanvasTextAlign. @ http://localhost:8000/js/rmmz_core.js:1676
[   18014ms] [WARNING] The provided value 'undefined' is not a valid enum value of type CanvasTextAlign. @ http://localhost:8000/js/rmmz_core.js:1676
[   18026ms] [WARNING] The provided value 'undefined' is not a valid enum value of type CanvasTextAlign. @ http://localhost:8000/js/rmmz_core.js:1676
[   18038ms] [WARNING] The provided value 'undefined' is not a valid enum value of type CanvasTextAlign. @ http://localhost:8000/js/rmmz_core.js:1676
[   18064ms] [WARNING] The provided value 'undefined' is not a valid enum value of type CanvasTextAlign. @ http://localhost:8000/js/rmmz_core.js:1676
[   18065ms] [WARNING] The provided value 'undefined' is not a valid enum value of type CanvasTextAlign. @ http://localhost:8000/js/rmmz_core.js:1676
[   18065ms] [WARNING] The provided value 'undefined' is not a valid enum value of type CanvasTextAlign. @ http://localhost:8000/js/rmmz_core.js:1676
[   18065ms] [WARNING] The provided value 'undefined' is not a valid enum value of type CanvasTextAlign. @ http://localhost:8000/js/rmmz_core.js:1676
[   18065ms] [WARNING] The provided value 'undefined' is not a valid enum value of type CanvasTextAlign. @ http://localhost:8000/js/rmmz_core.js:1676
[   18066ms] [WARNING] The provided value 'undefined' is not a valid enum value of type CanvasTextAlign. @ http://localhost:8000/js/rmmz_core.js:1676
[   18066ms] [WARNING] The provided value 'undefined' is not a valid enum value of type CanvasTextAlign. @ http://localhost:8000/js/rmmz_core.js:1676
[   18066ms] [WARNING] The provided value 'undefined' is not a valid enum value of type CanvasTextAlign. @ http://localhost:8000/js/rmmz_core.js:1676
[   18066ms] [WARNING] The provided value 'undefined' is not a valid enum value of type CanvasTextAlign. @ http://localhost:8000/js/rmmz_core.js:1676
[   18067ms] [WARNING] The provided value 'undefined' is not a valid enum value of type CanvasTextAlign. @ http://localhost:8000/js/rmmz_core.js:1676
[   18089ms] [WARNING] The provided value 'undefined' is not a valid enum value of type CanvasTextAlign. @ http://localhost:8000/js/rmmz_core.js:1676
[   18090ms] [WARNING] The provided value 'undefined' is not a valid enum value of type CanvasTextAlign. @ http://localhost:8000/js/rmmz_core.js:1676
[   18101ms] [WARNING] The provided value 'undefined' is not a valid enum value of type CanvasTextAlign. @ http://localhost:8000/js/rmmz_core.js:1676
[   18101ms] [WARNING] The provided value 'undefined' is not a valid enum value of type CanvasTextAlign. @ http://localhost:8000/js/rmmz_core.js:1676
[   18115ms] [WARNING] The provided value 'undefined' is not a valid enum value of type CanvasTextAlign. @ http://localhost:8000/js/rmmz_core.js:1676
[   18115ms] [WARNING] The provided value 'undefined' is not a valid enum value of type CanvasTextAlign. @ http://localhost:8000/js/rmmz_core.js:1676
[   18128ms] [WARNING] The provided value 'undefined' is not a valid enum value of type CanvasTextAlign. @ http://localhost:8000/js/rmmz_core.js:1676
[   18153ms] [WARNING] The provided value 'undefined' is not a valid enum value of type CanvasTextAlign. @ http://localhost:8000/js/rmmz_core.js:1676
[   18165ms] [WARNING] The provided value 'undefined' is not a valid enum value of type CanvasTextAlign. @ http://localhost:8000/js/rmmz_core.js:1676
[   18165ms] [WARNING] The provided value 'undefined' is not a valid enum value of type CanvasTextAlign. @ http://localhost:8000/js/rmmz_core.js:1676
[   18165ms] [WARNING] The provided value 'undefined' is not a valid enum value of type CanvasTextAlign. @ http://localhost:8000/js/rmmz_core.js:1676
[   18166ms] [WARNING] The provided value 'undefined' is not a valid enum value of type CanvasTextAlign. @ http://localhost:8000/js/rmmz_core.js:1676
[   18166ms] [WARNING] The provided value 'undefined' is not a valid enum value of type CanvasTextAlign. @ http://localhost:8000/js/rmmz_core.js:1676
[   18166ms] [WARNING] The provided value 'undefined' is not a valid enum value of type CanvasTextAlign. @ http://localhost:8000/js/rmmz_core.js:1676
[   18167ms] [WARNING] The provided value 'undefined' is not a valid enum value of type CanvasTextAlign. @ http://localhost:8000/js/rmmz_core.js:1676
[   18167ms] [WARNING] The provided value 'undefined' is not a valid enum value of type CanvasTextAlign. @ http://localhost:8000/js/rmmz_core.js:1676
[   18167ms] [WARNING] The provided value 'undefined' is not a valid enum value of type CanvasTextAlign. @ http://localhost:8000/js/rmmz_core.js:1676
[   18167ms] [WARNING] The provided value 'undefined' is not a valid enum value of type CanvasTextAlign. @ http://localhost:8000/js/rmmz_core.js:1676
[   18167ms] [WARNING] The provided value 'undefined' is not a valid enum value of type CanvasTextAlign. @ http://localhost:8000/js/rmmz_core.js:1676
[   18167ms] [WARNING] The provided value 'undefined' is not a valid enum value of type CanvasTextAlign. @ http://localhost:8000/js/rmmz_core.js:1676
[   18167ms] [WARNING] The provided value 'undefined' is not a valid enum value of type CanvasTextAlign. @ http://localhost:8000/js/rmmz_core.js:1676
[   18168ms] [WARNING] The provided value 'undefined' is not a valid enum value of type CanvasTextAlign. @ http://localhost:8000/js/rmmz_core.js:1676
[   18168ms] [WARNING] The provided value 'undefined' is not a valid enum value of type CanvasTextAlign. @ http://localhost:8000/js/rmmz_core.js:1676
[   18168ms] [WARNING] The provided value 'undefined' is not a valid enum value of type CanvasTextAlign. @ http://localhost:8000/js/rmmz_core.js:1676
[   18168ms] [WARNING] The provided value 'undefined' is not a valid enum value of type CanvasTextAlign. @ http://localhost:8000/js/rmmz_core.js:1676
[   18168ms] [WARNING] The provided value 'undefined' is not a valid enum value of type CanvasTextAlign. @ http://localhost:8000/js/rmmz_core.js:1676
[   18168ms] [WARNING] The provided value 'undefined' is not a valid enum value of type CanvasTextAlign. @ http://localhost:8000/js/rmmz_core.js:1676
[   18189ms] [WARNING] The provided value 'undefined' is not a valid enum value of type CanvasTextAlign. @ http://localhost:8000/js/rmmz_core.js:1676
[   18203ms] [WARNING] The provided value 'undefined' is not a valid enum value of type CanvasTextAlign. @ http://localhost:8000/js/rmmz_core.js:1676
[   18215ms] [WARNING] The provided value 'undefined' is not a valid enum value of type CanvasTextAlign. @ http://localhost:8000/js/rmmz_core.js:1676
[   18240ms] [WARNING] The provided value 'undefined' is not a valid enum value of type CanvasTextAlign. @ http://localhost:8000/js/rmmz_core.js:1676
[   18252ms] [WARNING] The provided value 'undefined' is not a valid enum value of type CanvasTextAlign. @ http://localhost:8000/js/rmmz_core.js:1676
[   18266ms] [WARNING] The provided value 'undefined' is not a valid enum value of type CanvasTextAlign. @ http://localhost:8000/js/rmmz_core.js:1676
[   18266ms] [WARNING] The provided value 'undefined' is not a valid enum value of type CanvasTextAlign. @ http://localhost:8000/js/rmmz_core.js:1676
[   18267ms] [WARNING] The provided value 'undefined' is not a valid enum value of type CanvasTextAlign. @ http://localhost:8000/js/rmmz_core.js:1676
[   18267ms] [WARNING] The provided value 'undefined' is not a valid enum value of type CanvasTextAlign. @ http://localhost:8000/js/rmmz_core.js:1676
[   18267ms] [WARNING] The provided value 'undefined' is not a valid enum value of type CanvasTextAlign. @ http://localhost:8000/js/rmmz_core.js:1676
[   18267ms] [WARNING] The provided value 'undefined' is not a valid enum value of type CanvasTextAlign. @ http://localhost:8000/js/rmmz_core.js:1676
[   18267ms] [WARNING] The provided value 'undefined' is not a valid enum value of type CanvasTextAlign. @ http://localhost:8000/js/rmmz_core.js:1676
[   18268ms] [WARNING] The provided value 'undefined' is not a valid enum value of type CanvasTextAlign. @ http://localhost:8000/js/rmmz_core.js:1676
[   18268ms] [WARNING] The provided value 'undefined' is not a valid enum value of type CanvasTextAlign. @ http://localhost:8000/js/rmmz_core.js:1676
[   18268ms] [WARNING] The provided value 'undefined' is not a valid enum value of type CanvasTextAlign. @ http://localhost:8000/js/rmmz_core.js:1676
[   18278ms] [WARNING] The provided value 'undefined' is not a valid enum value of type CanvasTextAlign. @ http://localhost:8000/js/rmmz_core.js:1676
[   18290ms] [WARNING] The provided value 'undefined' is not a valid enum value of type CanvasTextAlign. @ http://localhost:8000/js/rmmz_core.js:1676
[   18317ms] [WARNING] The provided value 'undefined' is not a valid enum value of type CanvasTextAlign. @ http://localhost:8000/js/rmmz_core.js:1676
[   18329ms] [WARNING] The provided value 'undefined' is not a valid enum value of type CanvasTextAlign. @ http://localhost:8000/js/rmmz_core.js:1676
[   18353ms] [WARNING] The provided value 'undefined' is not a valid enum value of type CanvasTextAlign. @ http://localhost:8000/js/rmmz_core.js:1676
[   18365ms] [WARNING] The provided value 'undefined' is not a valid enum value of type CanvasTextAlign. @ http://localhost:8000/js/rmmz_core.js:1676
[   18366ms] [WARNING] The provided value 'undefined' is not a valid enum value of type CanvasTextAlign. @ http://localhost:8000/js/rmmz_core.js:1676
[   18366ms] [WARNING] The provided value 'undefined' is not a valid enum value of type CanvasTextAlign. @ http://localhost:8000/js/rmmz_core.js:1676
[   18366ms] [WARNING] The provided value 'undefined' is not a valid enum value of type CanvasTextAlign. @ http://localhost:8000/js/rmmz_core.js:1676
[   18366ms] [WARNING] The provided value 'undefined' is not a valid enum value of type CanvasTextAlign. @ http://localhost:8000/js/rmmz_core.js:1676
[   18367ms] [WARNING] The provided value 'undefined' is not a valid enum value of type CanvasTextAlign. @ http://localhost:8000/js/rmmz_core.js:1676
[   18367ms] [WARNING] The provided value 'undefined' is not a valid enum value of type CanvasTextAlign. @ http://localhost:8000/js/rmmz_core.js:1676
[   18368ms] [WARNING] The provided value 'undefined' is not a valid enum value of type CanvasTextAlign. @ http://localhost:8000/js/rmmz_core.js:1676
[   18368ms] [WARNING] The provided value 'undefined' is not a valid enum value of type CanvasTextAlign. @ http://localhost:8000/js/rmmz_core.js:1676
[   18368ms] [WARNING] The provided value 'undefined' is not a valid enum value of type CanvasTextAlign. @ http://localhost:8000/js/rmmz_core.js:1676
[   18378ms] [WARNING] The provided value 'undefined' is not a valid enum value of type CanvasTextAlign. @ http://localhost:8000/js/rmmz_core.js:1676
[   18389ms] [WARNING] The provided value 'undefined' is not a valid enum value of type CanvasTextAlign. @ http://localhost:8000/js/rmmz_core.js:1676
[   18416ms] [WARNING] The provided value 'undefined' is not a valid enum value of type CanvasTextAlign. @ http://localhost:8000/js/rmmz_core.js:1676
[   18429ms] [WARNING] The provided value 'undefined' is not a valid enum value of type CanvasTextAlign. @ http://localhost:8000/js/rmmz_core.js:1676
[   18454ms] [WARNING] The provided value 'undefined' is not a valid enum value of type CanvasTextAlign. @ http://localhost:8000/js/rmmz_core.js:1676
[   18467ms] [WARNING] The provided value 'undefined' is not a valid enum value of type CanvasTextAlign. @ http://localhost:8000/js/rmmz_core.js:1676
[   18467ms] [WARNING] The provided value 'undefined' is not a valid enum value of type CanvasTextAlign. @ http://localhost:8000/js/rmmz_core.js:1676
[   18467ms] [WARNING] The provided value 'undefined' is not a valid enum value of type CanvasTextAlign. @ http://localhost:8000/js/rmmz_core.js:1676
[   18467ms] [WARNING] The provided value 'undefined' is not a valid enum value of type CanvasTextAlign. @ http://localhost:8000/js/rmmz_core.js:1676
[   18468ms] [WARNING] The provided value 'undefined' is not a valid enum value of type CanvasTextAlign. @ http://localhost:8000/js/rmmz_core.js:1676
[   18468ms] [WARNING] The provided value 'undefined' is not a valid enum value of type CanvasTextAlign. @ http://localhost:8000/js/rmmz_core.js:1676
[   18468ms] [WARNING] The provided value 'undefined' is not a valid enum value of type CanvasTextAlign. @ http://localhost:8000/js/rmmz_core.js:1676
[   18469ms] [WARNING] The provided value 'undefined' is not a valid enum value of type CanvasTextAlign. @ http://localhost:8000/js/rmmz_core.js:1676
[   18469ms] [WARNING] The provided value 'undefined' is not a valid enum value of type CanvasTextAlign. @ http://localhost:8000/js/rmmz_core.js:1676
[   18469ms] [WARNING] The provided value 'undefined' is not a valid enum value of type CanvasTextAlign. @ http://localhost:8000/js/rmmz_core.js:1676
[   18479ms] [WARNING] The provided value 'undefined' is not a valid enum value of type CanvasTextAlign. @ http://localhost:8000/js/rmmz_core.js:1676
[   18504ms] [WARNING] The provided value 'undefined' is not a valid enum value of type CanvasTextAlign. @ http://localhost:8000/js/rmmz_core.js:1676
[   18517ms] [WARNING] The provided value 'undefined' is not a valid enum value of type CanvasTextAlign. @ http://localhost:8000/js/rmmz_core.js:1676
[   18529ms] [WARNING] The provided value 'undefined' is not a valid enum value of type CanvasTextAlign. @ http://localhost:8000/js/rmmz_core.js:1676
[   18554ms] [WARNING] The provided value 'undefined' is not a valid enum value of type CanvasTextAlign. @ http://localhost:8000/js/rmmz_core.js:1676
[   18566ms] [WARNING] The provided value 'undefined' is not a valid enum value of type CanvasTextAlign. @ http://localhost:8000/js/rmmz_core.js:1676
[   18566ms] [WARNING] The provided value 'undefined' is not a valid enum value of type CanvasTextAlign. @ http://localhost:8000/js/rmmz_core.js:1676
[   18566ms] [WARNING] The provided value 'undefined' is not a valid enum value of type CanvasTextAlign. @ http://localhost:8000/js/rmmz_core.js:1676
[   18567ms] [WARNING] The provided value 'undefined' is not a valid enum value of type CanvasTextAlign. @ http://localhost:8000/js/rmmz_core.js:1676
[   18567ms] [WARNING] The provided value 'undefined' is not a valid enum value of type CanvasTextAlign. @ http://localhost:8000/js/rmmz_core.js:1676
[   18567ms] [WARNING] The provided value 'undefined' is not a valid enum value of type CanvasTextAlign. @ http://localhost:8000/js/rmmz_core.js:1676
[   18567ms] [WARNING] The provided value 'undefined' is not a valid enum value of type CanvasTextAlign. @ http://localhost:8000/js/rmmz_core.js:1676
[   18568ms] [WARNING] The provided value 'undefined' is not a valid enum value of type CanvasTextAlign. @ http://localhost:8000/js/rmmz_core.js:1676
[   18568ms] [WARNING] The provided value 'undefined' is not a valid enum value of type CanvasTextAlign. @ http://localhost:8000/js/rmmz_core.js:1676
[   18568ms] [WARNING] The provided value 'undefined' is not a valid enum value of type CanvasTextAlign. @ http://localhost:8000/js/rmmz_core.js:1676
[   18578ms] [WARNING] The provided value 'undefined' is not a valid enum value of type CanvasTextAlign. @ http://localhost:8000/js/rmmz_core.js:1676
[   18602ms] [WARNING] The provided value 'undefined' is not a valid enum value of type CanvasTextAlign. @ http://localhost:8000/js/rmmz_core.js:1676
[   18616ms] [WARNING] The provided value 'undefined' is not a valid enum value of type CanvasTextAlign. @ http://localhost:8000/js/rmmz_core.js:1676
[   18629ms] [WARNING] The provided value 'undefined' is not a valid enum value of type CanvasTextAlign. @ http://localhost:8000/js/rmmz_core.js:1676
[   18656ms] [WARNING] The provided value 'undefined' is not a valid enum value of type CanvasTextAlign. @ http://localhost:8000/js/rmmz_core.js:1676
[   18671ms] [WARNING] The provided value 'undefined' is not a valid enum value of type CanvasTextAlign. @ http://localhost:8000/js/rmmz_core.js:1676
[   18671ms] [WARNING] The provided value 'undefined' is not a valid enum value of type CanvasTextAlign. @ http://localhost:8000/js/rmmz_core.js:1676
[   18671ms] [WARNING] The provided value 'undefined' is not a valid enum value of type CanvasTextAlign. @ http://localhost:8000/js/rmmz_core.js:1676
[   18671ms] [WARNING] The provided value 'undefined' is not a valid enum value of type CanvasTextAlign. @ http://localhost:8000/js/rmmz_core.js:1676
[   18672ms] [WARNING] The provided value 'undefined' is not a valid enum value of type CanvasTextAlign. @ http://localhost:8000/js/rmmz_core.js:1676
[   18672ms] [WARNING] The provided value 'undefined' is not a valid enum value of type CanvasTextAlign. @ http://localhost:8000/js/rmmz_core.js:1676
[   18672ms] [WARNING] The provided value 'undefined' is not a valid enum value of type CanvasTextAlign. @ http://localhost:8000/js/rmmz_core.js:1676
[   18673ms] [WARNING] The provided value 'undefined' is not a valid enum value of type CanvasTextAlign. @ http://localhost:8000/js/rmmz_core.js:1676
[   18673ms] [WARNING] The provided value 'undefined' is not a valid enum value of type CanvasTextAlign. @ http://localhost:8000/js/rmmz_core.js:1676
[   18673ms] [WARNING] The provided value 'undefined' is not a valid enum value of type CanvasTextAlign. @ http://localhost:8000/js/rmmz_core.js:1676
[   18684ms] [WARNING] The provided value 'undefined' is not a valid enum value of type CanvasTextAlign. @ http://localhost:8000/js/rmmz_core.js:1676
[   18697ms] [WARNING] The provided value 'undefined' is not a valid enum value of type CanvasTextAlign. @ http://localhost:8000/js/rmmz_core.js:1676
[   18711ms] [WARNING] The provided value 'undefined' is not a valid enum value of type CanvasTextAlign. @ http://localhost:8000/js/rmmz_core.js:1676
[   18727ms] [WARNING] The provided value 'undefined' is not a valid enum value of type CanvasTextAlign. @ http://localhost:8000/js/rmmz_core.js:1676
[   18742ms] [WARNING] The provided value 'undefined' is not a valid enum value of type CanvasTextAlign. @ http://localhost:8000/js/rmmz_core.js:1676
[   18757ms] [WARNING] The provided value 'undefined' is not a valid enum value of type CanvasTextAlign. @ http://localhost:8000/js/rmmz_core.js:1676
[   18757ms] [WARNING] The provided value 'undefined' is not a valid enum value of type CanvasTextAlign. @ http://localhost:8000/js/rmmz_core.js:1676
[   18757ms] [WARNING] The provided value 'undefined' is not a valid enum value of type CanvasTextAlign. @ http://localhost:8000/js/rmmz_core.js:1676
[   18757ms] [WARNING] The provided value 'undefined' is not a valid enum value of type CanvasTextAlign. @ http://localhost:8000/js/rmmz_core.js:1676
[   18758ms] [WARNING] The provided value 'undefined' is not a valid enum value of type CanvasTextAlign. @ http://localhost:8000/js/rmmz_core.js:1676
[   18758ms] [WARNING] The provided value 'undefined' is not a valid enum value of type CanvasTextAlign. @ http://localhost:8000/js/rmmz_core.js:1676
[   18758ms] [WARNING] The provided value 'undefined' is not a valid enum value of type CanvasTextAlign. @ http://localhost:8000/js/rmmz_core.js:1676
[   18759ms] [WARNING] The provided value 'undefined' is not a valid enum value of type CanvasTextAlign. @ http://localhost:8000/js/rmmz_core.js:1676
[   18759ms] [WARNING] The provided value 'undefined' is not a valid enum value of type CanvasTextAlign. @ http://localhost:8000/js/rmmz_core.js:1676
[   18759ms] [WARNING] The provided value 'undefined' is not a valid enum value of type CanvasTextAlign. @ http://localhost:8000/js/rmmz_core.js:1676
[   18785ms] [WARNING] The provided value 'undefined' is not a valid enum value of type CanvasTextAlign. @ http://localhost:8000/js/rmmz_core.js:1676
[   18816ms] [WARNING] The provided value 'undefined' is not a valid enum value of type CanvasTextAlign. @ http://localhost:8000/js/rmmz_core.js:1676
[   18829ms] [WARNING] The provided value 'undefined' is not a valid enum value of type CanvasTextAlign. @ http://localhost:8000/js/rmmz_core.js:1676
[   18843ms] [WARNING] The provided value 'undefined' is not a valid enum value of type CanvasTextAlign. @ http://localhost:8000/js/rmmz_core.js:1676
[   18858ms] [WARNING] The provided value 'undefined' is not a valid enum value of type CanvasTextAlign. @ http://localhost:8000/js/rmmz_core.js:1676
[   18872ms] [WARNING] The provided value 'undefined' is not a valid enum value of type CanvasTextAlign. @ http://localhost:8000/js/rmmz_core.js:1676
[   18873ms] [WARNING] The provided value 'undefined' is not a valid enum value of type CanvasTextAlign. @ http://localhost:8000/js/rmmz_core.js:1676
[   18873ms] [WARNING] The provided value 'undefined' is not a valid enum value of type CanvasTextAlign. @ http://localhost:8000/js/rmmz_core.js:1676
[   18873ms] [WARNING] The provided value 'undefined' is not a valid enum value of type CanvasTextAlign. @ http://localhost:8000/js/rmmz_core.js:1676
[   18873ms] [WARNING] The provided value 'undefined' is not a valid enum value of type CanvasTextAlign. @ http://localhost:8000/js/rmmz_core.js:1676
[   18874ms] [WARNING] The provided value 'undefined' is not a valid enum value of type CanvasTextAlign. @ http://localhost:8000/js/rmmz_core.js:1676
[   18874ms] [WARNING] The provided value 'undefined' is not a valid enum value of type CanvasTextAlign. @ http://localhost:8000/js/rmmz_core.js:1676
[   18874ms] [WARNING] The provided value 'undefined' is not a valid enum value of type CanvasTextAlign. @ http://localhost:8000/js/rmmz_core.js:1676
[   18874ms] [WARNING] The provided value 'undefined' is not a valid enum value of type CanvasTextAlign. @ http://localhost:8000/js/rmmz_core.js:1676
[   18875ms] [WARNING] The provided value 'undefined' is not a valid enum value of type CanvasTextAlign. @ http://localhost:8000/js/rmmz_core.js:1676
[   18886ms] [WARNING] The provided value 'undefined' is not a valid enum value of type CanvasTextAlign. @ http://localhost:8000/js/rmmz_core.js:1676
[   18913ms] [WARNING] The provided value 'undefined' is not a valid enum value of type CanvasTextAlign. @ http://localhost:8000/js/rmmz_core.js:1676
[   18941ms] [WARNING] The provided value 'undefined' is not a valid enum value of type CanvasTextAlign. @ http://localhost:8000/js/rmmz_core.js:1676
[   18953ms] [WARNING] The provided value 'undefined' is not a valid enum value of type CanvasTextAlign. @ http://localhost:8000/js/rmmz_core.js:1676
[   18966ms] [WARNING] The provided value 'undefined' is not a valid enum value of type CanvasTextAlign. @ http://localhost:8000/js/rmmz_core.js:1676
[   18979ms] [WARNING] The provided value 'undefined' is not a valid enum value of type CanvasTextAlign. @ http://localhost:8000/js/rmmz_core.js:1676
[   18979ms] [WARNING] The provided value 'undefined' is not a valid enum value of type CanvasTextAlign. @ http://localhost:8000/js/rmmz_core.js:1676
[   18979ms] [WARNING] The provided value 'undefined' is not a valid enum value of type CanvasTextAlign. @ http://localhost:8000/js/rmmz_core.js:1676
[   18979ms] [WARNING] The provided value 'undefined' is not a valid enum value of type CanvasTextAlign. @ http://localhost:8000/js/rmmz_core.js:1676
[   18980ms] [WARNING] The provided value 'undefined' is not a valid enum value of type CanvasTextAlign. @ http://localhost:8000/js/rmmz_core.js:1676
[   18980ms] [WARNING] The provided value 'undefined' is not a valid enum value of type CanvasTextAlign. @ http://localhost:8000/js/rmmz_core.js:1676
[   18980ms] [WARNING] The provided value 'undefined' is not a valid enum value of type CanvasTextAlign. @ http://localhost:8000/js/rmmz_core.js:1676
[   18981ms] [WARNING] The provided value 'undefined' is not a valid enum value of type CanvasTextAlign. @ http://localhost:8000/js/rmmz_core.js:1676
[   18981ms] [WARNING] The provided value 'undefined' is not a valid enum value of type CanvasTextAlign. @ http://localhost:8000/js/rmmz_core.js:1676
[   18981ms] [WARNING] The provided value 'undefined' is not a valid enum value of type CanvasTextAlign. @ http://localhost:8000/js/rmmz_core.js:1676
[   19003ms] [WARNING] The provided value 'undefined' is not a valid enum value of type CanvasTextAlign. @ http://localhost:8000/js/rmmz_core.js:1676
[   19016ms] [WARNING] The provided value 'undefined' is not a valid enum value of type CanvasTextAlign. @ http://localhost:8000/js/rmmz_core.js:1676
[   19030ms] [WARNING] The provided value 'undefined' is not a valid enum value of type CanvasTextAlign. @ http://localhost:8000/js/rmmz_core.js:1676
[   19055ms] [WARNING] The provided value 'undefined' is not a valid enum value of type CanvasTextAlign. @ http://localhost:8000/js/rmmz_core.js:1676
[   19067ms] [WARNING] The provided value 'undefined' is not a valid enum value of type CanvasTextAlign. @ http://localhost:8000/js/rmmz_core.js:1676
[   19079ms] [WARNING] The provided value 'undefined' is not a valid enum value of type CanvasTextAlign. @ http://localhost:8000/js/rmmz_core.js:1676
[   19079ms] [WARNING] The provided value 'undefined' is not a valid enum value of type CanvasTextAlign. @ http://localhost:8000/js/rmmz_core.js:1676
[   19079ms] [WARNING] The provided value 'undefined' is not a valid enum value of type CanvasTextAlign. @ http://localhost:8000/js/rmmz_core.js:1676
[   19079ms] [WARNING] The provided value 'undefined' is not a valid enum value of type CanvasTextAlign. @ http://localhost:8000/js/rmmz_core.js:1676
[   19080ms] [WARNING] The provided value 'undefined' is not a valid enum value of type CanvasTextAlign. @ http://localhost:8000/js/rmmz_core.js:1676
[   19080ms] [WARNING] The provided value 'undefined' is not a valid enum value of type CanvasTextAlign. @ http://localhost:8000/js/rmmz_core.js:1676
[   19080ms] [WARNING] The provided value 'undefined' is not a valid enum value of type CanvasTextAlign. @ http://localhost:8000/js/rmmz_core.js:1676
[   19081ms] [WARNING] The provided value 'undefined' is not a valid enum value of type CanvasTextAlign. @ http://localhost:8000/js/rmmz_core.js:1676
[   19081ms] [WARNING] The provided value 'undefined' is not a valid enum value of type CanvasTextAlign. @ http://localhost:8000/js/rmmz_core.js:1676
[   19081ms] [WARNING] The provided value 'undefined' is not a valid enum value of type CanvasTextAlign. @ http://localhost:8000/js/rmmz_core.js:1676
[   19091ms] [WARNING] The provided value 'undefined' is not a valid enum value of type CanvasTextAlign. @ http://localhost:8000/js/rmmz_core.js:1676
[   19115ms] [WARNING] The provided value 'undefined' is not a valid enum value of type CanvasTextAlign. @ http://localhost:8000/js/rmmz_core.js:1676
[   19129ms] [WARNING] The provided value 'undefined' is not a valid enum value of type CanvasTextAlign. @ http://localhost:8000/js/rmmz_core.js:1676
[   19154ms] [WARNING] The provided value 'undefined' is not a valid enum value of type CanvasTextAlign. @ http://localhost:8000/js/rmmz_core.js:1676
[   19166ms] [WARNING] The provided value 'undefined' is not a valid enum value of type CanvasTextAlign. @ http://localhost:8000/js/rmmz_core.js:1676
[   19178ms] [WARNING] The provided value 'undefined' is not a valid enum value of type CanvasTextAlign. @ http://localhost:8000/js/rmmz_core.js:1676
[   19179ms] [WARNING] The provided value 'undefined' is not a valid enum value of type CanvasTextAlign. @ http://localhost:8000/js/rmmz_core.js:1676
[   19179ms] [WARNING] The provided value 'undefined' is not a valid enum value of type CanvasTextAlign. @ http://localhost:8000/js/rmmz_core.js:1676
[   19179ms] [WARNING] The provided value 'undefined' is not a valid enum value of type CanvasTextAlign. @ http://localhost:8000/js/rmmz_core.js:1676
[   19179ms] [WARNING] The provided value 'undefined' is not a valid enum value of type CanvasTextAlign. @ http://localhost:8000/js/rmmz_core.js:1676
[   19180ms] [WARNING] The provided value 'undefined' is not a valid enum value of type CanvasTextAlign. @ http://localhost:8000/js/rmmz_core.js:1676
[   19180ms] [WARNING] The provided value 'undefined' is not a valid enum value of type CanvasTextAlign. @ http://localhost:8000/js/rmmz_core.js:1676
[   19180ms] [WARNING] The provided value 'undefined' is not a valid enum value of type CanvasTextAlign. @ http://localhost:8000/js/rmmz_core.js:1676
[   19180ms] [WARNING] The provided value 'undefined' is not a valid enum value of type CanvasTextAlign. @ http://localhost:8000/js/rmmz_core.js:1676
[   19181ms] [WARNING] The provided value 'undefined' is not a valid enum value of type CanvasTextAlign. @ http://localhost:8000/js/rmmz_core.js:1676
[   19203ms] [WARNING] The provided value 'undefined' is not a valid enum value of type CanvasTextAlign. @ http://localhost:8000/js/rmmz_core.js:1676
[   19203ms] [WARNING] The provided value 'undefined' is not a valid enum value of type CanvasTextAlign. @ http://localhost:8000/js/rmmz_core.js:1676
[   19215ms] [WARNING] The provided value 'undefined' is not a valid enum value of type CanvasTextAlign. @ http://localhost:8000/js/rmmz_core.js:1676
[   19215ms] [WARNING] The provided value 'undefined' is not a valid enum value of type CanvasTextAlign. @ http://localhost:8000/js/rmmz_core.js:1676
[   19230ms] [WARNING] The provided value 'undefined' is not a valid enum value of type CanvasTextAlign. @ http://localhost:8000/js/rmmz_core.js:1676
[   19230ms] [WARNING] The provided value 'undefined' is not a valid enum value of type CanvasTextAlign. @ http://localhost:8000/js/rmmz_core.js:1676
[   19243ms] [WARNING] The provided value 'undefined' is not a valid enum value of type CanvasTextAlign. @ http://localhost:8000/js/rmmz_core.js:1676
[   19267ms] [WARNING] The provided value 'undefined' is not a valid enum value of type CanvasTextAlign. @ http://localhost:8000/js/rmmz_core.js:1676
[   19279ms] [WARNING] The provided value 'undefined' is not a valid enum value of type CanvasTextAlign. @ http://localhost:8000/js/rmmz_core.js:1676
[   19280ms] [WARNING] The provided value 'undefined' is not a valid enum value of type CanvasTextAlign. @ http://localhost:8000/js/rmmz_core.js:1676
[   19280ms] [WARNING] The provided value 'undefined' is not a valid enum value of type CanvasTextAlign. @ http://localhost:8000/js/rmmz_core.js:1676
[   19280ms] [WARNING] The provided value 'undefined' is not a valid enum value of type CanvasTextAlign. @ http://localhost:8000/js/rmmz_core.js:1676
[   19280ms] [WARNING] The provided value 'undefined' is not a valid enum value of type CanvasTextAlign. @ http://localhost:8000/js/rmmz_core.js:1676
[   19281ms] [WARNING] The provided value 'undefined' is not a valid enum value of type CanvasTextAlign. @ http://localhost:8000/js/rmmz_core.js:1676
[   19281ms] [WARNING] The provided value 'undefined' is not a valid enum value of type CanvasTextAlign. @ http://localhost:8000/js/rmmz_core.js:1676
[   19281ms] [WARNING] The provided value 'undefined' is not a valid enum value of type CanvasTextAlign. @ http://localhost:8000/js/rmmz_core.js:1676
[   19281ms] [WARNING] The provided value 'undefined' is not a valid enum value of type CanvasTextAlign. @ http://localhost:8000/js/rmmz_core.js:1676
[   19282ms] [WARNING] The provided value 'undefined' is not a valid enum value of type CanvasTextAlign. @ http://localhost:8000/js/rmmz_core.js:1676
[   19304ms] [WARNING] The provided value 'undefined' is not a valid enum value of type CanvasTextAlign. @ http://localhost:8000/js/rmmz_core.js:1676
[   19316ms] [WARNING] The provided value 'undefined' is not a valid enum value of type CanvasTextAlign. @ http://localhost:8000/js/rmmz_core.js:1676
[   19330ms] [WARNING] The provided value 'undefined' is not a valid enum value of type CanvasTextAlign. @ http://localhost:8000/js/rmmz_core.js:1676
[   19354ms] [WARNING] The provided value 'undefined' is not a valid enum value of type CanvasTextAlign. @ http://localhost:8000/js/rmmz_core.js:1676
[   19367ms] [WARNING] The provided value 'undefined' is not a valid enum value of type CanvasTextAlign. @ http://localhost:8000/js/rmmz_core.js:1676
[   19379ms] [WARNING] The provided value 'undefined' is not a valid enum value of type CanvasTextAlign. @ http://localhost:8000/js/rmmz_core.js:1676
[   19380ms] [WARNING] The provided value 'undefined' is not a valid enum value of type CanvasTextAlign. @ http://localhost:8000/js/rmmz_core.js:1676
[   19380ms] [WARNING] The provided value 'undefined' is not a valid enum value of type CanvasTextAlign. @ http://localhost:8000/js/rmmz_core.js:1676
[   19380ms] [WARNING] The provided value 'undefined' is not a valid enum value of type CanvasTextAlign. @ http://localhost:8000/js/rmmz_core.js:1676
[   19380ms] [WARNING] The provided value 'undefined' is not a valid enum value of type CanvasTextAlign. @ http://localhost:8000/js/rmmz_core.js:1676
[   19381ms] [WARNING] The provided value 'undefined' is not a valid enum value of type CanvasTextAlign. @ http://localhost:8000/js/rmmz_core.js:1676
[   19381ms] [WARNING] The provided value 'undefined' is not a valid enum value of type CanvasTextAlign. @ http://localhost:8000/js/rmmz_core.js:1676
[   19381ms] [WARNING] The provided value 'undefined' is not a valid enum value of type CanvasTextAlign. @ http://localhost:8000/js/rmmz_core.js:1676
[   19381ms] [WARNING] The provided value 'undefined' is not a valid enum value of type CanvasTextAlign. @ http://localhost:8000/js/rmmz_core.js:1676
[   19382ms] [WARNING] The provided value 'undefined' is not a valid enum value of type CanvasTextAlign. @ http://localhost:8000/js/rmmz_core.js:1676
[   19404ms] [WARNING] The provided value 'undefined' is not a valid enum value of type CanvasTextAlign. @ http://localhost:8000/js/rmmz_core.js:1676
[   19417ms] [WARNING] The provided value 'undefined' is not a valid enum value of type CanvasTextAlign. @ http://localhost:8000/js/rmmz_core.js:1676
[   19431ms] [WARNING] The provided value 'undefined' is not a valid enum value of type CanvasTextAlign. @ http://localhost:8000/js/rmmz_core.js:1676
[   19443ms] [WARNING] The provided value 'undefined' is not a valid enum value of type CanvasTextAlign. @ http://localhost:8000/js/rmmz_core.js:1676
[   19469ms] [WARNING] The provided value 'undefined' is not a valid enum value of type CanvasTextAlign. @ http://localhost:8000/js/rmmz_core.js:1676
[   19481ms] [WARNING] The provided value 'undefined' is not a valid enum value of type CanvasTextAlign. @ http://localhost:8000/js/rmmz_core.js:1676
[   19481ms] [WARNING] The provided value 'undefined' is not a valid enum value of type CanvasTextAlign. @ http://localhost:8000/js/rmmz_core.js:1676
[   19481ms] [WARNING] The provided value 'undefined' is not a valid enum value of type CanvasTextAlign. @ http://localhost:8000/js/rmmz_core.js:1676
[   19482ms] [WARNING] The provided value 'undefined' is not a valid enum value of type CanvasTextAlign. @ http://localhost:8000/js/rmmz_core.js:1676
[   19482ms] [WARNING] The provided value 'undefined' is not a valid enum value of type CanvasTextAlign. @ http://localhost:8000/js/rmmz_core.js:1676
[   19482ms] [WARNING] The provided value 'undefined' is not a valid enum value of type CanvasTextAlign. @ http://localhost:8000/js/rmmz_core.js:1676
[   19482ms] [WARNING] The provided value 'undefined' is not a valid enum value of type CanvasTextAlign. @ http://localhost:8000/js/rmmz_core.js:1676
[   19483ms] [WARNING] The provided value 'undefined' is not a valid enum value of type CanvasTextAlign. @ http://localhost:8000/js/rmmz_core.js:1676
[   19483ms] [WARNING] The provided value 'undefined' is not a valid enum value of type CanvasTextAlign. @ http://localhost:8000/js/rmmz_core.js:1676
[   19483ms] [WARNING] The provided value 'undefined' is not a valid enum value of type CanvasTextAlign. @ http://localhost:8000/js/rmmz_core.js:1676
[   19504ms] [WARNING] The provided value 'undefined' is not a valid enum value of type CanvasTextAlign. @ http://localhost:8000/js/rmmz_core.js:1676
[   19516ms] [WARNING] The provided value 'undefined' is not a valid enum value of type CanvasTextAlign. @ http://localhost:8000/js/rmmz_core.js:1676
[   19531ms] [WARNING] The provided value 'undefined' is not a valid enum value of type CanvasTextAlign. @ http://localhost:8000/js/rmmz_core.js:1676
[   19543ms] [WARNING] The provided value 'undefined' is not a valid enum value of type CanvasTextAlign. @ http://localhost:8000/js/rmmz_core.js:1676
[   19567ms] [WARNING] The provided value 'undefined' is not a valid enum value of type CanvasTextAlign. @ http://localhost:8000/js/rmmz_core.js:1676
[   19580ms] [WARNING] The provided value 'undefined' is not a valid enum value of type CanvasTextAlign. @ http://localhost:8000/js/rmmz_core.js:1676
[   19580ms] [WARNING] The provided value 'undefined' is not a valid enum value of type CanvasTextAlign. @ http://localhost:8000/js/rmmz_core.js:1676
[   19581ms] [WARNING] The provided value 'undefined' is not a valid enum value of type CanvasTextAlign. @ http://localhost:8000/js/rmmz_core.js:1676
[   19581ms] [WARNING] The provided value 'undefined' is not a valid enum value of type CanvasTextAlign. @ http://localhost:8000/js/rmmz_core.js:1676
[   19581ms] [WARNING] The provided value 'undefined' is not a valid enum value of type CanvasTextAlign. @ http://localhost:8000/js/rmmz_core.js:1676
[   19581ms] [WARNING] The provided value 'undefined' is not a valid enum value of type CanvasTextAlign. @ http://localhost:8000/js/rmmz_core.js:1676
[   19581ms] [WARNING] The provided value 'undefined' is not a valid enum value of type CanvasTextAlign. @ http://localhost:8000/js/rmmz_core.js:1676
[   19582ms] [WARNING] The provided value 'undefined' is not a valid enum value of type CanvasTextAlign. @ http://localhost:8000/js/rmmz_core.js:1676
[   19582ms] [WARNING] The provided value 'undefined' is not a valid enum value of type CanvasTextAlign. @ http://localhost:8000/js/rmmz_core.js:1676
[   19582ms] [WARNING] The provided value 'undefined' is not a valid enum value of type CanvasTextAlign. @ http://localhost:8000/js/rmmz_core.js:1676
[   19605ms] [WARNING] The provided value 'undefined' is not a valid enum value of type CanvasTextAlign. @ http://localhost:8000/js/rmmz_core.js:1676
[   19617ms] [WARNING] The provided value 'undefined' is not a valid enum value of type CanvasTextAlign. @ http://localhost:8000/js/rmmz_core.js:1676
[   19632ms] [WARNING] The provided value 'undefined' is not a valid enum value of type CanvasTextAlign. @ http://localhost:8000/js/rmmz_core.js:1676
[   19656ms] [WARNING] The provided value 'undefined' is not a valid enum value of type CanvasTextAlign. @ http://localhost:8000/js/rmmz_core.js:1676
[   19669ms] [WARNING] The provided value 'undefined' is not a valid enum value of type CanvasTextAlign. @ http://localhost:8000/js/rmmz_core.js:1676
[   19682ms] [WARNING] The provided value 'undefined' is not a valid enum value of type CanvasTextAlign. @ http://localhost:8000/js/rmmz_core.js:1676
[   19682ms] [WARNING] The provided value 'undefined' is not a valid enum value of type CanvasTextAlign. @ http://localhost:8000/js/rmmz_core.js:1676
[   19682ms] [WARNING] The provided value 'undefined' is not a valid enum value of type CanvasTextAlign. @ http://localhost:8000/js/rmmz_core.js:1676
[   19682ms] [WARNING] The provided value 'undefined' is not a valid enum value of type CanvasTextAlign. @ http://localhost:8000/js/rmmz_core.js:1676
[   19683ms] [WARNING] The provided value 'undefined' is not a valid enum value of type CanvasTextAlign. @ http://localhost:8000/js/rmmz_core.js:1676
[   19683ms] [WARNING] The provided value 'undefined' is not a valid enum value of type CanvasTextAlign. @ http://localhost:8000/js/rmmz_core.js:1676
[   19683ms] [WARNING] The provided value 'undefined' is not a valid enum value of type CanvasTextAlign. @ http://localhost:8000/js/rmmz_core.js:1676
[   19684ms] [WARNING] The provided value 'undefined' is not a valid enum value of type CanvasTextAlign. @ http://localhost:8000/js/rmmz_core.js:1676
[   19684ms] [WARNING] The provided value 'undefined' is not a valid enum value of type CanvasTextAlign. @ http://localhost:8000/js/rmmz_core.js:1676
[   19684ms] [WARNING] The provided value 'undefined' is not a valid enum value of type CanvasTextAlign. @ http://localhost:8000/js/rmmz_core.js:1676
[   19694ms] [WARNING] The provided value 'undefined' is not a valid enum value of type CanvasTextAlign. @ http://localhost:8000/js/rmmz_core.js:1676
[   19718ms] [WARNING] The provided value 'undefined' is not a valid enum value of type CanvasTextAlign. @ http://localhost:8000/js/rmmz_core.js:1676
[   19732ms] [WARNING] The provided value 'undefined' is not a valid enum value of type CanvasTextAlign. @ http://localhost:8000/js/rmmz_core.js:1676
[   19757ms] [WARNING] The provided value 'undefined' is not a valid enum value of type CanvasTextAlign. @ http://localhost:8000/js/rmmz_core.js:1676
[   19770ms] [WARNING] The provided value 'undefined' is not a valid enum value of type CanvasTextAlign. @ http://localhost:8000/js/rmmz_core.js:1676
[   19782ms] [WARNING] The provided value 'undefined' is not a valid enum value of type CanvasTextAlign. @ http://localhost:8000/js/rmmz_core.js:1676
[   19783ms] [WARNING] The provided value 'undefined' is not a valid enum value of type CanvasTextAlign. @ http://localhost:8000/js/rmmz_core.js:1676
[   19783ms] [WARNING] The provided value 'undefined' is not a valid enum value of type CanvasTextAlign. @ http://localhost:8000/js/rmmz_core.js:1676
[   19783ms] [WARNING] The provided value 'undefined' is not a valid enum value of type CanvasTextAlign. @ http://localhost:8000/js/rmmz_core.js:1676
[   19783ms] [WARNING] The provided value 'undefined' is not a valid enum value of type CanvasTextAlign. @ http://localhost:8000/js/rmmz_core.js:1676
[   19784ms] [WARNING] The provided value 'undefined' is not a valid enum value of type CanvasTextAlign. @ http://localhost:8000/js/rmmz_core.js:1676
[   19784ms] [WARNING] The provided value 'undefined' is not a valid enum value of type CanvasTextAlign. @ http://localhost:8000/js/rmmz_core.js:1676
[   19784ms] [WARNING] The provided value 'undefined' is not a valid enum value of type CanvasTextAlign. @ http://localhost:8000/js/rmmz_core.js:1676
[   19784ms] [WARNING] The provided value 'undefined' is not a valid enum value of type CanvasTextAlign. @ http://localhost:8000/js/rmmz_core.js:1676
[   19785ms] [WARNING] The provided value 'undefined' is not a valid enum value of type CanvasTextAlign. @ http://localhost:8000/js/rmmz_core.js:1676
[   19807ms] [WARNING] The provided value 'undefined' is not a valid enum value of type CanvasTextAlign. @ http://localhost:8000/js/rmmz_core.js:1676
[   19819ms] [WARNING] The provided value 'undefined' is not a valid enum value of type CanvasTextAlign. @ http://localhost:8000/js/rmmz_core.js:1676
[   19834ms] [WARNING] The provided value 'undefined' is not a valid enum value of type CanvasTextAlign. @ http://localhost:8000/js/rmmz_core.js:1676
[   19846ms] [WARNING] The provided value 'undefined' is not a valid enum value of type CanvasTextAlign. @ http://localhost:8000/js/rmmz_core.js:1676
[   19870ms] [WARNING] The provided value 'undefined' is not a valid enum value of type CanvasTextAlign. @ http://localhost:8000/js/rmmz_core.js:1676
[   19882ms] [WARNING] The provided value 'undefined' is not a valid enum value of type CanvasTextAlign. @ http://localhost:8000/js/rmmz_core.js:1676
[   19883ms] [WARNING] The provided value 'undefined' is not a valid enum value of type CanvasTextAlign. @ http://localhost:8000/js/rmmz_core.js:1676
[   19883ms] [WARNING] The provided value 'undefined' is not a valid enum value of type CanvasTextAlign. @ http://localhost:8000/js/rmmz_core.js:1676
[   19883ms] [WARNING] The provided value 'undefined' is not a valid enum value of type CanvasTextAlign. @ http://localhost:8000/js/rmmz_core.js:1676
[   19884ms] [WARNING] The provided value 'undefined' is not a valid enum value of type CanvasTextAlign. @ http://localhost:8000/js/rmmz_core.js:1676
[   19884ms] [WARNING] The provided value 'undefined' is not a valid enum value of type CanvasTextAlign. @ http://localhost:8000/js/rmmz_core.js:1676
[   19884ms] [WARNING] The provided value 'undefined' is not a valid enum value of type CanvasTextAlign. @ http://localhost:8000/js/rmmz_core.js:1676
[   19884ms] [WARNING] The provided value 'undefined' is not a valid enum value of type CanvasTextAlign. @ http://localhost:8000/js/rmmz_core.js:1676
[   19884ms] [WARNING] The provided value 'undefined' is not a valid enum value of type CanvasTextAlign. @ http://localhost:8000/js/rmmz_core.js:1676
[   19885ms] [WARNING] The provided value 'undefined' is not a valid enum value of type CanvasTextAlign. @ http://localhost:8000/js/rmmz_core.js:1676
[   19907ms] [WARNING] The provided value 'undefined' is not a valid enum value of type CanvasTextAlign. @ http://localhost:8000/js/rmmz_core.js:1676
[   19919ms] [WARNING] The provided value 'undefined' is not a valid enum value of type CanvasTextAlign. @ http://localhost:8000/js/rmmz_core.js:1676
[   19933ms] [WARNING] The provided value 'undefined' is not a valid enum value of type CanvasTextAlign. @ http://localhost:8000/js/rmmz_core.js:1676
[   19945ms] [WARNING] The provided value 'undefined' is not a valid enum value of type CanvasTextAlign. @ http://localhost:8000/js/rmmz_core.js:1676
[   19970ms] [WARNING] The provided value 'undefined' is not a valid enum value of type CanvasTextAlign. @ http://localhost:8000/js/rmmz_core.js:1676
[   19984ms] [WARNING] The provided value 'undefined' is not a valid enum value of type CanvasTextAlign. @ http://localhost:8000/js/rmmz_core.js:1676
[   19985ms] [WARNING] The provided value 'undefined' is not a valid enum value of type CanvasTextAlign. @ http://localhost:8000/js/rmmz_core.js:1676
[   19985ms] [WARNING] The provided value 'undefined' is not a valid enum value of type CanvasTextAlign. @ http://localhost:8000/js/rmmz_core.js:1676
[   19985ms] [WARNING] The provided value 'undefined' is not a valid enum value of type CanvasTextAlign. @ http://localhost:8000/js/rmmz_core.js:1676
[   19985ms] [WARNING] The provided value 'undefined' is not a valid enum value of type CanvasTextAlign. @ http://localhost:8000/js/rmmz_core.js:1676
[   19986ms] [WARNING] The provided value 'undefined' is not a valid enum value of type CanvasTextAlign. @ http://localhost:8000/js/rmmz_core.js:1676
[   19986ms] [WARNING] The provided value 'undefined' is not a valid enum value of type CanvasTextAlign. @ http://localhost:8000/js/rmmz_core.js:1676
[   19986ms] [WARNING] The provided value 'undefined' is not a valid enum value of type CanvasTextAlign. @ http://localhost:8000/js/rmmz_core.js:1676
[   19986ms] [WARNING] The provided value 'undefined' is not a valid enum value of type CanvasTextAlign. @ http://localhost:8000/js/rmmz_core.js:1676
[   19987ms] [WARNING] The provided value 'undefined' is not a valid enum value of type CanvasTextAlign. @ http://localhost:8000/js/rmmz_core.js:1676
[   19996ms] [WARNING] The provided value 'undefined' is not a valid enum value of type CanvasTextAlign. @ http://localhost:8000/js/rmmz_core.js:1676
[   20021ms] [WARNING] The provided value 'undefined' is not a valid enum value of type CanvasTextAlign. @ http://localhost:8000/js/rmmz_core.js:1676
[   20036ms] [WARNING] The provided value 'undefined' is not a valid enum value of type CanvasTextAlign. @ http://localhost:8000/js/rmmz_core.js:1676
[   20047ms] [WARNING] The provided value 'undefined' is not a valid enum value of type CanvasTextAlign. @ http://localhost:8000/js/rmmz_core.js:1676
[   20071ms] [WARNING] The provided value 'undefined' is not a valid enum value of type CanvasTextAlign. @ http://localhost:8000/js/rmmz_core.js:1676
[   20083ms] [WARNING] The provided value 'undefined' is not a valid enum value of type CanvasTextAlign. @ http://localhost:8000/js/rmmz_core.js:1676
[   20084ms] [WARNING] The provided value 'undefined' is not a valid enum value of type CanvasTextAlign. @ http://localhost:8000/js/rmmz_core.js:1676
[   20084ms] [WARNING] The provided value 'undefined' is not a valid enum value of type CanvasTextAlign. @ http://localhost:8000/js/rmmz_core.js:1676
[   20084ms] [WARNING] The provided value 'undefined' is not a valid enum value of type CanvasTextAlign. @ http://localhost:8000/js/rmmz_core.js:1676
[   20085ms] [WARNING] The provided value 'undefined' is not a valid enum value of type CanvasTextAlign. @ http://localhost:8000/js/rmmz_core.js:1676
[   20085ms] [WARNING] The provided value 'undefined' is not a valid enum value of type CanvasTextAlign. @ http://localhost:8000/js/rmmz_core.js:1676
[   20085ms] [WARNING] The provided value 'undefined' is not a valid enum value of type CanvasTextAlign. @ http://localhost:8000/js/rmmz_core.js:1676
[   20085ms] [WARNING] The provided value 'undefined' is not a valid enum value of type CanvasTextAlign. @ http://localhost:8000/js/rmmz_core.js:1676
[   20086ms] [WARNING] The provided value 'undefined' is not a valid enum value of type CanvasTextAlign. @ http://localhost:8000/js/rmmz_core.js:1676
[   20086ms] [WARNING] The provided value 'undefined' is not a valid enum value of type CanvasTextAlign. @ http://localhost:8000/js/rmmz_core.js:1676
[   20108ms] [WARNING] The provided value 'undefined' is not a valid enum value of type CanvasTextAlign. @ http://localhost:8000/js/rmmz_core.js:1676
[   20120ms] [WARNING] The provided value 'undefined' is not a valid enum value of type CanvasTextAlign. @ http://localhost:8000/js/rmmz_core.js:1676
[   20120ms] [WARNING] The provided value 'undefined' is not a valid enum value of type CanvasTextAlign. @ http://localhost:8000/js/rmmz_core.js:1676
[   20184ms] [WARNING] The provided value 'undefined' is not a valid enum value of type CanvasTextAlign. @ http://localhost:8000/js/rmmz_core.js:1676
[   20185ms] [WARNING] The provided value 'undefined' is not a valid enum value of type CanvasTextAlign. @ http://localhost:8000/js/rmmz_core.js:1676
[   20185ms] [WARNING] The provided value 'undefined' is not a valid enum value of type CanvasTextAlign. @ http://localhost:8000/js/rmmz_core.js:1676
[   20185ms] [WARNING] The provided value 'undefined' is not a valid enum value of type CanvasTextAlign. @ http://localhost:8000/js/rmmz_core.js:1676
[   20186ms] [WARNING] The provided value 'undefined' is not a valid enum value of type CanvasTextAlign. @ http://localhost:8000/js/rmmz_core.js:1676
[   20186ms] [WARNING] The provided value 'undefined' is not a valid enum value of type CanvasTextAlign. @ http://localhost:8000/js/rmmz_core.js:1676
[   20186ms] [WARNING] The provided value 'undefined' is not a valid enum value of type CanvasTextAlign. @ http://localhost:8000/js/rmmz_core.js:1676
[   20186ms] [WARNING] The provided value 'undefined' is not a valid enum value of type CanvasTextAlign. @ http://localhost:8000/js/rmmz_core.js:1676
[   20187ms] [WARNING] The provided value 'undefined' is not a valid enum value of type CanvasTextAlign. @ http://localhost:8000/js/rmmz_core.js:1676
[   20187ms] [WARNING] The provided value 'undefined' is not a valid enum value of type CanvasTextAlign. @ http://localhost:8000/js/rmmz_core.js:1676
[   20187ms] [WARNING] The provided value 'undefined' is not a valid enum value of type CanvasTextAlign. @ http://localhost:8000/js/rmmz_core.js:1676
[   20187ms] [WARNING] The provided value 'undefined' is not a valid enum value of type CanvasTextAlign. @ http://localhost:8000/js/rmmz_core.js:1676
[   20187ms] [WARNING] The provided value 'undefined' is not a valid enum value of type CanvasTextAlign. @ http://localhost:8000/js/rmmz_core.js:1676
[   20187ms] [WARNING] The provided value 'undefined' is not a valid enum value of type CanvasTextAlign. @ http://localhost:8000/js/rmmz_core.js:1676
[   20187ms] [WARNING] The provided value 'undefined' is not a valid enum value of type CanvasTextAlign. @ http://localhost:8000/js/rmmz_core.js:1676
[   20187ms] [WARNING] The provided value 'undefined' is not a valid enum value of type CanvasTextAlign. @ http://localhost:8000/js/rmmz_core.js:1676
[   20188ms] [WARNING] The provided value 'undefined' is not a valid enum value of type CanvasTextAlign. @ http://localhost:8000/js/rmmz_core.js:1676
[   20188ms] [WARNING] The provided value 'undefined' is not a valid enum value of type CanvasTextAlign. @ http://localhost:8000/js/rmmz_core.js:1676
[   20287ms] [WARNING] The provided value 'undefined' is not a valid enum value of type CanvasTextAlign. @ http://localhost:8000/js/rmmz_core.js:1676
[   20288ms] [WARNING] The provided value 'undefined' is not a valid enum value of type CanvasTextAlign. @ http://localhost:8000/js/rmmz_core.js:1676
[   20288ms] [WARNING] The provided value 'undefined' is not a valid enum value of type CanvasTextAlign. @ http://localhost:8000/js/rmmz_core.js:1676
[   20288ms] [WARNING] The provided value 'undefined' is not a valid enum value of type CanvasTextAlign. @ http://localhost:8000/js/rmmz_core.js:1676
[   20288ms] [WARNING] The provided value 'undefined' is not a valid enum value of type CanvasTextAlign. @ http://localhost:8000/js/rmmz_core.js:1676
[   20288ms] [WARNING] The provided value 'undefined' is not a valid enum value of type CanvasTextAlign. @ http://localhost:8000/js/rmmz_core.js:1676
[   20289ms] [WARNING] The provided value 'undefined' is not a valid enum value of type CanvasTextAlign. @ http://localhost:8000/js/rmmz_core.js:1676
[   20289ms] [WARNING] The provided value 'undefined' is not a valid enum value of type CanvasTextAlign. @ http://localhost:8000/js/rmmz_core.js:1676
[   20289ms] [WARNING] The provided value 'undefined' is not a valid enum value of type CanvasTextAlign. @ http://localhost:8000/js/rmmz_core.js:1676
[   20389ms] [WARNING] The provided value 'undefined' is not a valid enum value of type CanvasTextAlign. @ http://localhost:8000/js/rmmz_core.js:1676
[   20389ms] [WARNING] The provided value 'undefined' is not a valid enum value of type CanvasTextAlign. @ http://localhost:8000/js/rmmz_core.js:1676
[   20389ms] [WARNING] The provided value 'undefined' is not a valid enum value of type CanvasTextAlign. @ http://localhost:8000/js/rmmz_core.js:1676
[   20390ms] [WARNING] The provided value 'undefined' is not a valid enum value of type CanvasTextAlign. @ http://localhost:8000/js/rmmz_core.js:1676
[   20390ms] [WARNING] The provided value 'undefined' is not a valid enum value of type CanvasTextAlign. @ http://localhost:8000/js/rmmz_core.js:1676
[   20390ms] [WARNING] The provided value 'undefined' is not a valid enum value of type CanvasTextAlign. @ http://localhost:8000/js/rmmz_core.js:1676
[   20390ms] [WARNING] The provided value 'undefined' is not a valid enum value of type CanvasTextAlign. @ http://localhost:8000/js/rmmz_core.js:1676
[   20391ms] [WARNING] The provided value 'undefined' is not a valid enum value of type CanvasTextAlign. @ http://localhost:8000/js/rmmz_core.js:1676
[   20391ms] [WARNING] The provided value 'undefined' is not a valid enum value of type CanvasTextAlign. @ http://localhost:8000/js/rmmz_core.js:1676
[   20478ms] [WARNING] The provided value 'undefined' is not a valid enum value of type CanvasTextAlign. @ http://localhost:8000/js/rmmz_core.js:1676
[   20479ms] [WARNING] The provided value 'undefined' is not a valid enum value of type CanvasTextAlign. @ http://localhost:8000/js/rmmz_core.js:1676
[   20479ms] [WARNING] The provided value 'undefined' is not a valid enum value of type CanvasTextAlign. @ http://localhost:8000/js/rmmz_core.js:1676
[   20479ms] [WARNING] The provided value 'undefined' is not a valid enum value of type CanvasTextAlign. @ http://localhost:8000/js/rmmz_core.js:1676
[   20480ms] [WARNING] The provided value 'undefined' is not a valid enum value of type CanvasTextAlign. @ http://localhost:8000/js/rmmz_core.js:1676
[   20480ms] [WARNING] The provided value 'undefined' is not a valid enum value of type CanvasTextAlign. @ http://localhost:8000/js/rmmz_core.js:1676
[   20480ms] [WARNING] The provided value 'undefined' is not a valid enum value of type CanvasTextAlign. @ http://localhost:8000/js/rmmz_core.js:1676
[   20480ms] [WARNING] The provided value 'undefined' is not a valid enum value of type CanvasTextAlign. @ http://localhost:8000/js/rmmz_core.js:1676
[   20480ms] [WARNING] The provided value 'undefined' is not a valid enum value of type CanvasTextAlign. @ http://localhost:8000/js/rmmz_core.js:1676
[   20582ms] [WARNING] The provided value 'undefined' is not a valid enum value of type CanvasTextAlign. @ http://localhost:8000/js/rmmz_core.js:1676
[   20582ms] [WARNING] The provided value 'undefined' is not a valid enum value of type CanvasTextAlign. @ http://localhost:8000/js/rmmz_core.js:1676
[   20582ms] [WARNING] The provided value 'undefined' is not a valid enum value of type CanvasTextAlign. @ http://localhost:8000/js/rmmz_core.js:1676
[   20583ms] [WARNING] The provided value 'undefined' is not a valid enum value of type CanvasTextAlign. @ http://localhost:8000/js/rmmz_core.js:1676
[   20583ms] [WARNING] The provided value 'undefined' is not a valid enum value of type CanvasTextAlign. @ http://localhost:8000/js/rmmz_core.js:1676
[   20583ms] [WARNING] The provided value 'undefined' is not a valid enum value of type CanvasTextAlign. @ http://localhost:8000/js/rmmz_core.js:1676
[   20583ms] [WARNING] The provided value 'undefined' is not a valid enum value of type CanvasTextAlign. @ http://localhost:8000/js/rmmz_core.js:1676
[   20584ms] [WARNING] The provided value 'undefined' is not a valid enum value of type CanvasTextAlign. @ http://localhost:8000/js/rmmz_core.js:1676
[   20584ms] [WARNING] The provided value 'undefined' is not a valid enum value of type CanvasTextAlign. @ http://localhost:8000/js/rmmz_core.js:1676
[   20683ms] [WARNING] The provided value 'undefined' is not a valid enum value of type CanvasTextAlign. @ http://localhost:8000/js/rmmz_core.js:1676
[   20684ms] [WARNING] The provided value 'undefined' is not a valid enum value of type CanvasTextAlign. @ http://localhost:8000/js/rmmz_core.js:1676
[   20684ms] [WARNING] The provided value 'undefined' is not a valid enum value of type CanvasTextAlign. @ http://localhost:8000/js/rmmz_core.js:1676
[   20684ms] [WARNING] The provided value 'undefined' is not a valid enum value of type CanvasTextAlign. @ http://localhost:8000/js/rmmz_core.js:1676
[   20685ms] [WARNING] The provided value 'undefined' is not a valid enum value of type CanvasTextAlign. @ http://localhost:8000/js/rmmz_core.js:1676
[   20685ms] [WARNING] The provided value 'undefined' is not a valid enum value of type CanvasTextAlign. @ http://localhost:8000/js/rmmz_core.js:1676
[   20685ms] [WARNING] The provided value 'undefined' is not a valid enum value of type CanvasTextAlign. @ http://localhost:8000/js/rmmz_core.js:1676
[   20686ms] [WARNING] The provided value 'undefined' is not a valid enum value of type CanvasTextAlign. @ http://localhost:8000/js/rmmz_core.js:1676
[   20686ms] [WARNING] The provided value 'undefined' is not a valid enum value of type CanvasTextAlign. @ http://localhost:8000/js/rmmz_core.js:1676
[   20784ms] [WARNING] The provided value 'undefined' is not a valid enum value of type CanvasTextAlign. @ http://localhost:8000/js/rmmz_core.js:1676
[   20785ms] [WARNING] The provided value 'undefined' is not a valid enum value of type CanvasTextAlign. @ http://localhost:8000/js/rmmz_core.js:1676
[   20785ms] [WARNING] The provided value 'undefined' is not a valid enum value of type CanvasTextAlign. @ http://localhost:8000/js/rmmz_core.js:1676
[   20785ms] [WARNING] The provided value 'undefined' is not a valid enum value of type CanvasTextAlign. @ http://localhost:8000/js/rmmz_core.js:1676
[   20785ms] [WARNING] The provided value 'undefined' is not a valid enum value of type CanvasTextAlign. @ http://localhost:8000/js/rmmz_core.js:1676
[   20786ms] [WARNING] The provided value 'undefined' is not a valid enum value of type CanvasTextAlign. @ http://localhost:8000/js/rmmz_core.js:1676
[   20786ms] [WARNING] The provided value 'undefined' is not a valid enum value of type CanvasTextAlign. @ http://localhost:8000/js/rmmz_core.js:1676
[   20786ms] [WARNING] The provided value 'undefined' is not a valid enum value of type CanvasTextAlign. @ http://localhost:8000/js/rmmz_core.js:1676
[   20786ms] [WARNING] The provided value 'undefined' is not a valid enum value of type CanvasTextAlign. @ http://localhost:8000/js/rmmz_core.js:1676
[   20885ms] [WARNING] The provided value 'undefined' is not a valid enum value of type CanvasTextAlign. @ http://localhost:8000/js/rmmz_core.js:1676
[   20886ms] [WARNING] The provided value 'undefined' is not a valid enum value of type CanvasTextAlign. @ http://localhost:8000/js/rmmz_core.js:1676
[   20886ms] [WARNING] The provided value 'undefined' is not a valid enum value of type CanvasTextAlign. @ http://localhost:8000/js/rmmz_core.js:1676
[   20886ms] [WARNING] The provided value 'undefined' is not a valid enum value of type CanvasTextAlign. @ http://localhost:8000/js/rmmz_core.js:1676
[   20887ms] [WARNING] The provided value 'undefined' is not a valid enum value of type CanvasTextAlign. @ http://localhost:8000/js/rmmz_core.js:1676
[   20887ms] [WARNING] The provided value 'undefined' is not a valid enum value of type CanvasTextAlign. @ http://localhost:8000/js/rmmz_core.js:1676
[   20887ms] [WARNING] The provided value 'undefined' is not a valid enum value of type CanvasTextAlign. @ http://localhost:8000/js/rmmz_core.js:1676
[   20888ms] [WARNING] The provided value 'undefined' is not a valid enum value of type CanvasTextAlign. @ http://localhost:8000/js/rmmz_core.js:1676
[   20888ms] [WARNING] The provided value 'undefined' is not a valid enum value of type CanvasTextAlign. @ http://localhost:8000/js/rmmz_core.js:1676
[   20986ms] [WARNING] The provided value 'undefined' is not a valid enum value of type CanvasTextAlign. @ http://localhost:8000/js/rmmz_core.js:1676
[   20987ms] [WARNING] The provided value 'undefined' is not a valid enum value of type CanvasTextAlign. @ http://localhost:8000/js/rmmz_core.js:1676
[   20987ms] [WARNING] The provided value 'undefined' is not a valid enum value of type CanvasTextAlign. @ http://localhost:8000/js/rmmz_core.js:1676
[   20987ms] [WARNING] The provided value 'undefined' is not a valid enum value of type CanvasTextAlign. @ http://localhost:8000/js/rmmz_core.js:1676
[   20987ms] [WARNING] The provided value 'undefined' is not a valid enum value of type CanvasTextAlign. @ http://localhost:8000/js/rmmz_core.js:1676
[   20988ms] [WARNING] The provided value 'undefined' is not a valid enum value of type CanvasTextAlign. @ http://localhost:8000/js/rmmz_core.js:1676
[   20988ms] [WARNING] The provided value 'undefined' is not a valid enum value of type CanvasTextAlign. @ http://localhost:8000/js/rmmz_core.js:1676
[   20988ms] [WARNING] The provided value 'undefined' is not a valid enum value of type CanvasTextAlign. @ http://localhost:8000/js/rmmz_core.js:1676
[   20988ms] [WARNING] The provided value 'undefined' is not a valid enum value of type CanvasTextAlign. @ http://localhost:8000/js/rmmz_core.js:1676
[   21087ms] [WARNING] The provided value 'undefined' is not a valid enum value of type CanvasTextAlign. @ http://localhost:8000/js/rmmz_core.js:1676
[   21088ms] [WARNING] The provided value 'undefined' is not a valid enum value of type CanvasTextAlign. @ http://localhost:8000/js/rmmz_core.js:1676
[   21088ms] [WARNING] The provided value 'undefined' is not a valid enum value of type CanvasTextAlign. @ http://localhost:8000/js/rmmz_core.js:1676
[   21088ms] [WARNING] The provided value 'undefined' is not a valid enum value of type CanvasTextAlign. @ http://localhost:8000/js/rmmz_core.js:1676
[   21088ms] [WARNING] The provided value 'undefined' is not a valid enum value of type CanvasTextAlign. @ http://localhost:8000/js/rmmz_core.js:1676
[   21088ms] [WARNING] The provided value 'undefined' is not a valid enum value of type CanvasTextAlign. @ http://localhost:8000/js/rmmz_core.js:1676
[   21089ms] [WARNING] The provided value 'undefined' is not a valid enum value of type CanvasTextAlign. @ http://localhost:8000/js/rmmz_core.js:1676
[   21089ms] [WARNING] The provided value 'undefined' is not a valid enum value of type CanvasTextAlign. @ http://localhost:8000/js/rmmz_core.js:1676
[   21089ms] [WARNING] The provided value 'undefined' is not a valid enum value of type CanvasTextAlign. @ http://localhost:8000/js/rmmz_core.js:1676
[   21153ms] [LOG] RACE_EVENT: {
  "type": "SAFE_CLICK",
  "frame": 328,
  "vars": {
    "RACE_ID": 1,
    "SCENE_INDEX": 2,
    "SCENE_TYPE": 0,
    "P_CENA": 10,
    "CONSCIENCIA": 50,
    "PONTOS_GLORIA": 150,
    "TAXA_SUCESSO": 0,
    "ROLL_RESULT": 0,
    "TIMER_FRAMES": 0,
    "SCENE_START": 71,
    "SEED": 0,
    "RACE_N_CENAS": 6,
    "ATTEMPT_N": 7,
    "LAST_RENDERED_INDEX": 1,
    "HOVER_LEVEL": 0,
    "TIMER_TIMEOUT_FLAG": 1,
    "VITORIA_PASSOU": 0,
    "GLORIA_META": 200,
    "TIMER_SECONDS": 1,
    "SCENE_DISPLAY": 2
  },
  "switches": {
    "RACE_ACTIVE": true,
    "INPUT_LOCKED": true,
    "CRASH_FLAG": false,
    "LAST_ACTION_SAFE": true,
    "PAUSED": false,
    "IS_CURVA_DIABO": false
  },
  "timestamp": "2026-07-07T07:49:39.153Z"
} @ http://localhost:8000/js/plugins/Jhonny_RaceHelper.js:234
[   21189ms] [WARNING] The provided value 'undefined' is not a valid enum value of type CanvasTextAlign. @ http://localhost:8000/js/rmmz_core.js:1676
[   21189ms] [WARNING] The provided value 'undefined' is not a valid enum value of type CanvasTextAlign. @ http://localhost:8000/js/rmmz_core.js:1676
[   21190ms] [WARNING] The provided value 'undefined' is not a valid enum value of type CanvasTextAlign. @ http://localhost:8000/js/rmmz_core.js:1676
[   21190ms] [WARNING] The provided value 'undefined' is not a valid enum value of type CanvasTextAlign. @ http://localhost:8000/js/rmmz_core.js:1676
[   21190ms] [WARNING] The provided value 'undefined' is not a valid enum value of type CanvasTextAlign. @ http://localhost:8000/js/rmmz_core.js:1676
[   21190ms] [WARNING] The provided value 'undefined' is not a valid enum value of type CanvasTextAlign. @ http://localhost:8000/js/rmmz_core.js:1676
[   21190ms] [WARNING] The provided value 'undefined' is not a valid enum value of type CanvasTextAlign. @ http://localhost:8000/js/rmmz_core.js:1676
[   21190ms] [WARNING] The provided value 'undefined' is not a valid enum value of type CanvasTextAlign. @ http://localhost:8000/js/rmmz_core.js:1676
[   21190ms] [WARNING] The provided value 'undefined' is not a valid enum value of type CanvasTextAlign. @ http://localhost:8000/js/rmmz_core.js:1676
[   21191ms] [WARNING] The provided value 'undefined' is not a valid enum value of type CanvasTextAlign. @ http://localhost:8000/js/rmmz_core.js:1676
[   21191ms] [WARNING] The provided value 'undefined' is not a valid enum value of type CanvasTextAlign. @ http://localhost:8000/js/rmmz_core.js:1676
[   21191ms] [WARNING] The provided value 'undefined' is not a valid enum value of type CanvasTextAlign. @ http://localhost:8000/js/rmmz_core.js:1676
[   21191ms] [WARNING] The provided value 'undefined' is not a valid enum value of type CanvasTextAlign. @ http://localhost:8000/js/rmmz_core.js:1676
[   21191ms] [WARNING] The provided value 'undefined' is not a valid enum value of type CanvasTextAlign. @ http://localhost:8000/js/rmmz_core.js:1676
[   21191ms] [WARNING] The provided value 'undefined' is not a valid enum value of type CanvasTextAlign. @ http://localhost:8000/js/rmmz_core.js:1676
[   21191ms] [WARNING] The provided value 'undefined' is not a valid enum value of type CanvasTextAlign. @ http://localhost:8000/js/rmmz_core.js:1676
[   21191ms] [WARNING] The provided value 'undefined' is not a valid enum value of type CanvasTextAlign. @ http://localhost:8000/js/rmmz_core.js:1676
[   21191ms] [WARNING] The provided value 'undefined' is not a valid enum value of type CanvasTextAlign. @ http://localhost:8000/js/rmmz_core.js:1676
[   21192ms] [WARNING] The provided value 'undefined' is not a valid enum value of type CanvasTextAlign. @ http://localhost:8000/js/rmmz_core.js:1676
[   21192ms] [WARNING] The provided value 'undefined' is not a valid enum value of type CanvasTextAlign. @ http://localhost:8000/js/rmmz_core.js:1676
[   21192ms] [WARNING] The provided value 'undefined' is not a valid enum value of type CanvasTextAlign. @ http://localhost:8000/js/rmmz_core.js:1676
[   21192ms] [WARNING] The provided value 'undefined' is not a valid enum value of type CanvasTextAlign. @ http://localhost:8000/js/rmmz_core.js:1676
[   21192ms] [WARNING] The provided value 'undefined' is not a valid enum value of type CanvasTextAlign. @ http://localhost:8000/js/rmmz_core.js:1676
[   21192ms] [WARNING] The provided value 'undefined' is not a valid enum value of type CanvasTextAlign. @ http://localhost:8000/js/rmmz_core.js:1676
[   21192ms] [WARNING] The provided value 'undefined' is not a valid enum value of type CanvasTextAlign. @ http://localhost:8000/js/rmmz_core.js:1676
[   21192ms] [WARNING] The provided value 'undefined' is not a valid enum value of type CanvasTextAlign. @ http://localhost:8000/js/rmmz_core.js:1676
[   21192ms] [WARNING] The provided value 'undefined' is not a valid enum value of type CanvasTextAlign. @ http://localhost:8000/js/rmmz_core.js:1676
[   21193ms] [WARNING] The provided value 'undefined' is not a valid enum value of type CanvasTextAlign. @ http://localhost:8000/js/rmmz_core.js:1676
[   21193ms] [WARNING] The provided value 'undefined' is not a valid enum value of type CanvasTextAlign. @ http://localhost:8000/js/rmmz_core.js:1676
[   21193ms] [WARNING] The provided value 'undefined' is not a valid enum value of type CanvasTextAlign. @ http://localhost:8000/js/rmmz_core.js:1676
[   21193ms] [WARNING] The provided value 'undefined' is not a valid enum value of type CanvasTextAlign. @ http://localhost:8000/js/rmmz_core.js:1676
[   21193ms] [WARNING] The provided value 'undefined' is not a valid enum value of type CanvasTextAlign. @ http://localhost:8000/js/rmmz_core.js:1676
[   21193ms] [WARNING] The provided value 'undefined' is not a valid enum value of type CanvasTextAlign. @ http://localhost:8000/js/rmmz_core.js:1676
[   21193ms] [WARNING] The provided value 'undefined' is not a valid enum value of type CanvasTextAlign. @ http://localhost:8000/js/rmmz_core.js:1676
[   21193ms] [WARNING] The provided value 'undefined' is not a valid enum value of type CanvasTextAlign. @ http://localhost:8000/js/rmmz_core.js:1676
[   21194ms] [WARNING] The provided value 'undefined' is not a valid enum value of type CanvasTextAlign. @ http://localhost:8000/js/rmmz_core.js:1676
[   21194ms] [WARNING] The provided value 'undefined' is not a valid enum value of type CanvasTextAlign. @ http://localhost:8000/js/rmmz_core.js:1676
[   21195ms] [WARNING] The provided value 'undefined' is not a valid enum value of type CanvasTextAlign. @ http://localhost:8000/js/rmmz_core.js:1676
[   21195ms] [WARNING] The provided value 'undefined' is not a valid enum value of type CanvasTextAlign. @ http://localhost:8000/js/rmmz_core.js:1676
[   21195ms] [WARNING] The provided value 'undefined' is not a valid enum value of type CanvasTextAlign. @ http://localhost:8000/js/rmmz_core.js:1676
[   21195ms] [WARNING] The provided value 'undefined' is not a valid enum value of type CanvasTextAlign. @ http://localhost:8000/js/rmmz_core.js:1676
[   21195ms] [WARNING] The provided value 'undefined' is not a valid enum value of type CanvasTextAlign. @ http://localhost:8000/js/rmmz_core.js:1676
[   21196ms] [WARNING] The provided value 'undefined' is not a valid enum value of type CanvasTextAlign. @ http://localhost:8000/js/rmmz_core.js:1676
[   21196ms] [WARNING] The provided value 'undefined' is not a valid enum value of type CanvasTextAlign. @ http://localhost:8000/js/rmmz_core.js:1676
[   21196ms] [WARNING] The provided value 'undefined' is not a valid enum value of type CanvasTextAlign. @ http://localhost:8000/js/rmmz_core.js:1676
[   21196ms] [WARNING] The provided value 'undefined' is not a valid enum value of type CanvasTextAlign. @ http://localhost:8000/js/rmmz_core.js:1676
[   21196ms] [WARNING] The provided value 'undefined' is not a valid enum value of type CanvasTextAlign. @ http://localhost:8000/js/rmmz_core.js:1676
[   21196ms] [WARNING] The provided value 'undefined' is not a valid enum value of type CanvasTextAlign. @ http://localhost:8000/js/rmmz_core.js:1676
[   21196ms] [WARNING] The provided value 'undefined' is not a valid enum value of type CanvasTextAlign. @ http://localhost:8000/js/rmmz_core.js:1676
[   21196ms] [WARNING] The provided value 'undefined' is not a valid enum value of type CanvasTextAlign. @ http://localhost:8000/js/rmmz_core.js:1676
[   21197ms] [WARNING] The provided value 'undefined' is not a valid enum value of type CanvasTextAlign. @ http://localhost:8000/js/rmmz_core.js:1676
[   21197ms] [WARNING] The provided value 'undefined' is not a valid enum value of type CanvasTextAlign. @ http://localhost:8000/js/rmmz_core.js:1676
[   21197ms] [WARNING] The provided value 'undefined' is not a valid enum value of type CanvasTextAlign. @ http://localhost:8000/js/rmmz_core.js:1676
[   21197ms] [WARNING] The provided value 'undefined' is not a valid enum value of type CanvasTextAlign. @ http://localhost:8000/js/rmmz_core.js:1676
[   21197ms] [WARNING] The provided value 'undefined' is not a valid enum value of type CanvasTextAlign. @ http://localhost:8000/js/rmmz_core.js:1676
[   21198ms] [WARNING] The provided value 'undefined' is not a valid enum value of type CanvasTextAlign. @ http://localhost:8000/js/rmmz_core.js:1676
[   21198ms] [WARNING] The provided value 'undefined' is not a valid enum value of type CanvasTextAlign. @ http://localhost:8000/js/rmmz_core.js:1676
[   21198ms] [WARNING] The provided value 'undefined' is not a valid enum value of type CanvasTextAlign. @ http://localhost:8000/js/rmmz_core.js:1676
[   21198ms] [WARNING] The provided value 'undefined' is not a valid enum value of type CanvasTextAlign. @ http://localhost:8000/js/rmmz_core.js:1676
[   21198ms] [WARNING] The provided value 'undefined' is not a valid enum value of type CanvasTextAlign. @ http://localhost:8000/js/rmmz_core.js:1676
[   21198ms] [WARNING] The provided value 'undefined' is not a valid enum value of type CanvasTextAlign. @ http://localhost:8000/js/rmmz_core.js:1676
[   21198ms] [WARNING] The provided value 'undefined' is not a valid enum value of type CanvasTextAlign. @ http://localhost:8000/js/rmmz_core.js:1676
[   21199ms] [WARNING] The provided value 'undefined' is not a valid enum value of type CanvasTextAlign. @ http://localhost:8000/js/rmmz_core.js:1676
[   21199ms] [WARNING] The provided value 'undefined' is not a valid enum value of type CanvasTextAlign. @ http://localhost:8000/js/rmmz_core.js:1676
[   21282ms] [WARNING] The provided value 'undefined' is not a valid enum value of type CanvasTextAlign. @ http://localhost:8000/js/rmmz_core.js:1676
[   21282ms] [WARNING] The provided value 'undefined' is not a valid enum value of type CanvasTextAlign. @ http://localhost:8000/js/rmmz_core.js:1676
[   21283ms] [WARNING] The provided value 'undefined' is not a valid enum value of type CanvasTextAlign. @ http://localhost:8000/js/rmmz_core.js:1676
[   21283ms] [WARNING] The provided value 'undefined' is not a valid enum value of type CanvasTextAlign. @ http://localhost:8000/js/rmmz_core.js:1676
[   21283ms] [WARNING] The provided value 'undefined' is not a valid enum value of type CanvasTextAlign. @ http://localhost:8000/js/rmmz_core.js:1676
[   21283ms] [WARNING] The provided value 'undefined' is not a valid enum value of type CanvasTextAlign. @ http://localhost:8000/js/rmmz_core.js:1676
[   21283ms] [WARNING] The provided value 'undefined' is not a valid enum value of type CanvasTextAlign. @ http://localhost:8000/js/rmmz_core.js:1676
[   21284ms] [WARNING] The provided value 'undefined' is not a valid enum value of type CanvasTextAlign. @ http://localhost:8000/js/rmmz_core.js:1676
[   21284ms] [WARNING] The provided value 'undefined' is not a valid enum value of type CanvasTextAlign. @ http://localhost:8000/js/rmmz_core.js:1676
[   21385ms] [WARNING] The provided value 'undefined' is not a valid enum value of type CanvasTextAlign. @ http://localhost:8000/js/rmmz_core.js:1676
[   21386ms] [WARNING] The provided value 'undefined' is not a valid enum value of type CanvasTextAlign. @ http://localhost:8000/js/rmmz_core.js:1676
[   21386ms] [WARNING] The provided value 'undefined' is not a valid enum value of type CanvasTextAlign. @ http://localhost:8000/js/rmmz_core.js:1676
[   21386ms] [WARNING] The provided value 'undefined' is not a valid enum value of type CanvasTextAlign. @ http://localhost:8000/js/rmmz_core.js:1676
[   21386ms] [WARNING] The provided value 'undefined' is not a valid enum value of type CanvasTextAlign. @ http://localhost:8000/js/rmmz_core.js:1676
[   21387ms] [WARNING] The provided value 'undefined' is not a valid enum value of type CanvasTextAlign. @ http://localhost:8000/js/rmmz_core.js:1676
[   21387ms] [WARNING] The provided value 'undefined' is not a valid enum value of type CanvasTextAlign. @ http://localhost:8000/js/rmmz_core.js:1676
[   21387ms] [WARNING] The provided value 'undefined' is not a valid enum value of type CanvasTextAlign. @ http://localhost:8000/js/rmmz_core.js:1676
[   21387ms] [WARNING] The provided value 'undefined' is not a valid enum value of type CanvasTextAlign. @ http://localhost:8000/js/rmmz_core.js:1676
[   21489ms] [WARNING] The provided value 'undefined' is not a valid enum value of type CanvasTextAlign. @ http://localhost:8000/js/rmmz_core.js:1676
[   21489ms] [WARNING] The provided value 'undefined' is not a valid enum value of type CanvasTextAlign. @ http://localhost:8000/js/rmmz_core.js:1676
[   21489ms] [WARNING] The provided value 'undefined' is not a valid enum value of type CanvasTextAlign. @ http://localhost:8000/js/rmmz_core.js:1676
[   21489ms] [WARNING] The provided value 'undefined' is not a valid enum value of type CanvasTextAlign. @ http://localhost:8000/js/rmmz_core.js:1676
[   21490ms] [WARNING] The provided value 'undefined' is not a valid enum value of type CanvasTextAlign. @ http://localhost:8000/js/rmmz_core.js:1676
[   21490ms] [WARNING] The provided value 'undefined' is not a valid enum value of type CanvasTextAlign. @ http://localhost:8000/js/rmmz_core.js:1676
[   21490ms] [WARNING] The provided value 'undefined' is not a valid enum value of type CanvasTextAlign. @ http://localhost:8000/js/rmmz_core.js:1676
[   21491ms] [WARNING] The provided value 'undefined' is not a valid enum value of type CanvasTextAlign. @ http://localhost:8000/js/rmmz_core.js:1676
[   21491ms] [WARNING] The provided value 'undefined' is not a valid enum value of type CanvasTextAlign. @ http://localhost:8000/js/rmmz_core.js:1676
[   21578ms] [WARNING] The provided value 'undefined' is not a valid enum value of type CanvasTextAlign. @ http://localhost:8000/js/rmmz_core.js:1676
[   21579ms] [WARNING] The provided value 'undefined' is not a valid enum value of type CanvasTextAlign. @ http://localhost:8000/js/rmmz_core.js:1676
[   21579ms] [WARNING] The provided value 'undefined' is not a valid enum value of type CanvasTextAlign. @ http://localhost:8000/js/rmmz_core.js:1676
[   21579ms] [WARNING] The provided value 'undefined' is not a valid enum value of type CanvasTextAlign. @ http://localhost:8000/js/rmmz_core.js:1676
[   21579ms] [WARNING] The provided value 'undefined' is not a valid enum value of type CanvasTextAlign. @ http://localhost:8000/js/rmmz_core.js:1676
[   21580ms] [WARNING] The provided value 'undefined' is not a valid enum value of type CanvasTextAlign. @ http://localhost:8000/js/rmmz_core.js:1676
[   21580ms] [WARNING] The provided value 'undefined' is not a valid enum value of type CanvasTextAlign. @ http://localhost:8000/js/rmmz_core.js:1676
[   21580ms] [WARNING] The provided value 'undefined' is not a valid enum value of type CanvasTextAlign. @ http://localhost:8000/js/rmmz_core.js:1676
[   21580ms] [WARNING] The provided value 'undefined' is not a valid enum value of type CanvasTextAlign. @ http://localhost:8000/js/rmmz_core.js:1676
[   21679ms] [WARNING] The provided value 'undefined' is not a valid enum value of type CanvasTextAlign. @ http://localhost:8000/js/rmmz_core.js:1676
[   21680ms] [WARNING] The provided value 'undefined' is not a valid enum value of type CanvasTextAlign. @ http://localhost:8000/js/rmmz_core.js:1676
[   21680ms] [WARNING] The provided value 'undefined' is not a valid enum value of type CanvasTextAlign. @ http://localhost:8000/js/rmmz_core.js:1676
[   21680ms] [WARNING] The provided value 'undefined' is not a valid enum value of type CanvasTextAlign. @ http://localhost:8000/js/rmmz_core.js:1676
[   21680ms] [WARNING] The provided value 'undefined' is not a valid enum value of type CanvasTextAlign. @ http://localhost:8000/js/rmmz_core.js:1676
[   21681ms] [WARNING] The provided value 'undefined' is not a valid enum value of type CanvasTextAlign. @ http://localhost:8000/js/rmmz_core.js:1676
[   21681ms] [WARNING] The provided value 'undefined' is not a valid enum value of type CanvasTextAlign. @ http://localhost:8000/js/rmmz_core.js:1676
[   21681ms] [WARNING] The provided value 'undefined' is not a valid enum value of type CanvasTextAlign. @ http://localhost:8000/js/rmmz_core.js:1676
[   21681ms] [WARNING] The provided value 'undefined' is not a valid enum value of type CanvasTextAlign. @ http://localhost:8000/js/rmmz_core.js:1676
[   21779ms] [WARNING] The provided value 'undefined' is not a valid enum value of type CanvasTextAlign. @ http://localhost:8000/js/rmmz_core.js:1676
[   21780ms] [WARNING] The provided value 'undefined' is not a valid enum value of type CanvasTextAlign. @ http://localhost:8000/js/rmmz_core.js:1676
[   21780ms] [WARNING] The provided value 'undefined' is not a valid enum value of type CanvasTextAlign. @ http://localhost:8000/js/rmmz_core.js:1676
[   21780ms] [WARNING] The provided value 'undefined' is not a valid enum value of type CanvasTextAlign. @ http://localhost:8000/js/rmmz_core.js:1676
[   21781ms] [WARNING] The provided value 'undefined' is not a valid enum value of type CanvasTextAlign. @ http://localhost:8000/js/rmmz_core.js:1676
[   21781ms] [WARNING] The provided value 'undefined' is not a valid enum value of type CanvasTextAlign. @ http://localhost:8000/js/rmmz_core.js:1676
[   21781ms] [WARNING] The provided value 'undefined' is not a valid enum value of type CanvasTextAlign. @ http://localhost:8000/js/rmmz_core.js:1676
[   21781ms] [WARNING] The provided value 'undefined' is not a valid enum value of type CanvasTextAlign. @ http://localhost:8000/js/rmmz_core.js:1676
[   21781ms] [WARNING] The provided value 'undefined' is not a valid enum value of type CanvasTextAlign. @ http://localhost:8000/js/rmmz_core.js:1676
[   21880ms] [WARNING] The provided value 'undefined' is not a valid enum value of type CanvasTextAlign. @ http://localhost:8000/js/rmmz_core.js:1676
[   21881ms] [WARNING] The provided value 'undefined' is not a valid enum value of type CanvasTextAlign. @ http://localhost:8000/js/rmmz_core.js:1676
[   21881ms] [WARNING] The provided value 'undefined' is not a valid enum value of type CanvasTextAlign. @ http://localhost:8000/js/rmmz_core.js:1676
[   21881ms] [WARNING] The provided value 'undefined' is not a valid enum value of type CanvasTextAlign. @ http://localhost:8000/js/rmmz_core.js:1676
[   21881ms] [WARNING] The provided value 'undefined' is not a valid enum value of type CanvasTextAlign. @ http://localhost:8000/js/rmmz_core.js:1676
[   21882ms] [WARNING] The provided value 'undefined' is not a valid enum value of type CanvasTextAlign. @ http://localhost:8000/js/rmmz_core.js:1676
[   21882ms] [WARNING] The provided value 'undefined' is not a valid enum value of type CanvasTextAlign. @ http://localhost:8000/js/rmmz_core.js:1676
[   21882ms] [WARNING] The provided value 'undefined' is not a valid enum value of type CanvasTextAlign. @ http://localhost:8000/js/rmmz_core.js:1676
[   21882ms] [WARNING] The provided value 'undefined' is not a valid enum value of type CanvasTextAlign. @ http://localhost:8000/js/rmmz_core.js:1676
[   21982ms] [WARNING] The provided value 'undefined' is not a valid enum value of type CanvasTextAlign. @ http://localhost:8000/js/rmmz_core.js:1676
[   21983ms] [WARNING] The provided value 'undefined' is not a valid enum value of type CanvasTextAlign. @ http://localhost:8000/js/rmmz_core.js:1676
[   21983ms] [WARNING] The provided value 'undefined' is not a valid enum value of type CanvasTextAlign. @ http://localhost:8000/js/rmmz_core.js:1676
[   21983ms] [WARNING] The provided value 'undefined' is not a valid enum value of type CanvasTextAlign. @ http://localhost:8000/js/rmmz_core.js:1676
[   21983ms] [WARNING] The provided value 'undefined' is not a valid enum value of type CanvasTextAlign. @ http://localhost:8000/js/rmmz_core.js:1676
[   21983ms] [WARNING] The provided value 'undefined' is not a valid enum value of type CanvasTextAlign. @ http://localhost:8000/js/rmmz_core.js:1676
[   21984ms] [WARNING] The provided value 'undefined' is not a valid enum value of type CanvasTextAlign. @ http://localhost:8000/js/rmmz_core.js:1676
[   21984ms] [WARNING] The provided value 'undefined' is not a valid enum value of type CanvasTextAlign. @ http://localhost:8000/js/rmmz_core.js:1676
[   21984ms] [WARNING] The provided value 'undefined' is not a valid enum value of type CanvasTextAlign. @ http://localhost:8000/js/rmmz_core.js:1676
[   22084ms] [WARNING] The provided value 'undefined' is not a valid enum value of type CanvasTextAlign. @ http://localhost:8000/js/rmmz_core.js:1676
[   22084ms] [WARNING] The provided value 'undefined' is not a valid enum value of type CanvasTextAlign. @ http://localhost:8000/js/rmmz_core.js:1676
[   22084ms] [WARNING] The provided value 'undefined' is not a valid enum value of type CanvasTextAlign. @ http://localhost:8000/js/rmmz_core.js:1676
[   22084ms] [WARNING] The provided value 'undefined' is not a valid enum value of type CanvasTextAlign. @ http://localhost:8000/js/rmmz_core.js:1676
[   22085ms] [WARNING] The provided value 'undefined' is not a valid enum value of type CanvasTextAlign. @ http://localhost:8000/js/rmmz_core.js:1676
[   22085ms] [WARNING] The provided value 'undefined' is not a valid enum value of type CanvasTextAlign. @ http://localhost:8000/js/rmmz_core.js:1676
[   22085ms] [WARNING] The provided value 'undefined' is not a valid enum value of type CanvasTextAlign. @ http://localhost:8000/js/rmmz_core.js:1676
[   22086ms] [WARNING] The provided value 'undefined' is not a valid enum value of type CanvasTextAlign. @ http://localhost:8000/js/rmmz_core.js:1676
[   22086ms] [WARNING] The provided value 'undefined' is not a valid enum value of type CanvasTextAlign. @ http://localhost:8000/js/rmmz_core.js:1676
[   22185ms] [WARNING] The provided value 'undefined' is not a valid enum value of type CanvasTextAlign. @ http://localhost:8000/js/rmmz_core.js:1676
[   22186ms] [WARNING] The provided value 'undefined' is not a valid enum value of type CanvasTextAlign. @ http://localhost:8000/js/rmmz_core.js:1676
[   22186ms] [WARNING] The provided value 'undefined' is not a valid enum value of type CanvasTextAlign. @ http://localhost:8000/js/rmmz_core.js:1676
[   22186ms] [WARNING] The provided value 'undefined' is not a valid enum value of type CanvasTextAlign. @ http://localhost:8000/js/rmmz_core.js:1676
[   22186ms] [WARNING] The provided value 'undefined' is not a valid enum value of type CanvasTextAlign. @ http://localhost:8000/js/rmmz_core.js:1676
[   22187ms] [WARNING] The provided value 'undefined' is not a valid enum value of type CanvasTextAlign. @ http://localhost:8000/js/rmmz_core.js:1676
[   22187ms] [WARNING] The provided value 'undefined' is not a valid enum value of type CanvasTextAlign. @ http://localhost:8000/js/rmmz_core.js:1676
[   22187ms] [WARNING] The provided value 'undefined' is not a valid enum value of type CanvasTextAlign. @ http://localhost:8000/js/rmmz_core.js:1676
[   22187ms] [WARNING] The provided value 'undefined' is not a valid enum value of type CanvasTextAlign. @ http://localhost:8000/js/rmmz_core.js:1676
[   22288ms] [WARNING] The provided value 'undefined' is not a valid enum value of type CanvasTextAlign. @ http://localhost:8000/js/rmmz_core.js:1676
[   22289ms] [WARNING] The provided value 'undefined' is not a valid enum value of type CanvasTextAlign. @ http://localhost:8000/js/rmmz_core.js:1676
[   22289ms] [WARNING] The provided value 'undefined' is not a valid enum value of type CanvasTextAlign. @ http://localhost:8000/js/rmmz_core.js:1676
[   22289ms] [WARNING] The provided value 'undefined' is not a valid enum value of type CanvasTextAlign. @ http://localhost:8000/js/rmmz_core.js:1676
[   22290ms] [WARNING] The provided value 'undefined' is not a valid enum value of type CanvasTextAlign. @ http://localhost:8000/js/rmmz_core.js:1676
[   22290ms] [WARNING] The provided value 'undefined' is not a valid enum value of type CanvasTextAlign. @ http://localhost:8000/js/rmmz_core.js:1676
[   22290ms] [WARNING] The provided value 'undefined' is not a valid enum value of type CanvasTextAlign. @ http://localhost:8000/js/rmmz_core.js:1676
[   22290ms] [WARNING] The provided value 'undefined' is not a valid enum value of type CanvasTextAlign. @ http://localhost:8000/js/rmmz_core.js:1676
[   22290ms] [WARNING] The provided value 'undefined' is not a valid enum value of type CanvasTextAlign. @ http://localhost:8000/js/rmmz_core.js:1676
[   22379ms] [WARNING] The provided value 'undefined' is not a valid enum value of type CanvasTextAlign. @ http://localhost:8000/js/rmmz_core.js:1676
[   22380ms] [WARNING] The provided value 'undefined' is not a valid enum value of type CanvasTextAlign. @ http://localhost:8000/js/rmmz_core.js:1676
[   22380ms] [WARNING] The provided value 'undefined' is not a valid enum value of type CanvasTextAlign. @ http://localhost:8000/js/rmmz_core.js:1676
[   22380ms] [WARNING] The provided value 'undefined' is not a valid enum value of type CanvasTextAlign. @ http://localhost:8000/js/rmmz_core.js:1676
[   22380ms] [WARNING] The provided value 'undefined' is not a valid enum value of type CanvasTextAlign. @ http://localhost:8000/js/rmmz_core.js:1676
[   22381ms] [WARNING] The provided value 'undefined' is not a valid enum value of type CanvasTextAlign. @ http://localhost:8000/js/rmmz_core.js:1676
[   22381ms] [WARNING] The provided value 'undefined' is not a valid enum value of type CanvasTextAlign. @ http://localhost:8000/js/rmmz_core.js:1676
[   22381ms] [WARNING] The provided value 'undefined' is not a valid enum value of type CanvasTextAlign. @ http://localhost:8000/js/rmmz_core.js:1676
[   22381ms] [WARNING] The provided value 'undefined' is not a valid enum value of type CanvasTextAlign. @ http://localhost:8000/js/rmmz_core.js:1676
[   22381ms] [WARNING] The provided value 'undefined' is not a valid enum value of type CanvasTextAlign. @ http://localhost:8000/js/rmmz_core.js:1676
[   22381ms] [WARNING] The provided value 'undefined' is not a valid enum value of type CanvasTextAlign. @ http://localhost:8000/js/rmmz_core.js:1676
[   22382ms] [WARNING] The provided value 'undefined' is not a valid enum value of type CanvasTextAlign. @ http://localhost:8000/js/rmmz_core.js:1676
[   22382ms] [WARNING] The provided value 'undefined' is not a valid enum value of type CanvasTextAlign. @ http://localhost:8000/js/rmmz_core.js:1676
[   22382ms] [WARNING] The provided value 'undefined' is not a valid enum value of type CanvasTextAlign. @ http://localhost:8000/js/rmmz_core.js:1676
[   22382ms] [WARNING] The provided value 'undefined' is not a valid enum value of type CanvasTextAlign. @ http://localhost:8000/js/rmmz_core.js:1676
[   22382ms] [WARNING] The provided value 'undefined' is not a valid enum value of type CanvasTextAlign. @ http://localhost:8000/js/rmmz_core.js:1676
[   22382ms] [WARNING] The provided value 'undefined' is not a valid enum value of type CanvasTextAlign. @ http://localhost:8000/js/rmmz_core.js:1676
[   22382ms] [WARNING] The provided value 'undefined' is not a valid enum value of type CanvasTextAlign. @ http://localhost:8000/js/rmmz_core.js:1676
[   22483ms] [WARNING] The provided value 'undefined' is not a valid enum value of type CanvasTextAlign. @ http://localhost:8000/js/rmmz_core.js:1676
[   22484ms] [WARNING] The provided value 'undefined' is not a valid enum value of type CanvasTextAlign. @ http://localhost:8000/js/rmmz_core.js:1676
[   22484ms] [WARNING] The provided value 'undefined' is not a valid enum value of type CanvasTextAlign. @ http://localhost:8000/js/rmmz_core.js:1676
[   22484ms] [WARNING] The provided value 'undefined' is not a valid enum value of type CanvasTextAlign. @ http://localhost:8000/js/rmmz_core.js:1676
[   22485ms] [WARNING] The provided value 'undefined' is not a valid enum value of type CanvasTextAlign. @ http://localhost:8000/js/rmmz_core.js:1676
[   22485ms] [WARNING] The provided value 'undefined' is not a valid enum value of type CanvasTextAlign. @ http://localhost:8000/js/rmmz_core.js:1676
[   22485ms] [WARNING] The provided value 'undefined' is not a valid enum value of type CanvasTextAlign. @ http://localhost:8000/js/rmmz_core.js:1676
[   22485ms] [WARNING] The provided value 'undefined' is not a valid enum value of type CanvasTextAlign. @ http://localhost:8000/js/rmmz_core.js:1676
[   22485ms] [WARNING] The provided value 'undefined' is not a valid enum value of type CanvasTextAlign. @ http://localhost:8000/js/rmmz_core.js:1676
[   22585ms] [WARNING] The provided value 'undefined' is not a valid enum value of type CanvasTextAlign. @ http://localhost:8000/js/rmmz_core.js:1676
[   22586ms] [WARNING] The provided value 'undefined' is not a valid enum value of type CanvasTextAlign. @ http://localhost:8000/js/rmmz_core.js:1676
[   22586ms] [WARNING] The provided value 'undefined' is not a valid enum value of type CanvasTextAlign. @ http://localhost:8000/js/rmmz_core.js:1676
[   22586ms] [WARNING] The provided value 'undefined' is not a valid enum value of type CanvasTextAlign. @ http://localhost:8000/js/rmmz_core.js:1676
[   22586ms] [WARNING] The provided value 'undefined' is not a valid enum value of type CanvasTextAlign. @ http://localhost:8000/js/rmmz_core.js:1676
[   22587ms] [WARNING] The provided value 'undefined' is not a valid enum value of type CanvasTextAlign. @ http://localhost:8000/js/rmmz_core.js:1676
[   22587ms] [WARNING] The provided value 'undefined' is not a valid enum value of type CanvasTextAlign. @ http://localhost:8000/js/rmmz_core.js:1676
[   22587ms] [WARNING] The provided value 'undefined' is not a valid enum value of type CanvasTextAlign. @ http://localhost:8000/js/rmmz_core.js:1676
[   22587ms] [WARNING] The provided value 'undefined' is not a valid enum value of type CanvasTextAlign. @ http://localhost:8000/js/rmmz_core.js:1676
[   22687ms] [WARNING] The provided value 'undefined' is not a valid enum value of type CanvasTextAlign. @ http://localhost:8000/js/rmmz_core.js:1676
[   22688ms] [WARNING] The provided value 'undefined' is not a valid enum value of type CanvasTextAlign. @ http://localhost:8000/js/rmmz_core.js:1676
[   22688ms] [WARNING] The provided value 'undefined' is not a valid enum value of type CanvasTextAlign. @ http://localhost:8000/js/rmmz_core.js:1676
[   22688ms] [WARNING] The provided value 'undefined' is not a valid enum value of type CanvasTextAlign. @ http://localhost:8000/js/rmmz_core.js:1676
[   22688ms] [WARNING] The provided value 'undefined' is not a valid enum value of type CanvasTextAlign. @ http://localhost:8000/js/rmmz_core.js:1676
[   22689ms] [WARNING] The provided value 'undefined' is not a valid enum value of type CanvasTextAlign. @ http://localhost:8000/js/rmmz_core.js:1676
[   22689ms] [WARNING] The provided value 'undefined' is not a valid enum value of type CanvasTextAlign. @ http://localhost:8000/js/rmmz_core.js:1676
[   22689ms] [WARNING] The provided value 'undefined' is not a valid enum value of type CanvasTextAlign. @ http://localhost:8000/js/rmmz_core.js:1676
[   22689ms] [WARNING] The provided value 'undefined' is not a valid enum value of type CanvasTextAlign. @ http://localhost:8000/js/rmmz_core.js:1676
[   22788ms] [WARNING] The provided value 'undefined' is not a valid enum value of type CanvasTextAlign. @ http://localhost:8000/js/rmmz_core.js:1676
[   22788ms] [WARNING] The provided value 'undefined' is not a valid enum value of type CanvasTextAlign. @ http://localhost:8000/js/rmmz_core.js:1676
[   22788ms] [WARNING] The provided value 'undefined' is not a valid enum value of type CanvasTextAlign. @ http://localhost:8000/js/rmmz_core.js:1676
[   22788ms] [WARNING] The provided value 'undefined' is not a valid enum value of type CanvasTextAlign. @ http://localhost:8000/js/rmmz_core.js:1676
[   22789ms] [WARNING] The provided value 'undefined' is not a valid enum value of type CanvasTextAlign. @ http://localhost:8000/js/rmmz_core.js:1676
[   22789ms] [WARNING] The provided value 'undefined' is not a valid enum value of type CanvasTextAlign. @ http://localhost:8000/js/rmmz_core.js:1676
[   22789ms] [WARNING] The provided value 'undefined' is not a valid enum value of type CanvasTextAlign. @ http://localhost:8000/js/rmmz_core.js:1676
[   22790ms] [WARNING] The provided value 'undefined' is not a valid enum value of type CanvasTextAlign. @ http://localhost:8000/js/rmmz_core.js:1676
[   22790ms] [WARNING] The provided value 'undefined' is not a valid enum value of type CanvasTextAlign. @ http://localhost:8000/js/rmmz_core.js:1676
[   22877ms] [WARNING] The provided value 'undefined' is not a valid enum value of type CanvasTextAlign. @ http://localhost:8000/js/rmmz_core.js:1676
[   22877ms] [WARNING] The provided value 'undefined' is not a valid enum value of type CanvasTextAlign. @ http://localhost:8000/js/rmmz_core.js:1676
[   22877ms] [WARNING] The provided value 'undefined' is not a valid enum value of type CanvasTextAlign. @ http://localhost:8000/js/rmmz_core.js:1676
[   22878ms] [WARNING] The provided value 'undefined' is not a valid enum value of type CanvasTextAlign. @ http://localhost:8000/js/rmmz_core.js:1676
[   22878ms] [WARNING] The provided value 'undefined' is not a valid enum value of type CanvasTextAlign. @ http://localhost:8000/js/rmmz_core.js:1676
[   22878ms] [WARNING] The provided value 'undefined' is not a valid enum value of type CanvasTextAlign. @ http://localhost:8000/js/rmmz_core.js:1676
[   22878ms] [WARNING] The provided value 'undefined' is not a valid enum value of type CanvasTextAlign. @ http://localhost:8000/js/rmmz_core.js:1676
[   22879ms] [WARNING] The provided value 'undefined' is not a valid enum value of type CanvasTextAlign. @ http://localhost:8000/js/rmmz_core.js:1676
[   22879ms] [WARNING] The provided value 'undefined' is not a valid enum value of type CanvasTextAlign. @ http://localhost:8000/js/rmmz_core.js:1676
[   22984ms] [WARNING] The provided value 'undefined' is not a valid enum value of type CanvasTextAlign. @ http://localhost:8000/js/rmmz_core.js:1676
[   22985ms] [WARNING] The provided value 'undefined' is not a valid enum value of type CanvasTextAlign. @ http://localhost:8000/js/rmmz_core.js:1676
[   22985ms] [WARNING] The provided value 'undefined' is not a valid enum value of type CanvasTextAlign. @ http://localhost:8000/js/rmmz_core.js:1676
[   22985ms] [WARNING] The provided value 'undefined' is not a valid enum value of type CanvasTextAlign. @ http://localhost:8000/js/rmmz_core.js:1676
[   22985ms] [WARNING] The provided value 'undefined' is not a valid enum value of type CanvasTextAlign. @ http://localhost:8000/js/rmmz_core.js:1676
[   22986ms] [WARNING] The provided value 'undefined' is not a valid enum value of type CanvasTextAlign. @ http://localhost:8000/js/rmmz_core.js:1676
[   22986ms] [WARNING] The provided value 'undefined' is not a valid enum value of type CanvasTextAlign. @ http://localhost:8000/js/rmmz_core.js:1676
[   22986ms] [WARNING] The provided value 'undefined' is not a valid enum value of type CanvasTextAlign. @ http://localhost:8000/js/rmmz_core.js:1676
[   22986ms] [WARNING] The provided value 'undefined' is not a valid enum value of type CanvasTextAlign. @ http://localhost:8000/js/rmmz_core.js:1676
[   23086ms] [WARNING] The provided value 'undefined' is not a valid enum value of type CanvasTextAlign. @ http://localhost:8000/js/rmmz_core.js:1676
[   23087ms] [WARNING] The provided value 'undefined' is not a valid enum value of type CanvasTextAlign. @ http://localhost:8000/js/rmmz_core.js:1676
[   23087ms] [WARNING] The provided value 'undefined' is not a valid enum value of type CanvasTextAlign. @ http://localhost:8000/js/rmmz_core.js:1676
[   23087ms] [WARNING] The provided value 'undefined' is not a valid enum value of type CanvasTextAlign. @ http://localhost:8000/js/rmmz_core.js:1676
[   23087ms] [WARNING] The provided value 'undefined' is not a valid enum value of type CanvasTextAlign. @ http://localhost:8000/js/rmmz_core.js:1676
[   23088ms] [WARNING] The provided value 'undefined' is not a valid enum value of type CanvasTextAlign. @ http://localhost:8000/js/rmmz_core.js:1676
[   23088ms] [WARNING] The provided value 'undefined' is not a valid enum value of type CanvasTextAlign. @ http://localhost:8000/js/rmmz_core.js:1676
[   23088ms] [WARNING] The provided value 'undefined' is not a valid enum value of type CanvasTextAlign. @ http://localhost:8000/js/rmmz_core.js:1676
[   23088ms] [WARNING] The provided value 'undefined' is not a valid enum value of type CanvasTextAlign. @ http://localhost:8000/js/rmmz_core.js:1676
[   23189ms] [WARNING] The provided value 'undefined' is not a valid enum value of type CanvasTextAlign. @ http://localhost:8000/js/rmmz_core.js:1676
[   23190ms] [WARNING] The provided value 'undefined' is not a valid enum value of type CanvasTextAlign. @ http://localhost:8000/js/rmmz_core.js:1676
[   23190ms] [WARNING] The provided value 'undefined' is not a valid enum value of type CanvasTextAlign. @ http://localhost:8000/js/rmmz_core.js:1676
[   23190ms] [WARNING] The provided value 'undefined' is not a valid enum value of type CanvasTextAlign. @ http://localhost:8000/js/rmmz_core.js:1676
[   23190ms] [WARNING] The provided value 'undefined' is not a valid enum value of type CanvasTextAlign. @ http://localhost:8000/js/rmmz_core.js:1676
[   23191ms] [WARNING] The provided value 'undefined' is not a valid enum value of type CanvasTextAlign. @ http://localhost:8000/js/rmmz_core.js:1676
[   23191ms] [WARNING] The provided value 'undefined' is not a valid enum value of type CanvasTextAlign. @ http://localhost:8000/js/rmmz_core.js:1676
[   23191ms] [WARNING] The provided value 'undefined' is not a valid enum value of type CanvasTextAlign. @ http://localhost:8000/js/rmmz_core.js:1676
[   23191ms] [WARNING] The provided value 'undefined' is not a valid enum value of type CanvasTextAlign. @ http://localhost:8000/js/rmmz_core.js:1676
[   23281ms] [WARNING] The provided value 'undefined' is not a valid enum value of type CanvasTextAlign. @ http://localhost:8000/js/rmmz_core.js:1676
[   23281ms] [WARNING] The provided value 'undefined' is not a valid enum value of type CanvasTextAlign. @ http://localhost:8000/js/rmmz_core.js:1676
[   23281ms] [WARNING] The provided value 'undefined' is not a valid enum value of type CanvasTextAlign. @ http://localhost:8000/js/rmmz_core.js:1676
[   23281ms] [WARNING] The provided value 'undefined' is not a valid enum value of type CanvasTextAlign. @ http://localhost:8000/js/rmmz_core.js:1676
[   23282ms] [WARNING] The provided value 'undefined' is not a valid enum value of type CanvasTextAlign. @ http://localhost:8000/js/rmmz_core.js:1676
[   23282ms] [WARNING] The provided value 'undefined' is not a valid enum value of type CanvasTextAlign. @ http://localhost:8000/js/rmmz_core.js:1676
[   23282ms] [WARNING] The provided value 'undefined' is not a valid enum value of type CanvasTextAlign. @ http://localhost:8000/js/rmmz_core.js:1676
[   23282ms] [WARNING] The provided value 'undefined' is not a valid enum value of type CanvasTextAlign. @ http://localhost:8000/js/rmmz_core.js:1676
[   23282ms] [WARNING] The provided value 'undefined' is not a valid enum value of type CanvasTextAlign. @ http://localhost:8000/js/rmmz_core.js:1676
[   23384ms] [WARNING] The provided value 'undefined' is not a valid enum value of type CanvasTextAlign. @ http://localhost:8000/js/rmmz_core.js:1676
[   23385ms] [WARNING] The provided value 'undefined' is not a valid enum value of type CanvasTextAlign. @ http://localhost:8000/js/rmmz_core.js:1676
[   23385ms] [WARNING] The provided value 'undefined' is not a valid enum value of type CanvasTextAlign. @ http://localhost:8000/js/rmmz_core.js:1676
[   23385ms] [WARNING] The provided value 'undefined' is not a valid enum value of type CanvasTextAlign. @ http://localhost:8000/js/rmmz_core.js:1676
[   23386ms] [WARNING] The provided value 'undefined' is not a valid enum value of type CanvasTextAlign. @ http://localhost:8000/js/rmmz_core.js:1676
[   23386ms] [WARNING] The provided value 'undefined' is not a valid enum value of type CanvasTextAlign. @ http://localhost:8000/js/rmmz_core.js:1676
[   23386ms] [WARNING] The provided value 'undefined' is not a valid enum value of type CanvasTextAlign. @ http://localhost:8000/js/rmmz_core.js:1676
[   23387ms] [WARNING] The provided value 'undefined' is not a valid enum value of type CanvasTextAlign. @ http://localhost:8000/js/rmmz_core.js:1676
[   23387ms] [WARNING] The provided value 'undefined' is not a valid enum value of type CanvasTextAlign. @ http://localhost:8000/js/rmmz_core.js:1676
[   23488ms] [WARNING] The provided value 'undefined' is not a valid enum value of type CanvasTextAlign. @ http://localhost:8000/js/rmmz_core.js:1676
[   23489ms] [WARNING] The provided value 'undefined' is not a valid enum value of type CanvasTextAlign. @ http://localhost:8000/js/rmmz_core.js:1676
[   23489ms] [WARNING] The provided value 'undefined' is not a valid enum value of type CanvasTextAlign. @ http://localhost:8000/js/rmmz_core.js:1676
[   23489ms] [WARNING] The provided value 'undefined' is not a valid enum value of type CanvasTextAlign. @ http://localhost:8000/js/rmmz_core.js:1676
[   23489ms] [WARNING] The provided value 'undefined' is not a valid enum value of type CanvasTextAlign. @ http://localhost:8000/js/rmmz_core.js:1676
[   23489ms] [WARNING] The provided value 'undefined' is not a valid enum value of type CanvasTextAlign. @ http://localhost:8000/js/rmmz_core.js:1676
[   23490ms] [WARNING] The provided value 'undefined' is not a valid enum value of type CanvasTextAlign. @ http://localhost:8000/js/rmmz_core.js:1676
[   23490ms] [WARNING] The provided value 'undefined' is not a valid enum value of type CanvasTextAlign. @ http://localhost:8000/js/rmmz_core.js:1676
[   23490ms] [WARNING] The provided value 'undefined' is not a valid enum value of type CanvasTextAlign. @ http://localhost:8000/js/rmmz_core.js:1676
[   23579ms] [WARNING] The provided value 'undefined' is not a valid enum value of type CanvasTextAlign. @ http://localhost:8000/js/rmmz_core.js:1676
[   23580ms] [WARNING] The provided value 'undefined' is not a valid enum value of type CanvasTextAlign. @ http://localhost:8000/js/rmmz_core.js:1676
[   23580ms] [WARNING] The provided value 'undefined' is not a valid enum value of type CanvasTextAlign. @ http://localhost:8000/js/rmmz_core.js:1676
[   23580ms] [WARNING] The provided value 'undefined' is not a valid enum value of type CanvasTextAlign. @ http://localhost:8000/js/rmmz_core.js:1676
[   23580ms] [WARNING] The provided value 'undefined' is not a valid enum value of type CanvasTextAlign. @ http://localhost:8000/js/rmmz_core.js:1676
[   23581ms] [WARNING] The provided value 'undefined' is not a valid enum value of type CanvasTextAlign. @ http://localhost:8000/js/rmmz_core.js:1676
[   23581ms] [WARNING] The provided value 'undefined' is not a valid enum value of type CanvasTextAlign. @ http://localhost:8000/js/rmmz_core.js:1676
[   23581ms] [WARNING] The provided value 'undefined' is not a valid enum value of type CanvasTextAlign. @ http://localhost:8000/js/rmmz_core.js:1676
[   23581ms] [WARNING] The provided value 'undefined' is not a valid enum value of type CanvasTextAlign. @ http://localhost:8000/js/rmmz_core.js:1676
[   23681ms] [WARNING] The provided value 'undefined' is not a valid enum value of type CanvasTextAlign. @ http://localhost:8000/js/rmmz_core.js:1676
[   23681ms] [WARNING] The provided value 'undefined' is not a valid enum value of type CanvasTextAlign. @ http://localhost:8000/js/rmmz_core.js:1676
[   23681ms] [WARNING] The provided value 'undefined' is not a valid enum value of type CanvasTextAlign. @ http://localhost:8000/js/rmmz_core.js:1676
[   23682ms] [WARNING] The provided value 'undefined' is not a valid enum value of type CanvasTextAlign. @ http://localhost:8000/js/rmmz_core.js:1676
[   23682ms] [WARNING] The provided value 'undefined' is not a valid enum value of type CanvasTextAlign. @ http://localhost:8000/js/rmmz_core.js:1676
[   23682ms] [WARNING] The provided value 'undefined' is not a valid enum value of type CanvasTextAlign. @ http://localhost:8000/js/rmmz_core.js:1676
[   23682ms] [WARNING] The provided value 'undefined' is not a valid enum value of type CanvasTextAlign. @ http://localhost:8000/js/rmmz_core.js:1676
[   23683ms] [WARNING] The provided value 'undefined' is not a valid enum value of type CanvasTextAlign. @ http://localhost:8000/js/rmmz_core.js:1676
[   23683ms] [WARNING] The provided value 'undefined' is not a valid enum value of type CanvasTextAlign. @ http://localhost:8000/js/rmmz_core.js:1676
[   23781ms] [WARNING] The provided value 'undefined' is not a valid enum value of type CanvasTextAlign. @ http://localhost:8000/js/rmmz_core.js:1676
[   23781ms] [WARNING] The provided value 'undefined' is not a valid enum value of type CanvasTextAlign. @ http://localhost:8000/js/rmmz_core.js:1676
[   23781ms] [WARNING] The provided value 'undefined' is not a valid enum value of type CanvasTextAlign. @ http://localhost:8000/js/rmmz_core.js:1676
[   23782ms] [WARNING] The provided value 'undefined' is not a valid enum value of type CanvasTextAlign. @ http://localhost:8000/js/rmmz_core.js:1676
[   23782ms] [WARNING] The provided value 'undefined' is not a valid enum value of type CanvasTextAlign. @ http://localhost:8000/js/rmmz_core.js:1676
[   23782ms] [WARNING] The provided value 'undefined' is not a valid enum value of type CanvasTextAlign. @ http://localhost:8000/js/rmmz_core.js:1676
[   23782ms] [WARNING] The provided value 'undefined' is not a valid enum value of type CanvasTextAlign. @ http://localhost:8000/js/rmmz_core.js:1676
[   23783ms] [WARNING] The provided value 'undefined' is not a valid enum value of type CanvasTextAlign. @ http://localhost:8000/js/rmmz_core.js:1676
[   23783ms] [WARNING] The provided value 'undefined' is not a valid enum value of type CanvasTextAlign. @ http://localhost:8000/js/rmmz_core.js:1676
[   23880ms] [WARNING] The provided value 'undefined' is not a valid enum value of type CanvasTextAlign. @ http://localhost:8000/js/rmmz_core.js:1676
[   23881ms] [WARNING] The provided value 'undefined' is not a valid enum value of type CanvasTextAlign. @ http://localhost:8000/js/rmmz_core.js:1676
[   23881ms] [WARNING] The provided value 'undefined' is not a valid enum value of type CanvasTextAlign. @ http://localhost:8000/js/rmmz_core.js:1676
[   23881ms] [WARNING] The provided value 'undefined' is not a valid enum value of type CanvasTextAlign. @ http://localhost:8000/js/rmmz_core.js:1676
[   23881ms] [WARNING] The provided value 'undefined' is not a valid enum value of type CanvasTextAlign. @ http://localhost:8000/js/rmmz_core.js:1676
[   23881ms] [WARNING] The provided value 'undefined' is not a valid enum value of type CanvasTextAlign. @ http://localhost:8000/js/rmmz_core.js:1676
[   23881ms] [WARNING] The provided value 'undefined' is not a valid enum value of type CanvasTextAlign. @ http://localhost:8000/js/rmmz_core.js:1676
[   23882ms] [WARNING] The provided value 'undefined' is not a valid enum value of type CanvasTextAlign. @ http://localhost:8000/js/rmmz_core.js:1676
[   23882ms] [WARNING] The provided value 'undefined' is not a valid enum value of type CanvasTextAlign. @ http://localhost:8000/js/rmmz_core.js:1676
[   23984ms] [WARNING] The provided value 'undefined' is not a valid enum value of type CanvasTextAlign. @ http://localhost:8000/js/rmmz_core.js:1676
[   23984ms] [WARNING] The provided value 'undefined' is not a valid enum value of type CanvasTextAlign. @ http://localhost:8000/js/rmmz_core.js:1676
[   23984ms] [WARNING] The provided value 'undefined' is not a valid enum value of type CanvasTextAlign. @ http://localhost:8000/js/rmmz_core.js:1676
[   23984ms] [WARNING] The provided value 'undefined' is not a valid enum value of type CanvasTextAlign. @ http://localhost:8000/js/rmmz_core.js:1676
[   23985ms] [WARNING] The provided value 'undefined' is not a valid enum value of type CanvasTextAlign. @ http://localhost:8000/js/rmmz_core.js:1676
[   23985ms] [WARNING] The provided value 'undefined' is not a valid enum value of type CanvasTextAlign. @ http://localhost:8000/js/rmmz_core.js:1676
[   23985ms] [WARNING] The provided value 'undefined' is not a valid enum value of type CanvasTextAlign. @ http://localhost:8000/js/rmmz_core.js:1676
[   23986ms] [WARNING] The provided value 'undefined' is not a valid enum value of type CanvasTextAlign. @ http://localhost:8000/js/rmmz_core.js:1676
[   23986ms] [WARNING] The provided value 'undefined' is not a valid enum value of type CanvasTextAlign. @ http://localhost:8000/js/rmmz_core.js:1676
[   24087ms] [WARNING] The provided value 'undefined' is not a valid enum value of type CanvasTextAlign. @ http://localhost:8000/js/rmmz_core.js:1676
[   24088ms] [WARNING] The provided value 'undefined' is not a valid enum value of type CanvasTextAlign. @ http://localhost:8000/js/rmmz_core.js:1676
[   24088ms] [WARNING] The provided value 'undefined' is not a valid enum value of type CanvasTextAlign. @ http://localhost:8000/js/rmmz_core.js:1676
[   24088ms] [WARNING] The provided value 'undefined' is not a valid enum value of type CanvasTextAlign. @ http://localhost:8000/js/rmmz_core.js:1676
[   24089ms] [WARNING] The provided value 'undefined' is not a valid enum value of type CanvasTextAlign. @ http://localhost:8000/js/rmmz_core.js:1676
[   24089ms] [WARNING] The provided value 'undefined' is not a valid enum value of type CanvasTextAlign. @ http://localhost:8000/js/rmmz_core.js:1676
[   24089ms] [WARNING] The provided value 'undefined' is not a valid enum value of type CanvasTextAlign. @ http://localhost:8000/js/rmmz_core.js:1676
[   24089ms] [WARNING] The provided value 'undefined' is not a valid enum value of type CanvasTextAlign. @ http://localhost:8000/js/rmmz_core.js:1676
[   24090ms] [WARNING] The provided value 'undefined' is not a valid enum value of type CanvasTextAlign. @ http://localhost:8000/js/rmmz_core.js:1676
[   24177ms] [WARNING] The provided value 'undefined' is not a valid enum value of type CanvasTextAlign. @ http://localhost:8000/js/rmmz_core.js:1676
[   24178ms] [WARNING] The provided value 'undefined' is not a valid enum value of type CanvasTextAlign. @ http://localhost:8000/js/rmmz_core.js:1676
[   24178ms] [WARNING] The provided value 'undefined' is not a valid enum value of type CanvasTextAlign. @ http://localhost:8000/js/rmmz_core.js:1676
[   24178ms] [WARNING] The provided value 'undefined' is not a valid enum value of type CanvasTextAlign. @ http://localhost:8000/js/rmmz_core.js:1676
[   24178ms] [WARNING] The provided value 'undefined' is not a valid enum value of type CanvasTextAlign. @ http://localhost:8000/js/rmmz_core.js:1676
[   24179ms] [WARNING] The provided value 'undefined' is not a valid enum value of type CanvasTextAlign. @ http://localhost:8000/js/rmmz_core.js:1676
[   24179ms] [WARNING] The provided value 'undefined' is not a valid enum value of type CanvasTextAlign. @ http://localhost:8000/js/rmmz_core.js:1676
[   24179ms] [WARNING] The provided value 'undefined' is not a valid enum value of type CanvasTextAlign. @ http://localhost:8000/js/rmmz_core.js:1676
[   24179ms] [WARNING] The provided value 'undefined' is not a valid enum value of type CanvasTextAlign. @ http://localhost:8000/js/rmmz_core.js:1676
[   24282ms] [WARNING] The provided value 'undefined' is not a valid enum value of type CanvasTextAlign. @ http://localhost:8000/js/rmmz_core.js:1676
[   24283ms] [WARNING] The provided value 'undefined' is not a valid enum value of type CanvasTextAlign. @ http://localhost:8000/js/rmmz_core.js:1676
[   24283ms] [WARNING] The provided value 'undefined' is not a valid enum value of type CanvasTextAlign. @ http://localhost:8000/js/rmmz_core.js:1676
[   24283ms] [WARNING] The provided value 'undefined' is not a valid enum value of type CanvasTextAlign. @ http://localhost:8000/js/rmmz_core.js:1676
[   24283ms] [WARNING] The provided value 'undefined' is not a valid enum value of type CanvasTextAlign. @ http://localhost:8000/js/rmmz_core.js:1676
[   24284ms] [WARNING] The provided value 'undefined' is not a valid enum value of type CanvasTextAlign. @ http://localhost:8000/js/rmmz_core.js:1676
[   24284ms] [WARNING] The provided value 'undefined' is not a valid enum value of type CanvasTextAlign. @ http://localhost:8000/js/rmmz_core.js:1676
[   24284ms] [WARNING] The provided value 'undefined' is not a valid enum value of type CanvasTextAlign. @ http://localhost:8000/js/rmmz_core.js:1676
[   24284ms] [WARNING] The provided value 'undefined' is not a valid enum value of type CanvasTextAlign. @ http://localhost:8000/js/rmmz_core.js:1676
[   24386ms] [WARNING] The provided value 'undefined' is not a valid enum value of type CanvasTextAlign. @ http://localhost:8000/js/rmmz_core.js:1676
[   24387ms] [WARNING] The provided value 'undefined' is not a valid enum value of type CanvasTextAlign. @ http://localhost:8000/js/rmmz_core.js:1676
[   24387ms] [WARNING] The provided value 'undefined' is not a valid enum value of type CanvasTextAlign. @ http://localhost:8000/js/rmmz_core.js:1676
[   24387ms] [WARNING] The provided value 'undefined' is not a valid enum value of type CanvasTextAlign. @ http://localhost:8000/js/rmmz_core.js:1676
[   24387ms] [WARNING] The provided value 'undefined' is not a valid enum value of type CanvasTextAlign. @ http://localhost:8000/js/rmmz_core.js:1676
[   24388ms] [WARNING] The provided value 'undefined' is not a valid enum value of type CanvasTextAlign. @ http://localhost:8000/js/rmmz_core.js:1676
[   24388ms] [WARNING] The provided value 'undefined' is not a valid enum value of type CanvasTextAlign. @ http://localhost:8000/js/rmmz_core.js:1676
[   24388ms] [WARNING] The provided value 'undefined' is not a valid enum value of type CanvasTextAlign. @ http://localhost:8000/js/rmmz_core.js:1676
[   24388ms] [WARNING] The provided value 'undefined' is not a valid enum value of type CanvasTextAlign. @ http://localhost:8000/js/rmmz_core.js:1676
[   24388ms] [WARNING] The provided value 'undefined' is not a valid enum value of type CanvasTextAlign. @ http://localhost:8000/js/rmmz_core.js:1676
[   24388ms] [WARNING] The provided value 'undefined' is not a valid enum value of type CanvasTextAlign. @ http://localhost:8000/js/rmmz_core.js:1676
[   24388ms] [WARNING] The provided value 'undefined' is not a valid enum value of type CanvasTextAlign. @ http://localhost:8000/js/rmmz_core.js:1676
[   24388ms] [WARNING] The provided value 'undefined' is not a valid enum value of type CanvasTextAlign. @ http://localhost:8000/js/rmmz_core.js:1676
[   24389ms] [WARNING] The provided value 'undefined' is not a valid enum value of type CanvasTextAlign. @ http://localhost:8000/js/rmmz_core.js:1676
[   24389ms] [WARNING] The provided value 'undefined' is not a valid enum value of type CanvasTextAlign. @ http://localhost:8000/js/rmmz_core.js:1676
[   24389ms] [WARNING] The provided value 'undefined' is not a valid enum value of type CanvasTextAlign. @ http://localhost:8000/js/rmmz_core.js:1676
[   24389ms] [WARNING] The provided value 'undefined' is not a valid enum value of type CanvasTextAlign. @ http://localhost:8000/js/rmmz_core.js:1676
[   24389ms] [WARNING] The provided value 'undefined' is not a valid enum value of type CanvasTextAlign. @ http://localhost:8000/js/rmmz_core.js:1676
[   24477ms] [WARNING] The provided value 'undefined' is not a valid enum value of type CanvasTextAlign. @ http://localhost:8000/js/rmmz_core.js:1676
[   24478ms] [WARNING] The provided value 'undefined' is not a valid enum value of type CanvasTextAlign. @ http://localhost:8000/js/rmmz_core.js:1676
[   24478ms] [WARNING] The provided value 'undefined' is not a valid enum value of type CanvasTextAlign. @ http://localhost:8000/js/rmmz_core.js:1676
[   24478ms] [WARNING] The provided value 'undefined' is not a valid enum value of type CanvasTextAlign. @ http://localhost:8000/js/rmmz_core.js:1676
[   24478ms] [WARNING] The provided value 'undefined' is not a valid enum value of type CanvasTextAlign. @ http://localhost:8000/js/rmmz_core.js:1676
[   24479ms] [WARNING] The provided value 'undefined' is not a valid enum value of type CanvasTextAlign. @ http://localhost:8000/js/rmmz_core.js:1676
[   24479ms] [WARNING] The provided value 'undefined' is not a valid enum value of type CanvasTextAlign. @ http://localhost:8000/js/rmmz_core.js:1676
[   24479ms] [WARNING] The provided value 'undefined' is not a valid enum value of type CanvasTextAlign. @ http://localhost:8000/js/rmmz_core.js:1676
[   24479ms] [WARNING] The provided value 'undefined' is not a valid enum value of type CanvasTextAlign. @ http://localhost:8000/js/rmmz_core.js:1676
[   24580ms] [WARNING] The provided value 'undefined' is not a valid enum value of type CanvasTextAlign. @ http://localhost:8000/js/rmmz_core.js:1676
[   24580ms] [WARNING] The provided value 'undefined' is not a valid enum value of type CanvasTextAlign. @ http://localhost:8000/js/rmmz_core.js:1676
[   24581ms] [WARNING] The provided value 'undefined' is not a valid enum value of type CanvasTextAlign. @ http://localhost:8000/js/rmmz_core.js:1676
[   24581ms] [WARNING] The provided value 'undefined' is not a valid enum value of type CanvasTextAlign. @ http://localhost:8000/js/rmmz_core.js:1676
[   24581ms] [WARNING] The provided value 'undefined' is not a valid enum value of type CanvasTextAlign. @ http://localhost:8000/js/rmmz_core.js:1676
[   24581ms] [WARNING] The provided value 'undefined' is not a valid enum value of type CanvasTextAlign. @ http://localhost:8000/js/rmmz_core.js:1676
[   24581ms] [WARNING] The provided value 'undefined' is not a valid enum value of type CanvasTextAlign. @ http://localhost:8000/js/rmmz_core.js:1676
[   24582ms] [WARNING] The provided value 'undefined' is not a valid enum value of type CanvasTextAlign. @ http://localhost:8000/js/rmmz_core.js:1676
[   24582ms] [WARNING] The provided value 'undefined' is not a valid enum value of type CanvasTextAlign. @ http://localhost:8000/js/rmmz_core.js:1676
[   24683ms] [WARNING] The provided value 'undefined' is not a valid enum value of type CanvasTextAlign. @ http://localhost:8000/js/rmmz_core.js:1676
[   24684ms] [WARNING] The provided value 'undefined' is not a valid enum value of type CanvasTextAlign. @ http://localhost:8000/js/rmmz_core.js:1676
[   24684ms] [WARNING] The provided value 'undefined' is not a valid enum value of type CanvasTextAlign. @ http://localhost:8000/js/rmmz_core.js:1676
[   24684ms] [WARNING] The provided value 'undefined' is not a valid enum value of type CanvasTextAlign. @ http://localhost:8000/js/rmmz_core.js:1676
[   24684ms] [WARNING] The provided value 'undefined' is not a valid enum value of type CanvasTextAlign. @ http://localhost:8000/js/rmmz_core.js:1676
[   24685ms] [WARNING] The provided value 'undefined' is not a valid enum value of type CanvasTextAlign. @ http://localhost:8000/js/rmmz_core.js:1676
[   24685ms] [WARNING] The provided value 'undefined' is not a valid enum value of type CanvasTextAlign. @ http://localhost:8000/js/rmmz_core.js:1676
[   24685ms] [WARNING] The provided value 'undefined' is not a valid enum value of type CanvasTextAlign. @ http://localhost:8000/js/rmmz_core.js:1676
[   24685ms] [WARNING] The provided value 'undefined' is not a valid enum value of type CanvasTextAlign. @ http://localhost:8000/js/rmmz_core.js:1676
[   24786ms] [WARNING] The provided value 'undefined' is not a valid enum value of type CanvasTextAlign. @ http://localhost:8000/js/rmmz_core.js:1676
[   24786ms] [WARNING] The provided value 'undefined' is not a valid enum value of type CanvasTextAlign. @ http://localhost:8000/js/rmmz_core.js:1676
[   24786ms] [WARNING] The provided value 'undefined' is not a valid enum value of type CanvasTextAlign. @ http://localhost:8000/js/rmmz_core.js:1676
[   24786ms] [WARNING] The provided value 'undefined' is not a valid enum value of type CanvasTextAlign. @ http://localhost:8000/js/rmmz_core.js:1676
[   24787ms] [WARNING] The provided value 'undefined' is not a valid enum value of type CanvasTextAlign. @ http://localhost:8000/js/rmmz_core.js:1676
[   24787ms] [WARNING] The provided value 'undefined' is not a valid enum value of type CanvasTextAlign. @ http://localhost:8000/js/rmmz_core.js:1676
[   24787ms] [WARNING] The provided value 'undefined' is not a valid enum value of type CanvasTextAlign. @ http://localhost:8000/js/rmmz_core.js:1676
[   24788ms] [WARNING] The provided value 'undefined' is not a valid enum value of type CanvasTextAlign. @ http://localhost:8000/js/rmmz_core.js:1676
[   24788ms] [WARNING] The provided value 'undefined' is not a valid enum value of type CanvasTextAlign. @ http://localhost:8000/js/rmmz_core.js:1676
[   24887ms] [WARNING] The provided value 'undefined' is not a valid enum value of type CanvasTextAlign. @ http://localhost:8000/js/rmmz_core.js:1676
[   24887ms] [WARNING] The provided value 'undefined' is not a valid enum value of type CanvasTextAlign. @ http://localhost:8000/js/rmmz_core.js:1676
[   24887ms] [WARNING] The provided value 'undefined' is not a valid enum value of type CanvasTextAlign. @ http://localhost:8000/js/rmmz_core.js:1676
[   24887ms] [WARNING] The provided value 'undefined' is not a valid enum value of type CanvasTextAlign. @ http://localhost:8000/js/rmmz_core.js:1676
[   24888ms] [WARNING] The provided value 'undefined' is not a valid enum value of type CanvasTextAlign. @ http://localhost:8000/js/rmmz_core.js:1676
[   24888ms] [WARNING] The provided value 'undefined' is not a valid enum value of type CanvasTextAlign. @ http://localhost:8000/js/rmmz_core.js:1676
[   24888ms] [WARNING] The provided value 'undefined' is not a valid enum value of type CanvasTextAlign. @ http://localhost:8000/js/rmmz_core.js:1676
[   24889ms] [WARNING] The provided value 'undefined' is not a valid enum value of type CanvasTextAlign. @ http://localhost:8000/js/rmmz_core.js:1676
[   24889ms] [WARNING] The provided value 'undefined' is not a valid enum value of type CanvasTextAlign. @ http://localhost:8000/js/rmmz_core.js:1676
[   24987ms] [WARNING] The provided value 'undefined' is not a valid enum value of type CanvasTextAlign. @ http://localhost:8000/js/rmmz_core.js:1676
[   24987ms] [WARNING] The provided value 'undefined' is not a valid enum value of type CanvasTextAlign. @ http://localhost:8000/js/rmmz_core.js:1676
[   24987ms] [WARNING] The provided value 'undefined' is not a valid enum value of type CanvasTextAlign. @ http://localhost:8000/js/rmmz_core.js:1676
[   24988ms] [WARNING] The provided value 'undefined' is not a valid enum value of type CanvasTextAlign. @ http://localhost:8000/js/rmmz_core.js:1676
[   24988ms] [WARNING] The provided value 'undefined' is not a valid enum value of type CanvasTextAlign. @ http://localhost:8000/js/rmmz_core.js:1676
[   24988ms] [WARNING] The provided value 'undefined' is not a valid enum value of type CanvasTextAlign. @ http://localhost:8000/js/rmmz_core.js:1676
[   24988ms] [WARNING] The provided value 'undefined' is not a valid enum value of type CanvasTextAlign. @ http://localhost:8000/js/rmmz_core.js:1676
[   24989ms] [WARNING] The provided value 'undefined' is not a valid enum value of type CanvasTextAlign. @ http://localhost:8000/js/rmmz_core.js:1676
[   24989ms] [WARNING] The provided value 'undefined' is not a valid enum value of type CanvasTextAlign. @ http://localhost:8000/js/rmmz_core.js:1676
[   25089ms] [WARNING] The provided value 'undefined' is not a valid enum value of type CanvasTextAlign. @ http://localhost:8000/js/rmmz_core.js:1676
[   25089ms] [WARNING] The provided value 'undefined' is not a valid enum value of type CanvasTextAlign. @ http://localhost:8000/js/rmmz_core.js:1676
[   25089ms] [WARNING] The provided value 'undefined' is not a valid enum value of type CanvasTextAlign. @ http://localhost:8000/js/rmmz_core.js:1676
[   25089ms] [WARNING] The provided value 'undefined' is not a valid enum value of type CanvasTextAlign. @ http://localhost:8000/js/rmmz_core.js:1676
[   25090ms] [WARNING] The provided value 'undefined' is not a valid enum value of type CanvasTextAlign. @ http://localhost:8000/js/rmmz_core.js:1676
[   25090ms] [WARNING] The provided value 'undefined' is not a valid enum value of type CanvasTextAlign. @ http://localhost:8000/js/rmmz_core.js:1676
[   25090ms] [WARNING] The provided value 'undefined' is not a valid enum value of type CanvasTextAlign. @ http://localhost:8000/js/rmmz_core.js:1676
[   25091ms] [WARNING] The provided value 'undefined' is not a valid enum value of type CanvasTextAlign. @ http://localhost:8000/js/rmmz_core.js:1676
[   25091ms] [WARNING] The provided value 'undefined' is not a valid enum value of type CanvasTextAlign. @ http://localhost:8000/js/rmmz_core.js:1676
[   25179ms] [WARNING] The provided value 'undefined' is not a valid enum value of type CanvasTextAlign. @ http://localhost:8000/js/rmmz_core.js:1676
[   25179ms] [WARNING] The provided value 'undefined' is not a valid enum value of type CanvasTextAlign. @ http://localhost:8000/js/rmmz_core.js:1676
[   25179ms] [WARNING] The provided value 'undefined' is not a valid enum value of type CanvasTextAlign. @ http://localhost:8000/js/rmmz_core.js:1676
[   25180ms] [WARNING] The provided value 'undefined' is not a valid enum value of type CanvasTextAlign. @ http://localhost:8000/js/rmmz_core.js:1676
[   25180ms] [WARNING] The provided value 'undefined' is not a valid enum value of type CanvasTextAlign. @ http://localhost:8000/js/rmmz_core.js:1676
[   25180ms] [WARNING] The provided value 'undefined' is not a valid enum value of type CanvasTextAlign. @ http://localhost:8000/js/rmmz_core.js:1676
[   25180ms] [WARNING] The provided value 'undefined' is not a valid enum value of type CanvasTextAlign. @ http://localhost:8000/js/rmmz_core.js:1676
[   25181ms] [WARNING] The provided value 'undefined' is not a valid enum value of type CanvasTextAlign. @ http://localhost:8000/js/rmmz_core.js:1676
[   25181ms] [WARNING] The provided value 'undefined' is not a valid enum value of type CanvasTextAlign. @ http://localhost:8000/js/rmmz_core.js:1676
[   25282ms] [WARNING] The provided value 'undefined' is not a valid enum value of type CanvasTextAlign. @ http://localhost:8000/js/rmmz_core.js:1676
[   25282ms] [WARNING] The provided value 'undefined' is not a valid enum value of type CanvasTextAlign. @ http://localhost:8000/js/rmmz_core.js:1676
[   25282ms] [WARNING] The provided value 'undefined' is not a valid enum value of type CanvasTextAlign. @ http://localhost:8000/js/rmmz_core.js:1676
[   25283ms] [WARNING] The provided value 'undefined' is not a valid enum value of type CanvasTextAlign. @ http://localhost:8000/js/rmmz_core.js:1676
[   25283ms] [WARNING] The provided value 'undefined' is not a valid enum value of type CanvasTextAlign. @ http://localhost:8000/js/rmmz_core.js:1676
[   25283ms] [WARNING] The provided value 'undefined' is not a valid enum value of type CanvasTextAlign. @ http://localhost:8000/js/rmmz_core.js:1676
[   25283ms] [WARNING] The provided value 'undefined' is not a valid enum value of type CanvasTextAlign. @ http://localhost:8000/js/rmmz_core.js:1676
[   25284ms] [WARNING] The provided value 'undefined' is not a valid enum value of type CanvasTextAlign. @ http://localhost:8000/js/rmmz_core.js:1676
[   25284ms] [WARNING] The provided value 'undefined' is not a valid enum value of type CanvasTextAlign. @ http://localhost:8000/js/rmmz_core.js:1676
[   25346ms] [LOG] RACE_EVENT: {
  "type": "SAFE_CLICK",
  "frame": 580,
  "vars": {
    "RACE_ID": 1,
    "SCENE_INDEX": 3,
    "SCENE_TYPE": 0,
    "P_CENA": 80,
    "CONSCIENCIA": 60,
    "PONTOS_GLORIA": 160,
    "TAXA_SUCESSO": 0,
    "ROLL_RESULT": 0,
    "TIMER_FRAMES": 0,
    "SCENE_START": 329,
    "SEED": 0,
    "RACE_N_CENAS": 6,
    "ATTEMPT_N": 7,
    "LAST_RENDERED_INDEX": 2,
    "HOVER_LEVEL": 0,
    "TIMER_TIMEOUT_FLAG": 1,
    "VITORIA_PASSOU": 0,
    "GLORIA_META": 200,
    "TIMER_SECONDS": 1,
    "SCENE_DISPLAY": 3
  },
  "switches": {
    "RACE_ACTIVE": true,
    "INPUT_LOCKED": true,
    "CRASH_FLAG": false,
    "LAST_ACTION_SAFE": true,
    "PAUSED": false,
    "IS_CURVA_DIABO": false
  },
  "timestamp": "2026-07-07T07:49:43.346Z"
} @ http://localhost:8000/js/plugins/Jhonny_RaceHelper.js:234
[   25384ms] [WARNING] The provided value 'undefined' is not a valid enum value of type CanvasTextAlign. @ http://localhost:8000/js/rmmz_core.js:1676
[   25384ms] [WARNING] The provided value 'undefined' is not a valid enum value of type CanvasTextAlign. @ http://localhost:8000/js/rmmz_core.js:1676
[   25384ms] [WARNING] The provided value 'undefined' is not a valid enum value of type CanvasTextAlign. @ http://localhost:8000/js/rmmz_core.js:1676
[   25384ms] [WARNING] The provided value 'undefined' is not a valid enum value of type CanvasTextAlign. @ http://localhost:8000/js/rmmz_core.js:1676
[   25384ms] [WARNING] The provided value 'undefined' is not a valid enum value of type CanvasTextAlign. @ http://localhost:8000/js/rmmz_core.js:1676
[   25384ms] [WARNING] The provided value 'undefined' is not a valid enum value of type CanvasTextAlign. @ http://localhost:8000/js/rmmz_core.js:1676
[   25384ms] [WARNING] The provided value 'undefined' is not a valid enum value of type CanvasTextAlign. @ http://localhost:8000/js/rmmz_core.js:1676
[   25384ms] [WARNING] The provided value 'undefined' is not a valid enum value of type CanvasTextAlign. @ http://localhost:8000/js/rmmz_core.js:1676
[   25384ms] [WARNING] The provided value 'undefined' is not a valid enum value of type CanvasTextAlign. @ http://localhost:8000/js/rmmz_core.js:1676
[   25385ms] [WARNING] The provided value 'undefined' is not a valid enum value of type CanvasTextAlign. @ http://localhost:8000/js/rmmz_core.js:1676
[   25385ms] [WARNING] The provided value 'undefined' is not a valid enum value of type CanvasTextAlign. @ http://localhost:8000/js/rmmz_core.js:1676
[   25385ms] [WARNING] The provided value 'undefined' is not a valid enum value of type CanvasTextAlign. @ http://localhost:8000/js/rmmz_core.js:1676
[   25385ms] [WARNING] The provided value 'undefined' is not a valid enum value of type CanvasTextAlign. @ http://localhost:8000/js/rmmz_core.js:1676
[   25385ms] [WARNING] The provided value 'undefined' is not a valid enum value of type CanvasTextAlign. @ http://localhost:8000/js/rmmz_core.js:1676
[   25385ms] [WARNING] The provided value 'undefined' is not a valid enum value of type CanvasTextAlign. @ http://localhost:8000/js/rmmz_core.js:1676
[   25385ms] [WARNING] The provided value 'undefined' is not a valid enum value of type CanvasTextAlign. @ http://localhost:8000/js/rmmz_core.js:1676
[   25385ms] [WARNING] The provided value 'undefined' is not a valid enum value of type CanvasTextAlign. @ http://localhost:8000/js/rmmz_core.js:1676
[   25386ms] [WARNING] The provided value 'undefined' is not a valid enum value of type CanvasTextAlign. @ http://localhost:8000/js/rmmz_core.js:1676
[   25386ms] [WARNING] The provided value 'undefined' is not a valid enum value of type CanvasTextAlign. @ http://localhost:8000/js/rmmz_core.js:1676
[   25386ms] [WARNING] The provided value 'undefined' is not a valid enum value of type CanvasTextAlign. @ http://localhost:8000/js/rmmz_core.js:1676
[   25386ms] [WARNING] The provided value 'undefined' is not a valid enum value of type CanvasTextAlign. @ http://localhost:8000/js/rmmz_core.js:1676
[   25386ms] [WARNING] The provided value 'undefined' is not a valid enum value of type CanvasTextAlign. @ http://localhost:8000/js/rmmz_core.js:1676
[   25386ms] [WARNING] The provided value 'undefined' is not a valid enum value of type CanvasTextAlign. @ http://localhost:8000/js/rmmz_core.js:1676
[   25387ms] [WARNING] The provided value 'undefined' is not a valid enum value of type CanvasTextAlign. @ http://localhost:8000/js/rmmz_core.js:1676
[   25387ms] [WARNING] The provided value 'undefined' is not a valid enum value of type CanvasTextAlign. @ http://localhost:8000/js/rmmz_core.js:1676
[   25387ms] [WARNING] The provided value 'undefined' is not a valid enum value of type CanvasTextAlign. @ http://localhost:8000/js/rmmz_core.js:1676
[   25387ms] [WARNING] The provided value 'undefined' is not a valid enum value of type CanvasTextAlign. @ http://localhost:8000/js/rmmz_core.js:1676
[   25387ms] [WARNING] The provided value 'undefined' is not a valid enum value of type CanvasTextAlign. @ http://localhost:8000/js/rmmz_core.js:1676
[   25387ms] [WARNING] The provided value 'undefined' is not a valid enum value of type CanvasTextAlign. @ http://localhost:8000/js/rmmz_core.js:1676
[   25388ms] [WARNING] The provided value 'undefined' is not a valid enum value of type CanvasTextAlign. @ http://localhost:8000/js/rmmz_core.js:1676
[   25388ms] [WARNING] The provided value 'undefined' is not a valid enum value of type CanvasTextAlign. @ http://localhost:8000/js/rmmz_core.js:1676
[   25388ms] [WARNING] The provided value 'undefined' is not a valid enum value of type CanvasTextAlign. @ http://localhost:8000/js/rmmz_core.js:1676
[   25388ms] [WARNING] The provided value 'undefined' is not a valid enum value of type CanvasTextAlign. @ http://localhost:8000/js/rmmz_core.js:1676
[   25388ms] [WARNING] The provided value 'undefined' is not a valid enum value of type CanvasTextAlign. @ http://localhost:8000/js/rmmz_core.js:1676
[   25388ms] [WARNING] The provided value 'undefined' is not a valid enum value of type CanvasTextAlign. @ http://localhost:8000/js/rmmz_core.js:1676
[   25388ms] [WARNING] The provided value 'undefined' is not a valid enum value of type CanvasTextAlign. @ http://localhost:8000/js/rmmz_core.js:1676
[   25389ms] [WARNING] The provided value 'undefined' is not a valid enum value of type CanvasTextAlign. @ http://localhost:8000/js/rmmz_core.js:1676
[   25389ms] [WARNING] The provided value 'undefined' is not a valid enum value of type CanvasTextAlign. @ http://localhost:8000/js/rmmz_core.js:1676
[   25389ms] [WARNING] The provided value 'undefined' is not a valid enum value of type CanvasTextAlign. @ http://localhost:8000/js/rmmz_core.js:1676
[   25389ms] [WARNING] The provided value 'undefined' is not a valid enum value of type CanvasTextAlign. @ http://localhost:8000/js/rmmz_core.js:1676
[   25389ms] [WARNING] The provided value 'undefined' is not a valid enum value of type CanvasTextAlign. @ http://localhost:8000/js/rmmz_core.js:1676
[   25390ms] [WARNING] The provided value 'undefined' is not a valid enum value of type CanvasTextAlign. @ http://localhost:8000/js/rmmz_core.js:1676
[   25390ms] [WARNING] The provided value 'undefined' is not a valid enum value of type CanvasTextAlign. @ http://localhost:8000/js/rmmz_core.js:1676
[   25390ms] [WARNING] The provided value 'undefined' is not a valid enum value of type CanvasTextAlign. @ http://localhost:8000/js/rmmz_core.js:1676
[   25390ms] [WARNING] The provided value 'undefined' is not a valid enum value of type CanvasTextAlign. @ http://localhost:8000/js/rmmz_core.js:1676
[   25390ms] [WARNING] The provided value 'undefined' is not a valid enum value of type CanvasTextAlign. @ http://localhost:8000/js/rmmz_core.js:1676
[   25390ms] [WARNING] The provided value 'undefined' is not a valid enum value of type CanvasTextAlign. @ http://localhost:8000/js/rmmz_core.js:1676
[   25390ms] [WARNING] The provided value 'undefined' is not a valid enum value of type CanvasTextAlign. @ http://localhost:8000/js/rmmz_core.js:1676
[   25390ms] [WARNING] The provided value 'undefined' is not a valid enum value of type CanvasTextAlign. @ http://localhost:8000/js/rmmz_core.js:1676
[   25391ms] [WARNING] The provided value 'undefined' is not a valid enum value of type CanvasTextAlign. @ http://localhost:8000/js/rmmz_core.js:1676
[   25391ms] [WARNING] The provided value 'undefined' is not a valid enum value of type CanvasTextAlign. @ http://localhost:8000/js/rmmz_core.js:1676
[   25391ms] [WARNING] The provided value 'undefined' is not a valid enum value of type CanvasTextAlign. @ http://localhost:8000/js/rmmz_core.js:1676
[   25391ms] [WARNING] The provided value 'undefined' is not a valid enum value of type CanvasTextAlign. @ http://localhost:8000/js/rmmz_core.js:1676
[   25391ms] [WARNING] The provided value 'undefined' is not a valid enum value of type CanvasTextAlign. @ http://localhost:8000/js/rmmz_core.js:1676
[   25392ms] [WARNING] The provided value 'undefined' is not a valid enum value of type CanvasTextAlign. @ http://localhost:8000/js/rmmz_core.js:1676
[   25392ms] [WARNING] The provided value 'undefined' is not a valid enum value of type CanvasTextAlign. @ http://localhost:8000/js/rmmz_core.js:1676
[   25392ms] [WARNING] The provided value 'undefined' is not a valid enum value of type CanvasTextAlign. @ http://localhost:8000/js/rmmz_core.js:1676
[   25392ms] [WARNING] The provided value 'undefined' is not a valid enum value of type CanvasTextAlign. @ http://localhost:8000/js/rmmz_core.js:1676
[   25392ms] [WARNING] The provided value 'undefined' is not a valid enum value of type CanvasTextAlign. @ http://localhost:8000/js/rmmz_core.js:1676
[   25392ms] [WARNING] The provided value 'undefined' is not a valid enum value of type CanvasTextAlign. @ http://localhost:8000/js/rmmz_core.js:1676
[   25392ms] [WARNING] The provided value 'undefined' is not a valid enum value of type CanvasTextAlign. @ http://localhost:8000/js/rmmz_core.js:1676
[   25392ms] [WARNING] The provided value 'undefined' is not a valid enum value of type CanvasTextAlign. @ http://localhost:8000/js/rmmz_core.js:1676
[   25393ms] [WARNING] The provided value 'undefined' is not a valid enum value of type CanvasTextAlign. @ http://localhost:8000/js/rmmz_core.js:1676
[   25393ms] [WARNING] The provided value 'undefined' is not a valid enum value of type CanvasTextAlign. @ http://localhost:8000/js/rmmz_core.js:1676
[   25393ms] [WARNING] The provided value 'undefined' is not a valid enum value of type CanvasTextAlign. @ http://localhost:8000/js/rmmz_core.js:1676
[   25393ms] [WARNING] The provided value 'undefined' is not a valid enum value of type CanvasTextAlign. @ http://localhost:8000/js/rmmz_core.js:1676
[   25393ms] [WARNING] The provided value 'undefined' is not a valid enum value of type CanvasTextAlign. @ http://localhost:8000/js/rmmz_core.js:1676
[   25393ms] [WARNING] The provided value 'undefined' is not a valid enum value of type CanvasTextAlign. @ http://localhost:8000/js/rmmz_core.js:1676
[   25393ms] [WARNING] The provided value 'undefined' is not a valid enum value of type CanvasTextAlign. @ http://localhost:8000/js/rmmz_core.js:1676
[   25393ms] [WARNING] The provided value 'undefined' is not a valid enum value of type CanvasTextAlign. @ http://localhost:8000/js/rmmz_core.js:1676
[   25393ms] [WARNING] The provided value 'undefined' is not a valid enum value of type CanvasTextAlign. @ http://localhost:8000/js/rmmz_core.js:1676
[   25394ms] [WARNING] The provided value 'undefined' is not a valid enum value of type CanvasTextAlign. @ http://localhost:8000/js/rmmz_core.js:1676
[   25394ms] [WARNING] The provided value 'undefined' is not a valid enum value of type CanvasTextAlign. @ http://localhost:8000/js/rmmz_core.js:1676
[   25477ms] [WARNING] The provided value 'undefined' is not a valid enum value of type CanvasTextAlign. @ http://localhost:8000/js/rmmz_core.js:1676
[   25478ms] [WARNING] The provided value 'undefined' is not a valid enum value of type CanvasTextAlign. @ http://localhost:8000/js/rmmz_core.js:1676
[   25478ms] [WARNING] The provided value 'undefined' is not a valid enum value of type CanvasTextAlign. @ http://localhost:8000/js/rmmz_core.js:1676
[   25478ms] [WARNING] The provided value 'undefined' is not a valid enum value of type CanvasTextAlign. @ http://localhost:8000/js/rmmz_core.js:1676
[   25479ms] [WARNING] The provided value 'undefined' is not a valid enum value of type CanvasTextAlign. @ http://localhost:8000/js/rmmz_core.js:1676
[   25479ms] [WARNING] The provided value 'undefined' is not a valid enum value of type CanvasTextAlign. @ http://localhost:8000/js/rmmz_core.js:1676
[   25479ms] [WARNING] The provided value 'undefined' is not a valid enum value of type CanvasTextAlign. @ http://localhost:8000/js/rmmz_core.js:1676
[   25479ms] [WARNING] The provided value 'undefined' is not a valid enum value of type CanvasTextAlign. @ http://localhost:8000/js/rmmz_core.js:1676
[   25479ms] [WARNING] The provided value 'undefined' is not a valid enum value of type CanvasTextAlign. @ http://localhost:8000/js/rmmz_core.js:1676
[   25581ms] [WARNING] The provided value 'undefined' is not a valid enum value of type CanvasTextAlign. @ http://localhost:8000/js/rmmz_core.js:1676
[   25582ms] [WARNING] The provided value 'undefined' is not a valid enum value of type CanvasTextAlign. @ http://localhost:8000/js/rmmz_core.js:1676
[   25582ms] [WARNING] The provided value 'undefined' is not a valid enum value of type CanvasTextAlign. @ http://localhost:8000/js/rmmz_core.js:1676
[   25582ms] [WARNING] The provided value 'undefined' is not a valid enum value of type CanvasTextAlign. @ http://localhost:8000/js/rmmz_core.js:1676
[   25583ms] [WARNING] The provided value 'undefined' is not a valid enum value of type CanvasTextAlign. @ http://localhost:8000/js/rmmz_core.js:1676
[   25583ms] [WARNING] The provided value 'undefined' is not a valid enum value of type CanvasTextAlign. @ http://localhost:8000/js/rmmz_core.js:1676
[   25583ms] [WARNING] The provided value 'undefined' is not a valid enum value of type CanvasTextAlign. @ http://localhost:8000/js/rmmz_core.js:1676
[   25583ms] [WARNING] The provided value 'undefined' is not a valid enum value of type CanvasTextAlign. @ http://localhost:8000/js/rmmz_core.js:1676
[   25583ms] [WARNING] The provided value 'undefined' is not a valid enum value of type CanvasTextAlign. @ http://localhost:8000/js/rmmz_core.js:1676
[   25672ms] [WARNING] The provided value 'undefined' is not a valid enum value of type CanvasTextAlign. @ http://localhost:8000/js/rmmz_core.js:1676
[   25673ms] [WARNING] The provided value 'undefined' is not a valid enum value of type CanvasTextAlign. @ http://localhost:8000/js/rmmz_core.js:1676
[   25673ms] [WARNING] The provided value 'undefined' is not a valid enum value of type CanvasTextAlign. @ http://localhost:8000/js/rmmz_core.js:1676
[   25673ms] [WARNING] The provided value 'undefined' is not a valid enum value of type CanvasTextAlign. @ http://localhost:8000/js/rmmz_core.js:1676
[   25673ms] [WARNING] The provided value 'undefined' is not a valid enum value of type CanvasTextAlign. @ http://localhost:8000/js/rmmz_core.js:1676
[   25673ms] [WARNING] The provided value 'undefined' is not a valid enum value of type CanvasTextAlign. @ http://localhost:8000/js/rmmz_core.js:1676
[   25674ms] [WARNING] The provided value 'undefined' is not a valid enum value of type CanvasTextAlign. @ http://localhost:8000/js/rmmz_core.js:1676
[   25674ms] [WARNING] The provided value 'undefined' is not a valid enum value of type CanvasTextAlign. @ http://localhost:8000/js/rmmz_core.js:1676
[   25674ms] [WARNING] The provided value 'undefined' is not a valid enum value of type CanvasTextAlign. @ http://localhost:8000/js/rmmz_core.js:1676
[   25788ms] [WARNING] The provided value 'undefined' is not a valid enum value of type CanvasTextAlign. @ http://localhost:8000/js/rmmz_core.js:1676
[   25789ms] [WARNING] The provided value 'undefined' is not a valid enum value of type CanvasTextAlign. @ http://localhost:8000/js/rmmz_core.js:1676
[   25789ms] [WARNING] The provided value 'undefined' is not a valid enum value of type CanvasTextAlign. @ http://localhost:8000/js/rmmz_core.js:1676
[   25789ms] [WARNING] The provided value 'undefined' is not a valid enum value of type CanvasTextAlign. @ http://localhost:8000/js/rmmz_core.js:1676
[   25789ms] [WARNING] The provided value 'undefined' is not a valid enum value of type CanvasTextAlign. @ http://localhost:8000/js/rmmz_core.js:1676
[   25790ms] [WARNING] The provided value 'undefined' is not a valid enum value of type CanvasTextAlign. @ http://localhost:8000/js/rmmz_core.js:1676
[   25790ms] [WARNING] The provided value 'undefined' is not a valid enum value of type CanvasTextAlign. @ http://localhost:8000/js/rmmz_core.js:1676
[   25790ms] [WARNING] The provided value 'undefined' is not a valid enum value of type CanvasTextAlign. @ http://localhost:8000/js/rmmz_core.js:1676
[   25790ms] [WARNING] The provided value 'undefined' is not a valid enum value of type CanvasTextAlign. @ http://localhost:8000/js/rmmz_core.js:1676
[   25878ms] [WARNING] The provided value 'undefined' is not a valid enum value of type CanvasTextAlign. @ http://localhost:8000/js/rmmz_core.js:1676
[   25879ms] [WARNING] The provided value 'undefined' is not a valid enum value of type CanvasTextAlign. @ http://localhost:8000/js/rmmz_core.js:1676
[   25879ms] [WARNING] The provided value 'undefined' is not a valid enum value of type CanvasTextAlign. @ http://localhost:8000/js/rmmz_core.js:1676
[   25879ms] [WARNING] The provided value 'undefined' is not a valid enum value of type CanvasTextAlign. @ http://localhost:8000/js/rmmz_core.js:1676
[   25879ms] [WARNING] The provided value 'undefined' is not a valid enum value of type CanvasTextAlign. @ http://localhost:8000/js/rmmz_core.js:1676
[   25880ms] [WARNING] The provided value 'undefined' is not a valid enum value of type CanvasTextAlign. @ http://localhost:8000/js/rmmz_core.js:1676
[   25880ms] [WARNING] The provided value 'undefined' is not a valid enum value of type CanvasTextAlign. @ http://localhost:8000/js/rmmz_core.js:1676
[   25880ms] [WARNING] The provided value 'undefined' is not a valid enum value of type CanvasTextAlign. @ http://localhost:8000/js/rmmz_core.js:1676
[   25880ms] [WARNING] The provided value 'undefined' is not a valid enum value of type CanvasTextAlign. @ http://localhost:8000/js/rmmz_core.js:1676
[   25981ms] [WARNING] The provided value 'undefined' is not a valid enum value of type CanvasTextAlign. @ http://localhost:8000/js/rmmz_core.js:1676
[   25982ms] [WARNING] The provided value 'undefined' is not a valid enum value of type CanvasTextAlign. @ http://localhost:8000/js/rmmz_core.js:1676
[   25982ms] [WARNING] The provided value 'undefined' is not a valid enum value of type CanvasTextAlign. @ http://localhost:8000/js/rmmz_core.js:1676
[   25982ms] [WARNING] The provided value 'undefined' is not a valid enum value of type CanvasTextAlign. @ http://localhost:8000/js/rmmz_core.js:1676
[   25982ms] [WARNING] The provided value 'undefined' is not a valid enum value of type CanvasTextAlign. @ http://localhost:8000/js/rmmz_core.js:1676
[   25983ms] [WARNING] The provided value 'undefined' is not a valid enum value of type CanvasTextAlign. @ http://localhost:8000/js/rmmz_core.js:1676
[   25983ms] [WARNING] The provided value 'undefined' is not a valid enum value of type CanvasTextAlign. @ http://localhost:8000/js/rmmz_core.js:1676
[   25983ms] [WARNING] The provided value 'undefined' is not a valid enum value of type CanvasTextAlign. @ http://localhost:8000/js/rmmz_core.js:1676
[   25983ms] [WARNING] The provided value 'undefined' is not a valid enum value of type CanvasTextAlign. @ http://localhost:8000/js/rmmz_core.js:1676
[   26082ms] [WARNING] The provided value 'undefined' is not a valid enum value of type CanvasTextAlign. @ http://localhost:8000/js/rmmz_core.js:1676
[   26083ms] [WARNING] The provided value 'undefined' is not a valid enum value of type CanvasTextAlign. @ http://localhost:8000/js/rmmz_core.js:1676
[   26083ms] [WARNING] The provided value 'undefined' is not a valid enum value of type CanvasTextAlign. @ http://localhost:8000/js/rmmz_core.js:1676
[   26083ms] [WARNING] The provided value 'undefined' is not a valid enum value of type CanvasTextAlign. @ http://localhost:8000/js/rmmz_core.js:1676
[   26083ms] [WARNING] The provided value 'undefined' is not a valid enum value of type CanvasTextAlign. @ http://localhost:8000/js/rmmz_core.js:1676
[   26084ms] [WARNING] The provided value 'undefined' is not a valid enum value of type CanvasTextAlign. @ http://localhost:8000/js/rmmz_core.js:1676
[   26084ms] [WARNING] The provided value 'undefined' is not a valid enum value of type CanvasTextAlign. @ http://localhost:8000/js/rmmz_core.js:1676
[   26084ms] [WARNING] The provided value 'undefined' is not a valid enum value of type CanvasTextAlign. @ http://localhost:8000/js/rmmz_core.js:1676
[   26084ms] [WARNING] The provided value 'undefined' is not a valid enum value of type CanvasTextAlign. @ http://localhost:8000/js/rmmz_core.js:1676
[   26184ms] [WARNING] The provided value 'undefined' is not a valid enum value of type CanvasTextAlign. @ http://localhost:8000/js/rmmz_core.js:1676
[   26184ms] [WARNING] The provided value 'undefined' is not a valid enum value of type CanvasTextAlign. @ http://localhost:8000/js/rmmz_core.js:1676
[   26184ms] [WARNING] The provided value 'undefined' is not a valid enum value of type CanvasTextAlign. @ http://localhost:8000/js/rmmz_core.js:1676
[   26184ms] [WARNING] The provided value 'undefined' is not a valid enum value of type CanvasTextAlign. @ http://localhost:8000/js/rmmz_core.js:1676
[   26185ms] [WARNING] The provided value 'undefined' is not a valid enum value of type CanvasTextAlign. @ http://localhost:8000/js/rmmz_core.js:1676
[   26185ms] [WARNING] The provided value 'undefined' is not a valid enum value of type CanvasTextAlign. @ http://localhost:8000/js/rmmz_core.js:1676
[   26185ms] [WARNING] The provided value 'undefined' is not a valid enum value of type CanvasTextAlign. @ http://localhost:8000/js/rmmz_core.js:1676
[   26185ms] [WARNING] The provided value 'undefined' is not a valid enum value of type CanvasTextAlign. @ http://localhost:8000/js/rmmz_core.js:1676
[   26186ms] [WARNING] The provided value 'undefined' is not a valid enum value of type CanvasTextAlign. @ http://localhost:8000/js/rmmz_core.js:1676
[   26284ms] [WARNING] The provided value 'undefined' is not a valid enum value of type CanvasTextAlign. @ http://localhost:8000/js/rmmz_core.js:1676
[   26285ms] [WARNING] The provided value 'undefined' is not a valid enum value of type CanvasTextAlign. @ http://localhost:8000/js/rmmz_core.js:1676
[   26285ms] [WARNING] The provided value 'undefined' is not a valid enum value of type CanvasTextAlign. @ http://localhost:8000/js/rmmz_core.js:1676
[   26285ms] [WARNING] The provided value 'undefined' is not a valid enum value of type CanvasTextAlign. @ http://localhost:8000/js/rmmz_core.js:1676
[   26285ms] [WARNING] The provided value 'undefined' is not a valid enum value of type CanvasTextAlign. @ http://localhost:8000/js/rmmz_core.js:1676
[   26286ms] [WARNING] The provided value 'undefined' is not a valid enum value of type CanvasTextAlign. @ http://localhost:8000/js/rmmz_core.js:1676
[   26286ms] [WARNING] The provided value 'undefined' is not a valid enum value of type CanvasTextAlign. @ http://localhost:8000/js/rmmz_core.js:1676
[   26286ms] [WARNING] The provided value 'undefined' is not a valid enum value of type CanvasTextAlign. @ http://localhost:8000/js/rmmz_core.js:1676
[   26286ms] [WARNING] The provided value 'undefined' is not a valid enum value of type CanvasTextAlign. @ http://localhost:8000/js/rmmz_core.js:1676
[   26370ms] [WARNING] The provided value 'undefined' is not a valid enum value of type CanvasTextAlign. @ http://localhost:8000/js/rmmz_core.js:1676
[   26371ms] [WARNING] The provided value 'undefined' is not a valid enum value of type CanvasTextAlign. @ http://localhost:8000/js/rmmz_core.js:1676
[   26371ms] [WARNING] The provided value 'undefined' is not a valid enum value of type CanvasTextAlign. @ http://localhost:8000/js/rmmz_core.js:1676
[   26371ms] [WARNING] The provided value 'undefined' is not a valid enum value of type CanvasTextAlign. @ http://localhost:8000/js/rmmz_core.js:1676
[   26371ms] [WARNING] The provided value 'undefined' is not a valid enum value of type CanvasTextAlign. @ http://localhost:8000/js/rmmz_core.js:1676
[   26372ms] [WARNING] The provided value 'undefined' is not a valid enum value of type CanvasTextAlign. @ http://localhost:8000/js/rmmz_core.js:1676
[   26372ms] [WARNING] The provided value 'undefined' is not a valid enum value of type CanvasTextAlign. @ http://localhost:8000/js/rmmz_core.js:1676
[   26372ms] [WARNING] The provided value 'undefined' is not a valid enum value of type CanvasTextAlign. @ http://localhost:8000/js/rmmz_core.js:1676
[   26372ms] [WARNING] The provided value 'undefined' is not a valid enum value of type CanvasTextAlign. @ http://localhost:8000/js/rmmz_core.js:1676
[   26573ms] [WARNING] The provided value 'undefined' is not a valid enum value of type CanvasTextAlign. @ http://localhost:8000/js/rmmz_core.js:1676
[   26574ms] [WARNING] The provided value 'undefined' is not a valid enum value of type CanvasTextAlign. @ http://localhost:8000/js/rmmz_core.js:1676
[   26574ms] [WARNING] The provided value 'undefined' is not a valid enum value of type CanvasTextAlign. @ http://localhost:8000/js/rmmz_core.js:1676
[   26574ms] [WARNING] The provided value 'undefined' is not a valid enum value of type CanvasTextAlign. @ http://localhost:8000/js/rmmz_core.js:1676
[   26574ms] [WARNING] The provided value 'undefined' is not a valid enum value of type CanvasTextAlign. @ http://localhost:8000/js/rmmz_core.js:1676
[   26575ms] [WARNING] The provided value 'undefined' is not a valid enum value of type CanvasTextAlign. @ http://localhost:8000/js/rmmz_core.js:1676
[   26575ms] [WARNING] The provided value 'undefined' is not a valid enum value of type CanvasTextAlign. @ http://localhost:8000/js/rmmz_core.js:1676
[   26575ms] [WARNING] The provided value 'undefined' is not a valid enum value of type CanvasTextAlign. @ http://localhost:8000/js/rmmz_core.js:1676
[   26575ms] [WARNING] The provided value 'undefined' is not a valid enum value of type CanvasTextAlign. @ http://localhost:8000/js/rmmz_core.js:1676
[   26675ms] [WARNING] The provided value 'undefined' is not a valid enum value of type CanvasTextAlign. @ http://localhost:8000/js/rmmz_core.js:1676
[   26676ms] [WARNING] The provided value 'undefined' is not a valid enum value of type CanvasTextAlign. @ http://localhost:8000/js/rmmz_core.js:1676
[   26676ms] [WARNING] The provided value 'undefined' is not a valid enum value of type CanvasTextAlign. @ http://localhost:8000/js/rmmz_core.js:1676
[   26676ms] [WARNING] The provided value 'undefined' is not a valid enum value of type CanvasTextAlign. @ http://localhost:8000/js/rmmz_core.js:1676
[   26677ms] [WARNING] The provided value 'undefined' is not a valid enum value of type CanvasTextAlign. @ http://localhost:8000/js/rmmz_core.js:1676
[   26677ms] [WARNING] The provided value 'undefined' is not a valid enum value of type CanvasTextAlign. @ http://localhost:8000/js/rmmz_core.js:1676
[   26677ms] [WARNING] The provided value 'undefined' is not a valid enum value of type CanvasTextAlign. @ http://localhost:8000/js/rmmz_core.js:1676
[   26677ms] [WARNING] The provided value 'undefined' is not a valid enum value of type CanvasTextAlign. @ http://localhost:8000/js/rmmz_core.js:1676
[   26677ms] [WARNING] The provided value 'undefined' is not a valid enum value of type CanvasTextAlign. @ http://localhost:8000/js/rmmz_core.js:1676
[   26677ms] [WARNING] The provided value 'undefined' is not a valid enum value of type CanvasTextAlign. @ http://localhost:8000/js/rmmz_core.js:1676
[   26677ms] [WARNING] The provided value 'undefined' is not a valid enum value of type CanvasTextAlign. @ http://localhost:8000/js/rmmz_core.js:1676
[   26678ms] [WARNING] The provided value 'undefined' is not a valid enum value of type CanvasTextAlign. @ http://localhost:8000/js/rmmz_core.js:1676
[   26678ms] [WARNING] The provided value 'undefined' is not a valid enum value of type CanvasTextAlign. @ http://localhost:8000/js/rmmz_core.js:1676
[   26678ms] [WARNING] The provided value 'undefined' is not a valid enum value of type CanvasTextAlign. @ http://localhost:8000/js/rmmz_core.js:1676
[   26678ms] [WARNING] The provided value 'undefined' is not a valid enum value of type CanvasTextAlign. @ http://localhost:8000/js/rmmz_core.js:1676
[   26678ms] [WARNING] The provided value 'undefined' is not a valid enum value of type CanvasTextAlign. @ http://localhost:8000/js/rmmz_core.js:1676
[   26678ms] [WARNING] The provided value 'undefined' is not a valid enum value of type CanvasTextAlign. @ http://localhost:8000/js/rmmz_core.js:1676
[   26678ms] [WARNING] The provided value 'undefined' is not a valid enum value of type CanvasTextAlign. @ http://localhost:8000/js/rmmz_core.js:1676
[   26804ms] [WARNING] The provided value 'undefined' is not a valid enum value of type CanvasTextAlign. @ http://localhost:8000/js/rmmz_core.js:1676
[   26805ms] [WARNING] The provided value 'undefined' is not a valid enum value of type CanvasTextAlign. @ http://localhost:8000/js/rmmz_core.js:1676
[   26805ms] [WARNING] The provided value 'undefined' is not a valid enum value of type CanvasTextAlign. @ http://localhost:8000/js/rmmz_core.js:1676
[   26805ms] [WARNING] The provided value 'undefined' is not a valid enum value of type CanvasTextAlign. @ http://localhost:8000/js/rmmz_core.js:1676
[   26805ms] [WARNING] The provided value 'undefined' is not a valid enum value of type CanvasTextAlign. @ http://localhost:8000/js/rmmz_core.js:1676
[   26806ms] [WARNING] The provided value 'undefined' is not a valid enum value of type CanvasTextAlign. @ http://localhost:8000/js/rmmz_core.js:1676
[   26806ms] [WARNING] The provided value 'undefined' is not a valid enum value of type CanvasTextAlign. @ http://localhost:8000/js/rmmz_core.js:1676
[   26806ms] [WARNING] The provided value 'undefined' is not a valid enum value of type CanvasTextAlign. @ http://localhost:8000/js/rmmz_core.js:1676
[   26806ms] [WARNING] The provided value 'undefined' is not a valid enum value of type CanvasTextAlign. @ http://localhost:8000/js/rmmz_core.js:1676
[   26905ms] [WARNING] The provided value 'undefined' is not a valid enum value of type CanvasTextAlign. @ http://localhost:8000/js/rmmz_core.js:1676
[   26905ms] [WARNING] The provided value 'undefined' is not a valid enum value of type CanvasTextAlign. @ http://localhost:8000/js/rmmz_core.js:1676
[   26906ms] [WARNING] The provided value 'undefined' is not a valid enum value of type CanvasTextAlign. @ http://localhost:8000/js/rmmz_core.js:1676
[   26906ms] [WARNING] The provided value 'undefined' is not a valid enum value of type CanvasTextAlign. @ http://localhost:8000/js/rmmz_core.js:1676
[   26906ms] [WARNING] The provided value 'undefined' is not a valid enum value of type CanvasTextAlign. @ http://localhost:8000/js/rmmz_core.js:1676
[   26906ms] [WARNING] The provided value 'undefined' is not a valid enum value of type CanvasTextAlign. @ http://localhost:8000/js/rmmz_core.js:1676
[   26906ms] [WARNING] The provided value 'undefined' is not a valid enum value of type CanvasTextAlign. @ http://localhost:8000/js/rmmz_core.js:1676
[   26907ms] [WARNING] The provided value 'undefined' is not a valid enum value of type CanvasTextAlign. @ http://localhost:8000/js/rmmz_core.js:1676
[   26907ms] [WARNING] The provided value 'undefined' is not a valid enum value of type CanvasTextAlign. @ http://localhost:8000/js/rmmz_core.js:1676
[   27005ms] [WARNING] The provided value 'undefined' is not a valid enum value of type CanvasTextAlign. @ http://localhost:8000/js/rmmz_core.js:1676
[   27005ms] [WARNING] The provided value 'undefined' is not a valid enum value of type CanvasTextAlign. @ http://localhost:8000/js/rmmz_core.js:1676
[   27005ms] [WARNING] The provided value 'undefined' is not a valid enum value of type CanvasTextAlign. @ http://localhost:8000/js/rmmz_core.js:1676
[   27005ms] [WARNING] The provided value 'undefined' is not a valid enum value of type CanvasTextAlign. @ http://localhost:8000/js/rmmz_core.js:1676
[   27006ms] [WARNING] The provided value 'undefined' is not a valid enum value of type CanvasTextAlign. @ http://localhost:8000/js/rmmz_core.js:1676
[   27006ms] [WARNING] The provided value 'undefined' is not a valid enum value of type CanvasTextAlign. @ http://localhost:8000/js/rmmz_core.js:1676
[   27006ms] [WARNING] The provided value 'undefined' is not a valid enum value of type CanvasTextAlign. @ http://localhost:8000/js/rmmz_core.js:1676
[   27007ms] [WARNING] The provided value 'undefined' is not a valid enum value of type CanvasTextAlign. @ http://localhost:8000/js/rmmz_core.js:1676
[   27007ms] [WARNING] The provided value 'undefined' is not a valid enum value of type CanvasTextAlign. @ http://localhost:8000/js/rmmz_core.js:1676
[   27093ms] [WARNING] The provided value 'undefined' is not a valid enum value of type CanvasTextAlign. @ http://localhost:8000/js/rmmz_core.js:1676
[   27094ms] [WARNING] The provided value 'undefined' is not a valid enum value of type CanvasTextAlign. @ http://localhost:8000/js/rmmz_core.js:1676
[   27094ms] [WARNING] The provided value 'undefined' is not a valid enum value of type CanvasTextAlign. @ http://localhost:8000/js/rmmz_core.js:1676
[   27094ms] [WARNING] The provided value 'undefined' is not a valid enum value of type CanvasTextAlign. @ http://localhost:8000/js/rmmz_core.js:1676
[   27094ms] [WARNING] The provided value 'undefined' is not a valid enum value of type CanvasTextAlign. @ http://localhost:8000/js/rmmz_core.js:1676
[   27094ms] [WARNING] The provided value 'undefined' is not a valid enum value of type CanvasTextAlign. @ http://localhost:8000/js/rmmz_core.js:1676
[   27095ms] [WARNING] The provided value 'undefined' is not a valid enum value of type CanvasTextAlign. @ http://localhost:8000/js/rmmz_core.js:1676
[   27095ms] [WARNING] The provided value 'undefined' is not a valid enum value of type CanvasTextAlign. @ http://localhost:8000/js/rmmz_core.js:1676
[   27095ms] [WARNING] The provided value 'undefined' is not a valid enum value of type CanvasTextAlign. @ http://localhost:8000/js/rmmz_core.js:1676
[   27206ms] [WARNING] The provided value 'undefined' is not a valid enum value of type CanvasTextAlign. @ http://localhost:8000/js/rmmz_core.js:1676
[   27206ms] [WARNING] The provided value 'undefined' is not a valid enum value of type CanvasTextAlign. @ http://localhost:8000/js/rmmz_core.js:1676
[   27206ms] [WARNING] The provided value 'undefined' is not a valid enum value of type CanvasTextAlign. @ http://localhost:8000/js/rmmz_core.js:1676
[   27207ms] [WARNING] The provided value 'undefined' is not a valid enum value of type CanvasTextAlign. @ http://localhost:8000/js/rmmz_core.js:1676
[   27207ms] [WARNING] The provided value 'undefined' is not a valid enum value of type CanvasTextAlign. @ http://localhost:8000/js/rmmz_core.js:1676
[   27207ms] [WARNING] The provided value 'undefined' is not a valid enum value of type CanvasTextAlign. @ http://localhost:8000/js/rmmz_core.js:1676
[   27207ms] [WARNING] The provided value 'undefined' is not a valid enum value of type CanvasTextAlign. @ http://localhost:8000/js/rmmz_core.js:1676
[   27208ms] [WARNING] The provided value 'undefined' is not a valid enum value of type CanvasTextAlign. @ http://localhost:8000/js/rmmz_core.js:1676
[   27208ms] [WARNING] The provided value 'undefined' is not a valid enum value of type CanvasTextAlign. @ http://localhost:8000/js/rmmz_core.js:1676
[   27294ms] [WARNING] The provided value 'undefined' is not a valid enum value of type CanvasTextAlign. @ http://localhost:8000/js/rmmz_core.js:1676
[   27295ms] [WARNING] The provided value 'undefined' is not a valid enum value of type CanvasTextAlign. @ http://localhost:8000/js/rmmz_core.js:1676
[   27295ms] [WARNING] The provided value 'undefined' is not a valid enum value of type CanvasTextAlign. @ http://localhost:8000/js/rmmz_core.js:1676
[   27295ms] [WARNING] The provided value 'undefined' is not a valid enum value of type CanvasTextAlign. @ http://localhost:8000/js/rmmz_core.js:1676
[   27296ms] [WARNING] The provided value 'undefined' is not a valid enum value of type CanvasTextAlign. @ http://localhost:8000/js/rmmz_core.js:1676
[   27296ms] [WARNING] The provided value 'undefined' is not a valid enum value of type CanvasTextAlign. @ http://localhost:8000/js/rmmz_core.js:1676
[   27296ms] [WARNING] The provided value 'undefined' is not a valid enum value of type CanvasTextAlign. @ http://localhost:8000/js/rmmz_core.js:1676
[   27296ms] [WARNING] The provided value 'undefined' is not a valid enum value of type CanvasTextAlign. @ http://localhost:8000/js/rmmz_core.js:1676
[   27296ms] [WARNING] The provided value 'undefined' is not a valid enum value of type CanvasTextAlign. @ http://localhost:8000/js/rmmz_core.js:1676
[   27395ms] [WARNING] The provided value 'undefined' is not a valid enum value of type CanvasTextAlign. @ http://localhost:8000/js/rmmz_core.js:1676
[   27395ms] [WARNING] The provided value 'undefined' is not a valid enum value of type CanvasTextAlign. @ http://localhost:8000/js/rmmz_core.js:1676
[   27395ms] [WARNING] The provided value 'undefined' is not a valid enum value of type CanvasTextAlign. @ http://localhost:8000/js/rmmz_core.js:1676
[   27395ms] [WARNING] The provided value 'undefined' is not a valid enum value of type CanvasTextAlign. @ http://localhost:8000/js/rmmz_core.js:1676
[   27396ms] [WARNING] The provided value 'undefined' is not a valid enum value of type CanvasTextAlign. @ http://localhost:8000/js/rmmz_core.js:1676
[   27396ms] [WARNING] The provided value 'undefined' is not a valid enum value of type CanvasTextAlign. @ http://localhost:8000/js/rmmz_core.js:1676
[   27396ms] [WARNING] The provided value 'undefined' is not a valid enum value of type CanvasTextAlign. @ http://localhost:8000/js/rmmz_core.js:1676
[   27396ms] [WARNING] The provided value 'undefined' is not a valid enum value of type CanvasTextAlign. @ http://localhost:8000/js/rmmz_core.js:1676
[   27396ms] [WARNING] The provided value 'undefined' is not a valid enum value of type CanvasTextAlign. @ http://localhost:8000/js/rmmz_core.js:1676
[   27495ms] [WARNING] The provided value 'undefined' is not a valid enum value of type CanvasTextAlign. @ http://localhost:8000/js/rmmz_core.js:1676
[   27496ms] [WARNING] The provided value 'undefined' is not a valid enum value of type CanvasTextAlign. @ http://localhost:8000/js/rmmz_core.js:1676
[   27496ms] [WARNING] The provided value 'undefined' is not a valid enum value of type CanvasTextAlign. @ http://localhost:8000/js/rmmz_core.js:1676
[   27496ms] [WARNING] The provided value 'undefined' is not a valid enum value of type CanvasTextAlign. @ http://localhost:8000/js/rmmz_core.js:1676
[   27496ms] [WARNING] The provided value 'undefined' is not a valid enum value of type CanvasTextAlign. @ http://localhost:8000/js/rmmz_core.js:1676
[   27497ms] [WARNING] The provided value 'undefined' is not a valid enum value of type CanvasTextAlign. @ http://localhost:8000/js/rmmz_core.js:1676
[   27497ms] [WARNING] The provided value 'undefined' is not a valid enum value of type CanvasTextAlign. @ http://localhost:8000/js/rmmz_core.js:1676
[   27497ms] [WARNING] The provided value 'undefined' is not a valid enum value of type CanvasTextAlign. @ http://localhost:8000/js/rmmz_core.js:1676
[   27497ms] [WARNING] The provided value 'undefined' is not a valid enum value of type CanvasTextAlign. @ http://localhost:8000/js/rmmz_core.js:1676
[   27598ms] [WARNING] The provided value 'undefined' is not a valid enum value of type CanvasTextAlign. @ http://localhost:8000/js/rmmz_core.js:1676
[   27599ms] [WARNING] The provided value 'undefined' is not a valid enum value of type CanvasTextAlign. @ http://localhost:8000/js/rmmz_core.js:1676
[   27599ms] [WARNING] The provided value 'undefined' is not a valid enum value of type CanvasTextAlign. @ http://localhost:8000/js/rmmz_core.js:1676
[   27599ms] [WARNING] The provided value 'undefined' is not a valid enum value of type CanvasTextAlign. @ http://localhost:8000/js/rmmz_core.js:1676
[   27599ms] [WARNING] The provided value 'undefined' is not a valid enum value of type CanvasTextAlign. @ http://localhost:8000/js/rmmz_core.js:1676
[   27600ms] [WARNING] The provided value 'undefined' is not a valid enum value of type CanvasTextAlign. @ http://localhost:8000/js/rmmz_core.js:1676
[   27600ms] [WARNING] The provided value 'undefined' is not a valid enum value of type CanvasTextAlign. @ http://localhost:8000/js/rmmz_core.js:1676
[   27600ms] [WARNING] The provided value 'undefined' is not a valid enum value of type CanvasTextAlign. @ http://localhost:8000/js/rmmz_core.js:1676
[   27600ms] [WARNING] The provided value 'undefined' is not a valid enum value of type CanvasTextAlign. @ http://localhost:8000/js/rmmz_core.js:1676
[   27698ms] [WARNING] The provided value 'undefined' is not a valid enum value of type CanvasTextAlign. @ http://localhost:8000/js/rmmz_core.js:1676
[   27699ms] [WARNING] The provided value 'undefined' is not a valid enum value of type CanvasTextAlign. @ http://localhost:8000/js/rmmz_core.js:1676
[   27699ms] [WARNING] The provided value 'undefined' is not a valid enum value of type CanvasTextAlign. @ http://localhost:8000/js/rmmz_core.js:1676
[   27699ms] [WARNING] The provided value 'undefined' is not a valid enum value of type CanvasTextAlign. @ http://localhost:8000/js/rmmz_core.js:1676
[   27699ms] [WARNING] The provided value 'undefined' is not a valid enum value of type CanvasTextAlign. @ http://localhost:8000/js/rmmz_core.js:1676
[   27700ms] [WARNING] The provided value 'undefined' is not a valid enum value of type CanvasTextAlign. @ http://localhost:8000/js/rmmz_core.js:1676
[   27700ms] [WARNING] The provided value 'undefined' is not a valid enum value of type CanvasTextAlign. @ http://localhost:8000/js/rmmz_core.js:1676
[   27700ms] [WARNING] The provided value 'undefined' is not a valid enum value of type CanvasTextAlign. @ http://localhost:8000/js/rmmz_core.js:1676
[   27700ms] [WARNING] The provided value 'undefined' is not a valid enum value of type CanvasTextAlign. @ http://localhost:8000/js/rmmz_core.js:1676
[   27798ms] [WARNING] The provided value 'undefined' is not a valid enum value of type CanvasTextAlign. @ http://localhost:8000/js/rmmz_core.js:1676
[   27799ms] [WARNING] The provided value 'undefined' is not a valid enum value of type CanvasTextAlign. @ http://localhost:8000/js/rmmz_core.js:1676
[   27799ms] [WARNING] The provided value 'undefined' is not a valid enum value of type CanvasTextAlign. @ http://localhost:8000/js/rmmz_core.js:1676
[   27799ms] [WARNING] The provided value 'undefined' is not a valid enum value of type CanvasTextAlign. @ http://localhost:8000/js/rmmz_core.js:1676
[   27799ms] [WARNING] The provided value 'undefined' is not a valid enum value of type CanvasTextAlign. @ http://localhost:8000/js/rmmz_core.js:1676
[   27799ms] [WARNING] The provided value 'undefined' is not a valid enum value of type CanvasTextAlign. @ http://localhost:8000/js/rmmz_core.js:1676
[   27800ms] [WARNING] The provided value 'undefined' is not a valid enum value of type CanvasTextAlign. @ http://localhost:8000/js/rmmz_core.js:1676
[   27800ms] [WARNING] The provided value 'undefined' is not a valid enum value of type CanvasTextAlign. @ http://localhost:8000/js/rmmz_core.js:1676
[   27800ms] [WARNING] The provided value 'undefined' is not a valid enum value of type CanvasTextAlign. @ http://localhost:8000/js/rmmz_core.js:1676
[   27898ms] [WARNING] The provided value 'undefined' is not a valid enum value of type CanvasTextAlign. @ http://localhost:8000/js/rmmz_core.js:1676
[   27899ms] [WARNING] The provided value 'undefined' is not a valid enum value of type CanvasTextAlign. @ http://localhost:8000/js/rmmz_core.js:1676
[   27899ms] [WARNING] The provided value 'undefined' is not a valid enum value of type CanvasTextAlign. @ http://localhost:8000/js/rmmz_core.js:1676
[   27899ms] [WARNING] The provided value 'undefined' is not a valid enum value of type CanvasTextAlign. @ http://localhost:8000/js/rmmz_core.js:1676
[   27899ms] [WARNING] The provided value 'undefined' is not a valid enum value of type CanvasTextAlign. @ http://localhost:8000/js/rmmz_core.js:1676
[   27899ms] [WARNING] The provided value 'undefined' is not a valid enum value of type CanvasTextAlign. @ http://localhost:8000/js/rmmz_core.js:1676
[   27899ms] [WARNING] The provided value 'undefined' is not a valid enum value of type CanvasTextAlign. @ http://localhost:8000/js/rmmz_core.js:1676
[   27900ms] [WARNING] The provided value 'undefined' is not a valid enum value of type CanvasTextAlign. @ http://localhost:8000/js/rmmz_core.js:1676
[   27900ms] [WARNING] The provided value 'undefined' is not a valid enum value of type CanvasTextAlign. @ http://localhost:8000/js/rmmz_core.js:1676
[   27999ms] [WARNING] The provided value 'undefined' is not a valid enum value of type CanvasTextAlign. @ http://localhost:8000/js/rmmz_core.js:1676
[   27999ms] [WARNING] The provided value 'undefined' is not a valid enum value of type CanvasTextAlign. @ http://localhost:8000/js/rmmz_core.js:1676
[   27999ms] [WARNING] The provided value 'undefined' is not a valid enum value of type CanvasTextAlign. @ http://localhost:8000/js/rmmz_core.js:1676
[   27999ms] [WARNING] The provided value 'undefined' is not a valid enum value of type CanvasTextAlign. @ http://localhost:8000/js/rmmz_core.js:1676
[   28000ms] [WARNING] The provided value 'undefined' is not a valid enum value of type CanvasTextAlign. @ http://localhost:8000/js/rmmz_core.js:1676
[   28000ms] [WARNING] The provided value 'undefined' is not a valid enum value of type CanvasTextAlign. @ http://localhost:8000/js/rmmz_core.js:1676
[   28000ms] [WARNING] The provided value 'undefined' is not a valid enum value of type CanvasTextAlign. @ http://localhost:8000/js/rmmz_core.js:1676
[   28000ms] [WARNING] The provided value 'undefined' is not a valid enum value of type CanvasTextAlign. @ http://localhost:8000/js/rmmz_core.js:1676
[   28001ms] [WARNING] The provided value 'undefined' is not a valid enum value of type CanvasTextAlign. @ http://localhost:8000/js/rmmz_core.js:1676
[   28101ms] [WARNING] The provided value 'undefined' is not a valid enum value of type CanvasTextAlign. @ http://localhost:8000/js/rmmz_core.js:1676
[   28101ms] [WARNING] The provided value 'undefined' is not a valid enum value of type CanvasTextAlign. @ http://localhost:8000/js/rmmz_core.js:1676
[   28101ms] [WARNING] The provided value 'undefined' is not a valid enum value of type CanvasTextAlign. @ http://localhost:8000/js/rmmz_core.js:1676
[   28101ms] [WARNING] The provided value 'undefined' is not a valid enum value of type CanvasTextAlign. @ http://localhost:8000/js/rmmz_core.js:1676
[   28102ms] [WARNING] The provided value 'undefined' is not a valid enum value of type CanvasTextAlign. @ http://localhost:8000/js/rmmz_core.js:1676
[   28102ms] [WARNING] The provided value 'undefined' is not a valid enum value of type CanvasTextAlign. @ http://localhost:8000/js/rmmz_core.js:1676
[   28102ms] [WARNING] The provided value 'undefined' is not a valid enum value of type CanvasTextAlign. @ http://localhost:8000/js/rmmz_core.js:1676
[   28102ms] [WARNING] The provided value 'undefined' is not a valid enum value of type CanvasTextAlign. @ http://localhost:8000/js/rmmz_core.js:1676
[   28103ms] [WARNING] The provided value 'undefined' is not a valid enum value of type CanvasTextAlign. @ http://localhost:8000/js/rmmz_core.js:1676
[   28202ms] [WARNING] The provided value 'undefined' is not a valid enum value of type CanvasTextAlign. @ http://localhost:8000/js/rmmz_core.js:1676
[   28202ms] [WARNING] The provided value 'undefined' is not a valid enum value of type CanvasTextAlign. @ http://localhost:8000/js/rmmz_core.js:1676
[   28202ms] [WARNING] The provided value 'undefined' is not a valid enum value of type CanvasTextAlign. @ http://localhost:8000/js/rmmz_core.js:1676
[   28202ms] [WARNING] The provided value 'undefined' is not a valid enum value of type CanvasTextAlign. @ http://localhost:8000/js/rmmz_core.js:1676
[   28203ms] [WARNING] The provided value 'undefined' is not a valid enum value of type CanvasTextAlign. @ http://localhost:8000/js/rmmz_core.js:1676
[   28203ms] [WARNING] The provided value 'undefined' is not a valid enum value of type CanvasTextAlign. @ http://localhost:8000/js/rmmz_core.js:1676
[   28203ms] [WARNING] The provided value 'undefined' is not a valid enum value of type CanvasTextAlign. @ http://localhost:8000/js/rmmz_core.js:1676
[   28203ms] [WARNING] The provided value 'undefined' is not a valid enum value of type CanvasTextAlign. @ http://localhost:8000/js/rmmz_core.js:1676
[   28204ms] [WARNING] The provided value 'undefined' is not a valid enum value of type CanvasTextAlign. @ http://localhost:8000/js/rmmz_core.js:1676
[   28304ms] [WARNING] The provided value 'undefined' is not a valid enum value of type CanvasTextAlign. @ http://localhost:8000/js/rmmz_core.js:1676
[   28304ms] [WARNING] The provided value 'undefined' is not a valid enum value of type CanvasTextAlign. @ http://localhost:8000/js/rmmz_core.js:1676
[   28304ms] [WARNING] The provided value 'undefined' is not a valid enum value of type CanvasTextAlign. @ http://localhost:8000/js/rmmz_core.js:1676
[   28304ms] [WARNING] The provided value 'undefined' is not a valid enum value of type CanvasTextAlign. @ http://localhost:8000/js/rmmz_core.js:1676
[   28305ms] [WARNING] The provided value 'undefined' is not a valid enum value of type CanvasTextAlign. @ http://localhost:8000/js/rmmz_core.js:1676
[   28305ms] [WARNING] The provided value 'undefined' is not a valid enum value of type CanvasTextAlign. @ http://localhost:8000/js/rmmz_core.js:1676
[   28305ms] [WARNING] The provided value 'undefined' is not a valid enum value of type CanvasTextAlign. @ http://localhost:8000/js/rmmz_core.js:1676
[   28306ms] [WARNING] The provided value 'undefined' is not a valid enum value of type CanvasTextAlign. @ http://localhost:8000/js/rmmz_core.js:1676
[   28306ms] [WARNING] The provided value 'undefined' is not a valid enum value of type CanvasTextAlign. @ http://localhost:8000/js/rmmz_core.js:1676
[   28407ms] [WARNING] The provided value 'undefined' is not a valid enum value of type CanvasTextAlign. @ http://localhost:8000/js/rmmz_core.js:1676
[   28407ms] [WARNING] The provided value 'undefined' is not a valid enum value of type CanvasTextAlign. @ http://localhost:8000/js/rmmz_core.js:1676
[   28407ms] [WARNING] The provided value 'undefined' is not a valid enum value of type CanvasTextAlign. @ http://localhost:8000/js/rmmz_core.js:1676
[   28407ms] [WARNING] The provided value 'undefined' is not a valid enum value of type CanvasTextAlign. @ http://localhost:8000/js/rmmz_core.js:1676
[   28408ms] [WARNING] The provided value 'undefined' is not a valid enum value of type CanvasTextAlign. @ http://localhost:8000/js/rmmz_core.js:1676
[   28408ms] [WARNING] The provided value 'undefined' is not a valid enum value of type CanvasTextAlign. @ http://localhost:8000/js/rmmz_core.js:1676
[   28408ms] [WARNING] The provided value 'undefined' is not a valid enum value of type CanvasTextAlign. @ http://localhost:8000/js/rmmz_core.js:1676
[   28408ms] [WARNING] The provided value 'undefined' is not a valid enum value of type CanvasTextAlign. @ http://localhost:8000/js/rmmz_core.js:1676
[   28408ms] [WARNING] The provided value 'undefined' is not a valid enum value of type CanvasTextAlign. @ http://localhost:8000/js/rmmz_core.js:1676
[   28505ms] [WARNING] The provided value 'undefined' is not a valid enum value of type CanvasTextAlign. @ http://localhost:8000/js/rmmz_core.js:1676
[   28506ms] [WARNING] The provided value 'undefined' is not a valid enum value of type CanvasTextAlign. @ http://localhost:8000/js/rmmz_core.js:1676
[   28506ms] [WARNING] The provided value 'undefined' is not a valid enum value of type CanvasTextAlign. @ http://localhost:8000/js/rmmz_core.js:1676
[   28506ms] [WARNING] The provided value 'undefined' is not a valid enum value of type CanvasTextAlign. @ http://localhost:8000/js/rmmz_core.js:1676
[   28506ms] [WARNING] The provided value 'undefined' is not a valid enum value of type CanvasTextAlign. @ http://localhost:8000/js/rmmz_core.js:1676
[   28506ms] [WARNING] The provided value 'undefined' is not a valid enum value of type CanvasTextAlign. @ http://localhost:8000/js/rmmz_core.js:1676
[   28507ms] [WARNING] The provided value 'undefined' is not a valid enum value of type CanvasTextAlign. @ http://localhost:8000/js/rmmz_core.js:1676
[   28507ms] [WARNING] The provided value 'undefined' is not a valid enum value of type CanvasTextAlign. @ http://localhost:8000/js/rmmz_core.js:1676
[   28507ms] [WARNING] The provided value 'undefined' is not a valid enum value of type CanvasTextAlign. @ http://localhost:8000/js/rmmz_core.js:1676
[   28605ms] [WARNING] The provided value 'undefined' is not a valid enum value of type CanvasTextAlign. @ http://localhost:8000/js/rmmz_core.js:1676
[   28606ms] [WARNING] The provided value 'undefined' is not a valid enum value of type CanvasTextAlign. @ http://localhost:8000/js/rmmz_core.js:1676
[   28606ms] [WARNING] The provided value 'undefined' is not a valid enum value of type CanvasTextAlign. @ http://localhost:8000/js/rmmz_core.js:1676
[   28606ms] [WARNING] The provided value 'undefined' is not a valid enum value of type CanvasTextAlign. @ http://localhost:8000/js/rmmz_core.js:1676
[   28607ms] [WARNING] The provided value 'undefined' is not a valid enum value of type CanvasTextAlign. @ http://localhost:8000/js/rmmz_core.js:1676
[   28607ms] [WARNING] The provided value 'undefined' is not a valid enum value of type CanvasTextAlign. @ http://localhost:8000/js/rmmz_core.js:1676
[   28607ms] [WARNING] The provided value 'undefined' is not a valid enum value of type CanvasTextAlign. @ http://localhost:8000/js/rmmz_core.js:1676
[   28607ms] [WARNING] The provided value 'undefined' is not a valid enum value of type CanvasTextAlign. @ http://localhost:8000/js/rmmz_core.js:1676
[   28607ms] [WARNING] The provided value 'undefined' is not a valid enum value of type CanvasTextAlign. @ http://localhost:8000/js/rmmz_core.js:1676
[   28694ms] [WARNING] The provided value 'undefined' is not a valid enum value of type CanvasTextAlign. @ http://localhost:8000/js/rmmz_core.js:1676
[   28695ms] [WARNING] The provided value 'undefined' is not a valid enum value of type CanvasTextAlign. @ http://localhost:8000/js/rmmz_core.js:1676
[   28695ms] [WARNING] The provided value 'undefined' is not a valid enum value of type CanvasTextAlign. @ http://localhost:8000/js/rmmz_core.js:1676
[   28695ms] [WARNING] The provided value 'undefined' is not a valid enum value of type CanvasTextAlign. @ http://localhost:8000/js/rmmz_core.js:1676
[   28695ms] [WARNING] The provided value 'undefined' is not a valid enum value of type CanvasTextAlign. @ http://localhost:8000/js/rmmz_core.js:1676
[   28695ms] [WARNING] The provided value 'undefined' is not a valid enum value of type CanvasTextAlign. @ http://localhost:8000/js/rmmz_core.js:1676
[   28695ms] [WARNING] The provided value 'undefined' is not a valid enum value of type CanvasTextAlign. @ http://localhost:8000/js/rmmz_core.js:1676
[   28696ms] [WARNING] The provided value 'undefined' is not a valid enum value of type CanvasTextAlign. @ http://localhost:8000/js/rmmz_core.js:1676
[   28696ms] [WARNING] The provided value 'undefined' is not a valid enum value of type CanvasTextAlign. @ http://localhost:8000/js/rmmz_core.js:1676
[   28696ms] [WARNING] The provided value 'undefined' is not a valid enum value of type CanvasTextAlign. @ http://localhost:8000/js/rmmz_core.js:1676
[   28696ms] [WARNING] The provided value 'undefined' is not a valid enum value of type CanvasTextAlign. @ http://localhost:8000/js/rmmz_core.js:1676
[   28697ms] [WARNING] The provided value 'undefined' is not a valid enum value of type CanvasTextAlign. @ http://localhost:8000/js/rmmz_core.js:1676
[   28697ms] [WARNING] The provided value 'undefined' is not a valid enum value of type CanvasTextAlign. @ http://localhost:8000/js/rmmz_core.js:1676
[   28697ms] [WARNING] The provided value 'undefined' is not a valid enum value of type CanvasTextAlign. @ http://localhost:8000/js/rmmz_core.js:1676
[   28697ms] [WARNING] The provided value 'undefined' is not a valid enum value of type CanvasTextAlign. @ http://localhost:8000/js/rmmz_core.js:1676
[   28697ms] [WARNING] The provided value 'undefined' is not a valid enum value of type CanvasTextAlign. @ http://localhost:8000/js/rmmz_core.js:1676
[   28697ms] [WARNING] The provided value 'undefined' is not a valid enum value of type CanvasTextAlign. @ http://localhost:8000/js/rmmz_core.js:1676
[   28697ms] [WARNING] The provided value 'undefined' is not a valid enum value of type CanvasTextAlign. @ http://localhost:8000/js/rmmz_core.js:1676
[   28805ms] [WARNING] The provided value 'undefined' is not a valid enum value of type CanvasTextAlign. @ http://localhost:8000/js/rmmz_core.js:1676
[   28806ms] [WARNING] The provided value 'undefined' is not a valid enum value of type CanvasTextAlign. @ http://localhost:8000/js/rmmz_core.js:1676
[   28806ms] [WARNING] The provided value 'undefined' is not a valid enum value of type CanvasTextAlign. @ http://localhost:8000/js/rmmz_core.js:1676
[   28806ms] [WARNING] The provided value 'undefined' is not a valid enum value of type CanvasTextAlign. @ http://localhost:8000/js/rmmz_core.js:1676
[   28806ms] [WARNING] The provided value 'undefined' is not a valid enum value of type CanvasTextAlign. @ http://localhost:8000/js/rmmz_core.js:1676
[   28807ms] [WARNING] The provided value 'undefined' is not a valid enum value of type CanvasTextAlign. @ http://localhost:8000/js/rmmz_core.js:1676
[   28807ms] [WARNING] The provided value 'undefined' is not a valid enum value of type CanvasTextAlign. @ http://localhost:8000/js/rmmz_core.js:1676
[   28807ms] [WARNING] The provided value 'undefined' is not a valid enum value of type CanvasTextAlign. @ http://localhost:8000/js/rmmz_core.js:1676
[   28807ms] [WARNING] The provided value 'undefined' is not a valid enum value of type CanvasTextAlign. @ http://localhost:8000/js/rmmz_core.js:1676
[   28906ms] [WARNING] The provided value 'undefined' is not a valid enum value of type CanvasTextAlign. @ http://localhost:8000/js/rmmz_core.js:1676
[   28906ms] [WARNING] The provided value 'undefined' is not a valid enum value of type CanvasTextAlign. @ http://localhost:8000/js/rmmz_core.js:1676
[   28906ms] [WARNING] The provided value 'undefined' is not a valid enum value of type CanvasTextAlign. @ http://localhost:8000/js/rmmz_core.js:1676
[   28906ms] [WARNING] The provided value 'undefined' is not a valid enum value of type CanvasTextAlign. @ http://localhost:8000/js/rmmz_core.js:1676
[   28907ms] [WARNING] The provided value 'undefined' is not a valid enum value of type CanvasTextAlign. @ http://localhost:8000/js/rmmz_core.js:1676
[   28907ms] [WARNING] The provided value 'undefined' is not a valid enum value of type CanvasTextAlign. @ http://localhost:8000/js/rmmz_core.js:1676
[   28907ms] [WARNING] The provided value 'undefined' is not a valid enum value of type CanvasTextAlign. @ http://localhost:8000/js/rmmz_core.js:1676
[   28907ms] [WARNING] The provided value 'undefined' is not a valid enum value of type CanvasTextAlign. @ http://localhost:8000/js/rmmz_core.js:1676
[   28908ms] [WARNING] The provided value 'undefined' is not a valid enum value of type CanvasTextAlign. @ http://localhost:8000/js/rmmz_core.js:1676
[   28995ms] [WARNING] The provided value 'undefined' is not a valid enum value of type CanvasTextAlign. @ http://localhost:8000/js/rmmz_core.js:1676
[   28995ms] [WARNING] The provided value 'undefined' is not a valid enum value of type CanvasTextAlign. @ http://localhost:8000/js/rmmz_core.js:1676
[   28995ms] [WARNING] The provided value 'undefined' is not a valid enum value of type CanvasTextAlign. @ http://localhost:8000/js/rmmz_core.js:1676
[   28995ms] [WARNING] The provided value 'undefined' is not a valid enum value of type CanvasTextAlign. @ http://localhost:8000/js/rmmz_core.js:1676
[   28996ms] [WARNING] The provided value 'undefined' is not a valid enum value of type CanvasTextAlign. @ http://localhost:8000/js/rmmz_core.js:1676
[   28996ms] [WARNING] The provided value 'undefined' is not a valid enum value of type CanvasTextAlign. @ http://localhost:8000/js/rmmz_core.js:1676
[   28996ms] [WARNING] The provided value 'undefined' is not a valid enum value of type CanvasTextAlign. @ http://localhost:8000/js/rmmz_core.js:1676
[   28997ms] [WARNING] The provided value 'undefined' is not a valid enum value of type CanvasTextAlign. @ http://localhost:8000/js/rmmz_core.js:1676
[   28997ms] [WARNING] The provided value 'undefined' is not a valid enum value of type CanvasTextAlign. @ http://localhost:8000/js/rmmz_core.js:1676
[   29097ms] [WARNING] The provided value 'undefined' is not a valid enum value of type CanvasTextAlign. @ http://localhost:8000/js/rmmz_core.js:1676
[   29098ms] [WARNING] The provided value 'undefined' is not a valid enum value of type CanvasTextAlign. @ http://localhost:8000/js/rmmz_core.js:1676
[   29098ms] [WARNING] The provided value 'undefined' is not a valid enum value of type CanvasTextAlign. @ http://localhost:8000/js/rmmz_core.js:1676
[   29098ms] [WARNING] The provided value 'undefined' is not a valid enum value of type CanvasTextAlign. @ http://localhost:8000/js/rmmz_core.js:1676
[   29098ms] [WARNING] The provided value 'undefined' is not a valid enum value of type CanvasTextAlign. @ http://localhost:8000/js/rmmz_core.js:1676
[   29099ms] [WARNING] The provided value 'undefined' is not a valid enum value of type CanvasTextAlign. @ http://localhost:8000/js/rmmz_core.js:1676
[   29099ms] [WARNING] The provided value 'undefined' is not a valid enum value of type CanvasTextAlign. @ http://localhost:8000/js/rmmz_core.js:1676
[   29099ms] [WARNING] The provided value 'undefined' is not a valid enum value of type CanvasTextAlign. @ http://localhost:8000/js/rmmz_core.js:1676
[   29099ms] [WARNING] The provided value 'undefined' is not a valid enum value of type CanvasTextAlign. @ http://localhost:8000/js/rmmz_core.js:1676
[   29198ms] [WARNING] The provided value 'undefined' is not a valid enum value of type CanvasTextAlign. @ http://localhost:8000/js/rmmz_core.js:1676
[   29198ms] [WARNING] The provided value 'undefined' is not a valid enum value of type CanvasTextAlign. @ http://localhost:8000/js/rmmz_core.js:1676
[   29198ms] [WARNING] The provided value 'undefined' is not a valid enum value of type CanvasTextAlign. @ http://localhost:8000/js/rmmz_core.js:1676
[   29199ms] [WARNING] The provided value 'undefined' is not a valid enum value of type CanvasTextAlign. @ http://localhost:8000/js/rmmz_core.js:1676
[   29199ms] [WARNING] The provided value 'undefined' is not a valid enum value of type CanvasTextAlign. @ http://localhost:8000/js/rmmz_core.js:1676
[   29199ms] [WARNING] The provided value 'undefined' is not a valid enum value of type CanvasTextAlign. @ http://localhost:8000/js/rmmz_core.js:1676
[   29199ms] [WARNING] The provided value 'undefined' is not a valid enum value of type CanvasTextAlign. @ http://localhost:8000/js/rmmz_core.js:1676
[   29200ms] [WARNING] The provided value 'undefined' is not a valid enum value of type CanvasTextAlign. @ http://localhost:8000/js/rmmz_core.js:1676
[   29200ms] [WARNING] The provided value 'undefined' is not a valid enum value of type CanvasTextAlign. @ http://localhost:8000/js/rmmz_core.js:1676
[   29301ms] [WARNING] The provided value 'undefined' is not a valid enum value of type CanvasTextAlign. @ http://localhost:8000/js/rmmz_core.js:1676
[   29302ms] [WARNING] The provided value 'undefined' is not a valid enum value of type CanvasTextAlign. @ http://localhost:8000/js/rmmz_core.js:1676
[   29302ms] [WARNING] The provided value 'undefined' is not a valid enum value of type CanvasTextAlign. @ http://localhost:8000/js/rmmz_core.js:1676
[   29302ms] [WARNING] The provided value 'undefined' is not a valid enum value of type CanvasTextAlign. @ http://localhost:8000/js/rmmz_core.js:1676
[   29302ms] [WARNING] The provided value 'undefined' is not a valid enum value of type CanvasTextAlign. @ http://localhost:8000/js/rmmz_core.js:1676
[   29303ms] [WARNING] The provided value 'undefined' is not a valid enum value of type CanvasTextAlign. @ http://localhost:8000/js/rmmz_core.js:1676
[   29303ms] [WARNING] The provided value 'undefined' is not a valid enum value of type CanvasTextAlign. @ http://localhost:8000/js/rmmz_core.js:1676
[   29303ms] [WARNING] The provided value 'undefined' is not a valid enum value of type CanvasTextAlign. @ http://localhost:8000/js/rmmz_core.js:1676
[   29303ms] [WARNING] The provided value 'undefined' is not a valid enum value of type CanvasTextAlign. @ http://localhost:8000/js/rmmz_core.js:1676
[   29403ms] [WARNING] The provided value 'undefined' is not a valid enum value of type CanvasTextAlign. @ http://localhost:8000/js/rmmz_core.js:1676
[   29403ms] [WARNING] The provided value 'undefined' is not a valid enum value of type CanvasTextAlign. @ http://localhost:8000/js/rmmz_core.js:1676
[   29403ms] [WARNING] The provided value 'undefined' is not a valid enum value of type CanvasTextAlign. @ http://localhost:8000/js/rmmz_core.js:1676
[   29403ms] [WARNING] The provided value 'undefined' is not a valid enum value of type CanvasTextAlign. @ http://localhost:8000/js/rmmz_core.js:1676
[   29404ms] [WARNING] The provided value 'undefined' is not a valid enum value of type CanvasTextAlign. @ http://localhost:8000/js/rmmz_core.js:1676
[   29404ms] [WARNING] The provided value 'undefined' is not a valid enum value of type CanvasTextAlign. @ http://localhost:8000/js/rmmz_core.js:1676
[   29404ms] [WARNING] The provided value 'undefined' is not a valid enum value of type CanvasTextAlign. @ http://localhost:8000/js/rmmz_core.js:1676
[   29405ms] [WARNING] The provided value 'undefined' is not a valid enum value of type CanvasTextAlign. @ http://localhost:8000/js/rmmz_core.js:1676
[   29405ms] [WARNING] The provided value 'undefined' is not a valid enum value of type CanvasTextAlign. @ http://localhost:8000/js/rmmz_core.js:1676
[   29504ms] [WARNING] The provided value 'undefined' is not a valid enum value of type CanvasTextAlign. @ http://localhost:8000/js/rmmz_core.js:1676
[   29504ms] [WARNING] The provided value 'undefined' is not a valid enum value of type CanvasTextAlign. @ http://localhost:8000/js/rmmz_core.js:1676
[   29504ms] [WARNING] The provided value 'undefined' is not a valid enum value of type CanvasTextAlign. @ http://localhost:8000/js/rmmz_core.js:1676
[   29504ms] [WARNING] The provided value 'undefined' is not a valid enum value of type CanvasTextAlign. @ http://localhost:8000/js/rmmz_core.js:1676
[   29505ms] [WARNING] The provided value 'undefined' is not a valid enum value of type CanvasTextAlign. @ http://localhost:8000/js/rmmz_core.js:1676
[   29505ms] [WARNING] The provided value 'undefined' is not a valid enum value of type CanvasTextAlign. @ http://localhost:8000/js/rmmz_core.js:1676
[   29505ms] [WARNING] The provided value 'undefined' is not a valid enum value of type CanvasTextAlign. @ http://localhost:8000/js/rmmz_core.js:1676
[   29506ms] [WARNING] The provided value 'undefined' is not a valid enum value of type CanvasTextAlign. @ http://localhost:8000/js/rmmz_core.js:1676
[   29506ms] [WARNING] The provided value 'undefined' is not a valid enum value of type CanvasTextAlign. @ http://localhost:8000/js/rmmz_core.js:1676
[   29604ms] [WARNING] The provided value 'undefined' is not a valid enum value of type CanvasTextAlign. @ http://localhost:8000/js/rmmz_core.js:1676
[   29604ms] [WARNING] The provided value 'undefined' is not a valid enum value of type CanvasTextAlign. @ http://localhost:8000/js/rmmz_core.js:1676
[   29604ms] [WARNING] The provided value 'undefined' is not a valid enum value of type CanvasTextAlign. @ http://localhost:8000/js/rmmz_core.js:1676
[   29605ms] [WARNING] The provided value 'undefined' is not a valid enum value of type CanvasTextAlign. @ http://localhost:8000/js/rmmz_core.js:1676
[   29605ms] [WARNING] The provided value 'undefined' is not a valid enum value of type CanvasTextAlign. @ http://localhost:8000/js/rmmz_core.js:1676
[   29605ms] [WARNING] The provided value 'undefined' is not a valid enum value of type CanvasTextAlign. @ http://localhost:8000/js/rmmz_core.js:1676
[   29605ms] [WARNING] The provided value 'undefined' is not a valid enum value of type CanvasTextAlign. @ http://localhost:8000/js/rmmz_core.js:1676
[   29606ms] [WARNING] The provided value 'undefined' is not a valid enum value of type CanvasTextAlign. @ http://localhost:8000/js/rmmz_core.js:1676
[   29606ms] [WARNING] The provided value 'undefined' is not a valid enum value of type CanvasTextAlign. @ http://localhost:8000/js/rmmz_core.js:1676
[   29667ms] [LOG] RACE_EVENT: {
  "type": "SAFE_CLICK",
  "frame": 832,
  "vars": {
    "RACE_ID": 1,
    "SCENE_INDEX": 4,
    "SCENE_TYPE": 0,
    "P_CENA": 50,
    "CONSCIENCIA": 70,
    "PONTOS_GLORIA": 170,
    "TAXA_SUCESSO": 0,
    "ROLL_RESULT": 0,
    "TIMER_FRAMES": 0,
    "SCENE_START": 581,
    "SEED": 0,
    "RACE_N_CENAS": 6,
    "ATTEMPT_N": 7,
    "LAST_RENDERED_INDEX": 3,
    "HOVER_LEVEL": 0,
    "TIMER_TIMEOUT_FLAG": 1,
    "VITORIA_PASSOU": 0,
    "GLORIA_META": 200,
    "TIMER_SECONDS": 1,
    "SCENE_DISPLAY": 4
  },
  "switches": {
    "RACE_ACTIVE": true,
    "INPUT_LOCKED": true,
    "CRASH_FLAG": false,
    "LAST_ACTION_SAFE": true,
    "PAUSED": false,
    "IS_CURVA_DIABO": false
  },
  "timestamp": "2026-07-07T07:49:47.668Z"
} @ http://localhost:8000/js/plugins/Jhonny_RaceHelper.js:234
[   29705ms] [WARNING] The provided value 'undefined' is not a valid enum value of type CanvasTextAlign. @ http://localhost:8000/js/rmmz_core.js:1676
[   29705ms] [WARNING] The provided value 'undefined' is not a valid enum value of type CanvasTextAlign. @ http://localhost:8000/js/rmmz_core.js:1676
[   29705ms] [WARNING] The provided value 'undefined' is not a valid enum value of type CanvasTextAlign. @ http://localhost:8000/js/rmmz_core.js:1676
[   29705ms] [WARNING] The provided value 'undefined' is not a valid enum value of type CanvasTextAlign. @ http://localhost:8000/js/rmmz_core.js:1676
[   29705ms] [WARNING] The provided value 'undefined' is not a valid enum value of type CanvasTextAlign. @ http://localhost:8000/js/rmmz_core.js:1676
[   29705ms] [WARNING] The provided value 'undefined' is not a valid enum value of type CanvasTextAlign. @ http://localhost:8000/js/rmmz_core.js:1676
[   29705ms] [WARNING] The provided value 'undefined' is not a valid enum value of type CanvasTextAlign. @ http://localhost:8000/js/rmmz_core.js:1676
[   29706ms] [WARNING] The provided value 'undefined' is not a valid enum value of type CanvasTextAlign. @ http://localhost:8000/js/rmmz_core.js:1676
[   29706ms] [WARNING] The provided value 'undefined' is not a valid enum value of type CanvasTextAlign. @ http://localhost:8000/js/rmmz_core.js:1676
[   29706ms] [WARNING] The provided value 'undefined' is not a valid enum value of type CanvasTextAlign. @ http://localhost:8000/js/rmmz_core.js:1676
[   29706ms] [WARNING] The provided value 'undefined' is not a valid enum value of type CanvasTextAlign. @ http://localhost:8000/js/rmmz_core.js:1676
[   29706ms] [WARNING] The provided value 'undefined' is not a valid enum value of type CanvasTextAlign. @ http://localhost:8000/js/rmmz_core.js:1676
[   29707ms] [WARNING] The provided value 'undefined' is not a valid enum value of type CanvasTextAlign. @ http://localhost:8000/js/rmmz_core.js:1676
[   29707ms] [WARNING] The provided value 'undefined' is not a valid enum value of type CanvasTextAlign. @ http://localhost:8000/js/rmmz_core.js:1676
[   29707ms] [WARNING] The provided value 'undefined' is not a valid enum value of type CanvasTextAlign. @ http://localhost:8000/js/rmmz_core.js:1676
[   29707ms] [WARNING] The provided value 'undefined' is not a valid enum value of type CanvasTextAlign. @ http://localhost:8000/js/rmmz_core.js:1676
[   29707ms] [WARNING] The provided value 'undefined' is not a valid enum value of type CanvasTextAlign. @ http://localhost:8000/js/rmmz_core.js:1676
[   29707ms] [WARNING] The provided value 'undefined' is not a valid enum value of type CanvasTextAlign. @ http://localhost:8000/js/rmmz_core.js:1676
[   29707ms] [WARNING] The provided value 'undefined' is not a valid enum value of type CanvasTextAlign. @ http://localhost:8000/js/rmmz_core.js:1676
[   29708ms] [WARNING] The provided value 'undefined' is not a valid enum value of type CanvasTextAlign. @ http://localhost:8000/js/rmmz_core.js:1676
[   29708ms] [WARNING] The provided value 'undefined' is not a valid enum value of type CanvasTextAlign. @ http://localhost:8000/js/rmmz_core.js:1676
[   29708ms] [WARNING] The provided value 'undefined' is not a valid enum value of type CanvasTextAlign. @ http://localhost:8000/js/rmmz_core.js:1676
[   29708ms] [WARNING] The provided value 'undefined' is not a valid enum value of type CanvasTextAlign. @ http://localhost:8000/js/rmmz_core.js:1676
[   29708ms] [WARNING] The provided value 'undefined' is not a valid enum value of type CanvasTextAlign. @ http://localhost:8000/js/rmmz_core.js:1676
[   29708ms] [WARNING] The provided value 'undefined' is not a valid enum value of type CanvasTextAlign. @ http://localhost:8000/js/rmmz_core.js:1676
[   29708ms] [WARNING] The provided value 'undefined' is not a valid enum value of type CanvasTextAlign. @ http://localhost:8000/js/rmmz_core.js:1676
[   29708ms] [WARNING] The provided value 'undefined' is not a valid enum value of type CanvasTextAlign. @ http://localhost:8000/js/rmmz_core.js:1676
[   29709ms] [WARNING] The provided value 'undefined' is not a valid enum value of type CanvasTextAlign. @ http://localhost:8000/js/rmmz_core.js:1676
[   29709ms] [WARNING] The provided value 'undefined' is not a valid enum value of type CanvasTextAlign. @ http://localhost:8000/js/rmmz_core.js:1676
[   29709ms] [WARNING] The provided value 'undefined' is not a valid enum value of type CanvasTextAlign. @ http://localhost:8000/js/rmmz_core.js:1676
[   29709ms] [WARNING] The provided value 'undefined' is not a valid enum value of type CanvasTextAlign. @ http://localhost:8000/js/rmmz_core.js:1676
[   29710ms] [WARNING] The provided value 'undefined' is not a valid enum value of type CanvasTextAlign. @ http://localhost:8000/js/rmmz_core.js:1676
[   29710ms] [WARNING] The provided value 'undefined' is not a valid enum value of type CanvasTextAlign. @ http://localhost:8000/js/rmmz_core.js:1676
[   29710ms] [WARNING] The provided value 'undefined' is not a valid enum value of type CanvasTextAlign. @ http://localhost:8000/js/rmmz_core.js:1676
[   29710ms] [WARNING] The provided value 'undefined' is not a valid enum value of type CanvasTextAlign. @ http://localhost:8000/js/rmmz_core.js:1676
[   29710ms] [WARNING] The provided value 'undefined' is not a valid enum value of type CanvasTextAlign. @ http://localhost:8000/js/rmmz_core.js:1676
[   29710ms] [WARNING] The provided value 'undefined' is not a valid enum value of type CanvasTextAlign. @ http://localhost:8000/js/rmmz_core.js:1676
[   29710ms] [WARNING] The provided value 'undefined' is not a valid enum value of type CanvasTextAlign. @ http://localhost:8000/js/rmmz_core.js:1676
[   29710ms] [WARNING] The provided value 'undefined' is not a valid enum value of type CanvasTextAlign. @ http://localhost:8000/js/rmmz_core.js:1676
[   29710ms] [WARNING] The provided value 'undefined' is not a valid enum value of type CanvasTextAlign. @ http://localhost:8000/js/rmmz_core.js:1676
[   29711ms] [WARNING] The provided value 'undefined' is not a valid enum value of type CanvasTextAlign. @ http://localhost:8000/js/rmmz_core.js:1676
[   29711ms] [WARNING] The provided value 'undefined' is not a valid enum value of type CanvasTextAlign. @ http://localhost:8000/js/rmmz_core.js:1676
[   29711ms] [WARNING] The provided value 'undefined' is not a valid enum value of type CanvasTextAlign. @ http://localhost:8000/js/rmmz_core.js:1676
[   29711ms] [WARNING] The provided value 'undefined' is not a valid enum value of type CanvasTextAlign. @ http://localhost:8000/js/rmmz_core.js:1676
[   29711ms] [WARNING] The provided value 'undefined' is not a valid enum value of type CanvasTextAlign. @ http://localhost:8000/js/rmmz_core.js:1676
[   29711ms] [WARNING] The provided value 'undefined' is not a valid enum value of type CanvasTextAlign. @ http://localhost:8000/js/rmmz_core.js:1676
[   29711ms] [WARNING] The provided value 'undefined' is not a valid enum value of type CanvasTextAlign. @ http://localhost:8000/js/rmmz_core.js:1676
[   29712ms] [WARNING] The provided value 'undefined' is not a valid enum value of type CanvasTextAlign. @ http://localhost:8000/js/rmmz_core.js:1676
[   29712ms] [WARNING] The provided value 'undefined' is not a valid enum value of type CanvasTextAlign. @ http://localhost:8000/js/rmmz_core.js:1676
[   29712ms] [WARNING] The provided value 'undefined' is not a valid enum value of type CanvasTextAlign. @ http://localhost:8000/js/rmmz_core.js:1676
[   29712ms] [WARNING] The provided value 'undefined' is not a valid enum value of type CanvasTextAlign. @ http://localhost:8000/js/rmmz_core.js:1676
[   29712ms] [WARNING] The provided value 'undefined' is not a valid enum value of type CanvasTextAlign. @ http://localhost:8000/js/rmmz_core.js:1676
[   29712ms] [WARNING] The provided value 'undefined' is not a valid enum value of type CanvasTextAlign. @ http://localhost:8000/js/rmmz_core.js:1676
[   29713ms] [WARNING] The provided value 'undefined' is not a valid enum value of type CanvasTextAlign. @ http://localhost:8000/js/rmmz_core.js:1676
[   29713ms] [WARNING] The provided value 'undefined' is not a valid enum value of type CanvasTextAlign. @ http://localhost:8000/js/rmmz_core.js:1676
[   29713ms] [WARNING] The provided value 'undefined' is not a valid enum value of type CanvasTextAlign. @ http://localhost:8000/js/rmmz_core.js:1676
[   29713ms] [WARNING] The provided value 'undefined' is not a valid enum value of type CanvasTextAlign. @ http://localhost:8000/js/rmmz_core.js:1676
[   29713ms] [WARNING] The provided value 'undefined' is not a valid enum value of type CanvasTextAlign. @ http://localhost:8000/js/rmmz_core.js:1676
[   29713ms] [WARNING] The provided value 'undefined' is not a valid enum value of type CanvasTextAlign. @ http://localhost:8000/js/rmmz_core.js:1676
[   29713ms] [WARNING] The provided value 'undefined' is not a valid enum value of type CanvasTextAlign. @ http://localhost:8000/js/rmmz_core.js:1676
[   29713ms] [WARNING] The provided value 'undefined' is not a valid enum value of type CanvasTextAlign. @ http://localhost:8000/js/rmmz_core.js:1676
[   29713ms] [WARNING] The provided value 'undefined' is not a valid enum value of type CanvasTextAlign. @ http://localhost:8000/js/rmmz_core.js:1676
[   29714ms] [WARNING] The provided value 'undefined' is not a valid enum value of type CanvasTextAlign. @ http://localhost:8000/js/rmmz_core.js:1676
[   29714ms] [WARNING] The provided value 'undefined' is not a valid enum value of type CanvasTextAlign. @ http://localhost:8000/js/rmmz_core.js:1676
[   29797ms] [WARNING] The provided value 'undefined' is not a valid enum value of type CanvasTextAlign. @ http://localhost:8000/js/rmmz_core.js:1676
[   29798ms] [WARNING] The provided value 'undefined' is not a valid enum value of type CanvasTextAlign. @ http://localhost:8000/js/rmmz_core.js:1676
[   29798ms] [WARNING] The provided value 'undefined' is not a valid enum value of type CanvasTextAlign. @ http://localhost:8000/js/rmmz_core.js:1676
[   29798ms] [WARNING] The provided value 'undefined' is not a valid enum value of type CanvasTextAlign. @ http://localhost:8000/js/rmmz_core.js:1676
[   29798ms] [WARNING] The provided value 'undefined' is not a valid enum value of type CanvasTextAlign. @ http://localhost:8000/js/rmmz_core.js:1676
[   29799ms] [WARNING] The provided value 'undefined' is not a valid enum value of type CanvasTextAlign. @ http://localhost:8000/js/rmmz_core.js:1676
[   29799ms] [WARNING] The provided value 'undefined' is not a valid enum value of type CanvasTextAlign. @ http://localhost:8000/js/rmmz_core.js:1676
[   29799ms] [WARNING] The provided value 'undefined' is not a valid enum value of type CanvasTextAlign. @ http://localhost:8000/js/rmmz_core.js:1676
[   29799ms] [WARNING] The provided value 'undefined' is not a valid enum value of type CanvasTextAlign. @ http://localhost:8000/js/rmmz_core.js:1676
[   29901ms] [WARNING] The provided value 'undefined' is not a valid enum value of type CanvasTextAlign. @ http://localhost:8000/js/rmmz_core.js:1676
[   29901ms] [WARNING] The provided value 'undefined' is not a valid enum value of type CanvasTextAlign. @ http://localhost:8000/js/rmmz_core.js:1676
[   29901ms] [WARNING] The provided value 'undefined' is not a valid enum value of type CanvasTextAlign. @ http://localhost:8000/js/rmmz_core.js:1676
[   29901ms] [WARNING] The provided value 'undefined' is not a valid enum value of type CanvasTextAlign. @ http://localhost:8000/js/rmmz_core.js:1676
[   29902ms] [WARNING] The provided value 'undefined' is not a valid enum value of type CanvasTextAlign. @ http://localhost:8000/js/rmmz_core.js:1676
[   29902ms] [WARNING] The provided value 'undefined' is not a valid enum value of type CanvasTextAlign. @ http://localhost:8000/js/rmmz_core.js:1676
[   29902ms] [WARNING] The provided value 'undefined' is not a valid enum value of type CanvasTextAlign. @ http://localhost:8000/js/rmmz_core.js:1676
[   29903ms] [WARNING] The provided value 'undefined' is not a valid enum value of type CanvasTextAlign. @ http://localhost:8000/js/rmmz_core.js:1676
[   29903ms] [WARNING] The provided value 'undefined' is not a valid enum value of type CanvasTextAlign. @ http://localhost:8000/js/rmmz_core.js:1676
[   30001ms] [WARNING] The provided value 'undefined' is not a valid enum value of type CanvasTextAlign. @ http://localhost:8000/js/rmmz_core.js:1676
[   30002ms] [WARNING] The provided value 'undefined' is not a valid enum value of type CanvasTextAlign. @ http://localhost:8000/js/rmmz_core.js:1676
[   30002ms] [WARNING] The provided value 'undefined' is not a valid enum value of type CanvasTextAlign. @ http://localhost:8000/js/rmmz_core.js:1676
[   30002ms] [WARNING] The provided value 'undefined' is not a valid enum value of type CanvasTextAlign. @ http://localhost:8000/js/rmmz_core.js:1676
[   30002ms] [WARNING] The provided value 'undefined' is not a valid enum value of type CanvasTextAlign. @ http://localhost:8000/js/rmmz_core.js:1676
[   30003ms] [WARNING] The provided value 'undefined' is not a valid enum value of type CanvasTextAlign. @ http://localhost:8000/js/rmmz_core.js:1676
[   30003ms] [WARNING] The provided value 'undefined' is not a valid enum value of type CanvasTextAlign. @ http://localhost:8000/js/rmmz_core.js:1676
[   30003ms] [WARNING] The provided value 'undefined' is not a valid enum value of type CanvasTextAlign. @ http://localhost:8000/js/rmmz_core.js:1676
[   30003ms] [WARNING] The provided value 'undefined' is not a valid enum value of type CanvasTextAlign. @ http://localhost:8000/js/rmmz_core.js:1676
[   30102ms] [WARNING] The provided value 'undefined' is not a valid enum value of type CanvasTextAlign. @ http://localhost:8000/js/rmmz_core.js:1676
[   30103ms] [WARNING] The provided value 'undefined' is not a valid enum value of type CanvasTextAlign. @ http://localhost:8000/js/rmmz_core.js:1676
[   30103ms] [WARNING] The provided value 'undefined' is not a valid enum value of type CanvasTextAlign. @ http://localhost:8000/js/rmmz_core.js:1676
[   30103ms] [WARNING] The provided value 'undefined' is not a valid enum value of type CanvasTextAlign. @ http://localhost:8000/js/rmmz_core.js:1676
[   30104ms] [WARNING] The provided value 'undefined' is not a valid enum value of type CanvasTextAlign. @ http://localhost:8000/js/rmmz_core.js:1676
[   30104ms] [WARNING] The provided value 'undefined' is not a valid enum value of type CanvasTextAlign. @ http://localhost:8000/js/rmmz_core.js:1676
[   30104ms] [WARNING] The provided value 'undefined' is not a valid enum value of type CanvasTextAlign. @ http://localhost:8000/js/rmmz_core.js:1676
[   30104ms] [WARNING] The provided value 'undefined' is not a valid enum value of type CanvasTextAlign. @ http://localhost:8000/js/rmmz_core.js:1676
[   30104ms] [WARNING] The provided value 'undefined' is not a valid enum value of type CanvasTextAlign. @ http://localhost:8000/js/rmmz_core.js:1676
[   30203ms] [WARNING] The provided value 'undefined' is not a valid enum value of type CanvasTextAlign. @ http://localhost:8000/js/rmmz_core.js:1676
[   30203ms] [WARNING] The provided value 'undefined' is not a valid enum value of type CanvasTextAlign. @ http://localhost:8000/js/rmmz_core.js:1676
[   30203ms] [WARNING] The provided value 'undefined' is not a valid enum value of type CanvasTextAlign. @ http://localhost:8000/js/rmmz_core.js:1676
[   30204ms] [WARNING] The provided value 'undefined' is not a valid enum value of type CanvasTextAlign. @ http://localhost:8000/js/rmmz_core.js:1676
[   30204ms] [WARNING] The provided value 'undefined' is not a valid enum value of type CanvasTextAlign. @ http://localhost:8000/js/rmmz_core.js:1676
[   30204ms] [WARNING] The provided value 'undefined' is not a valid enum value of type CanvasTextAlign. @ http://localhost:8000/js/rmmz_core.js:1676
[   30204ms] [WARNING] The provided value 'undefined' is not a valid enum value of type CanvasTextAlign. @ http://localhost:8000/js/rmmz_core.js:1676
[   30205ms] [WARNING] The provided value 'undefined' is not a valid enum value of type CanvasTextAlign. @ http://localhost:8000/js/rmmz_core.js:1676
[   30205ms] [WARNING] The provided value 'undefined' is not a valid enum value of type CanvasTextAlign. @ http://localhost:8000/js/rmmz_core.js:1676
[   30306ms] [WARNING] The provided value 'undefined' is not a valid enum value of type CanvasTextAlign. @ http://localhost:8000/js/rmmz_core.js:1676
[   30306ms] [WARNING] The provided value 'undefined' is not a valid enum value of type CanvasTextAlign. @ http://localhost:8000/js/rmmz_core.js:1676
[   30306ms] [WARNING] The provided value 'undefined' is not a valid enum value of type CanvasTextAlign. @ http://localhost:8000/js/rmmz_core.js:1676
[   30306ms] [WARNING] The provided value 'undefined' is not a valid enum value of type CanvasTextAlign. @ http://localhost:8000/js/rmmz_core.js:1676
[   30307ms] [WARNING] The provided value 'undefined' is not a valid enum value of type CanvasTextAlign. @ http://localhost:8000/js/rmmz_core.js:1676
[   30307ms] [WARNING] The provided value 'undefined' is not a valid enum value of type CanvasTextAlign. @ http://localhost:8000/js/rmmz_core.js:1676
[   30307ms] [WARNING] The provided value 'undefined' is not a valid enum value of type CanvasTextAlign. @ http://localhost:8000/js/rmmz_core.js:1676
[   30307ms] [WARNING] The provided value 'undefined' is not a valid enum value of type CanvasTextAlign. @ http://localhost:8000/js/rmmz_core.js:1676
[   30308ms] [WARNING] The provided value 'undefined' is not a valid enum value of type CanvasTextAlign. @ http://localhost:8000/js/rmmz_core.js:1676
[   30394ms] [WARNING] The provided value 'undefined' is not a valid enum value of type CanvasTextAlign. @ http://localhost:8000/js/rmmz_core.js:1676
[   30395ms] [WARNING] The provided value 'undefined' is not a valid enum value of type CanvasTextAlign. @ http://localhost:8000/js/rmmz_core.js:1676
[   30395ms] [WARNING] The provided value 'undefined' is not a valid enum value of type CanvasTextAlign. @ http://localhost:8000/js/rmmz_core.js:1676
[   30395ms] [WARNING] The provided value 'undefined' is not a valid enum value of type CanvasTextAlign. @ http://localhost:8000/js/rmmz_core.js:1676
[   30395ms] [WARNING] The provided value 'undefined' is not a valid enum value of type CanvasTextAlign. @ http://localhost:8000/js/rmmz_core.js:1676
[   30395ms] [WARNING] The provided value 'undefined' is not a valid enum value of type CanvasTextAlign. @ http://localhost:8000/js/rmmz_core.js:1676
[   30396ms] [WARNING] The provided value 'undefined' is not a valid enum value of type CanvasTextAlign. @ http://localhost:8000/js/rmmz_core.js:1676
[   30396ms] [WARNING] The provided value 'undefined' is not a valid enum value of type CanvasTextAlign. @ http://localhost:8000/js/rmmz_core.js:1676
[   30396ms] [WARNING] The provided value 'undefined' is not a valid enum value of type CanvasTextAlign. @ http://localhost:8000/js/rmmz_core.js:1676
[   30396ms] [WARNING] The provided value 'undefined' is not a valid enum value of type CanvasTextAlign. @ http://localhost:8000/js/rmmz_core.js:1676
[   30396ms] [WARNING] The provided value 'undefined' is not a valid enum value of type CanvasTextAlign. @ http://localhost:8000/js/rmmz_core.js:1676
[   30396ms] [WARNING] The provided value 'undefined' is not a valid enum value of type CanvasTextAlign. @ http://localhost:8000/js/rmmz_core.js:1676
[   30396ms] [WARNING] The provided value 'undefined' is not a valid enum value of type CanvasTextAlign. @ http://localhost:8000/js/rmmz_core.js:1676
[   30396ms] [WARNING] The provided value 'undefined' is not a valid enum value of type CanvasTextAlign. @ http://localhost:8000/js/rmmz_core.js:1676
[   30397ms] [WARNING] The provided value 'undefined' is not a valid enum value of type CanvasTextAlign. @ http://localhost:8000/js/rmmz_core.js:1676
[   30397ms] [WARNING] The provided value 'undefined' is not a valid enum value of type CanvasTextAlign. @ http://localhost:8000/js/rmmz_core.js:1676
[   30397ms] [WARNING] The provided value 'undefined' is not a valid enum value of type CanvasTextAlign. @ http://localhost:8000/js/rmmz_core.js:1676
[   30397ms] [WARNING] The provided value 'undefined' is not a valid enum value of type CanvasTextAlign. @ http://localhost:8000/js/rmmz_core.js:1676
[   30497ms] [WARNING] The provided value 'undefined' is not a valid enum value of type CanvasTextAlign. @ http://localhost:8000/js/rmmz_core.js:1676
[   30497ms] [WARNING] The provided value 'undefined' is not a valid enum value of type CanvasTextAlign. @ http://localhost:8000/js/rmmz_core.js:1676
[   30497ms] [WARNING] The provided value 'undefined' is not a valid enum value of type CanvasTextAlign. @ http://localhost:8000/js/rmmz_core.js:1676
[   30497ms] [WARNING] The provided value 'undefined' is not a valid enum value of type CanvasTextAlign. @ http://localhost:8000/js/rmmz_core.js:1676
[   30498ms] [WARNING] The provided value 'undefined' is not a valid enum value of type CanvasTextAlign. @ http://localhost:8000/js/rmmz_core.js:1676
[   30498ms] [WARNING] The provided value 'undefined' is not a valid enum value of type CanvasTextAlign. @ http://localhost:8000/js/rmmz_core.js:1676
[   30498ms] [WARNING] The provided value 'undefined' is not a valid enum value of type CanvasTextAlign. @ http://localhost:8000/js/rmmz_core.js:1676
[   30499ms] [WARNING] The provided value 'undefined' is not a valid enum value of type CanvasTextAlign. @ http://localhost:8000/js/rmmz_core.js:1676
[   30499ms] [WARNING] The provided value 'undefined' is not a valid enum value of type CanvasTextAlign. @ http://localhost:8000/js/rmmz_core.js:1676
[   30597ms] [WARNING] The provided value 'undefined' is not a valid enum value of type CanvasTextAlign. @ http://localhost:8000/js/rmmz_core.js:1676
[   30598ms] [WARNING] The provided value 'undefined' is not a valid enum value of type CanvasTextAlign. @ http://localhost:8000/js/rmmz_core.js:1676
[   30598ms] [WARNING] The provided value 'undefined' is not a valid enum value of type CanvasTextAlign. @ http://localhost:8000/js/rmmz_core.js:1676
[   30598ms] [WARNING] The provided value 'undefined' is not a valid enum value of type CanvasTextAlign. @ http://localhost:8000/js/rmmz_core.js:1676
[   30598ms] [WARNING] The provided value 'undefined' is not a valid enum value of type CanvasTextAlign. @ http://localhost:8000/js/rmmz_core.js:1676
[   30599ms] [WARNING] The provided value 'undefined' is not a valid enum value of type CanvasTextAlign. @ http://localhost:8000/js/rmmz_core.js:1676
[   30599ms] [WARNING] The provided value 'undefined' is not a valid enum value of type CanvasTextAlign. @ http://localhost:8000/js/rmmz_core.js:1676
[   30599ms] [WARNING] The provided value 'undefined' is not a valid enum value of type CanvasTextAlign. @ http://localhost:8000/js/rmmz_core.js:1676
[   30599ms] [WARNING] The provided value 'undefined' is not a valid enum value of type CanvasTextAlign. @ http://localhost:8000/js/rmmz_core.js:1676
[   30697ms] [WARNING] The provided value 'undefined' is not a valid enum value of type CanvasTextAlign. @ http://localhost:8000/js/rmmz_core.js:1676
[   30698ms] [WARNING] The provided value 'undefined' is not a valid enum value of type CanvasTextAlign. @ http://localhost:8000/js/rmmz_core.js:1676
[   30698ms] [WARNING] The provided value 'undefined' is not a valid enum value of type CanvasTextAlign. @ http://localhost:8000/js/rmmz_core.js:1676
[   30698ms] [WARNING] The provided value 'undefined' is not a valid enum value of type CanvasTextAlign. @ http://localhost:8000/js/rmmz_core.js:1676
[   30698ms] [WARNING] The provided value 'undefined' is not a valid enum value of type CanvasTextAlign. @ http://localhost:8000/js/rmmz_core.js:1676
[   30699ms] [WARNING] The provided value 'undefined' is not a valid enum value of type CanvasTextAlign. @ http://localhost:8000/js/rmmz_core.js:1676
[   30699ms] [WARNING] The provided value 'undefined' is not a valid enum value of type CanvasTextAlign. @ http://localhost:8000/js/rmmz_core.js:1676
[   30699ms] [WARNING] The provided value 'undefined' is not a valid enum value of type CanvasTextAlign. @ http://localhost:8000/js/rmmz_core.js:1676
[   30699ms] [WARNING] The provided value 'undefined' is not a valid enum value of type CanvasTextAlign. @ http://localhost:8000/js/rmmz_core.js:1676
[   30798ms] [WARNING] The provided value 'undefined' is not a valid enum value of type CanvasTextAlign. @ http://localhost:8000/js/rmmz_core.js:1676
[   30798ms] [WARNING] The provided value 'undefined' is not a valid enum value of type CanvasTextAlign. @ http://localhost:8000/js/rmmz_core.js:1676
[   30798ms] [WARNING] The provided value 'undefined' is not a valid enum value of type CanvasTextAlign. @ http://localhost:8000/js/rmmz_core.js:1676
[   30798ms] [WARNING] The provided value 'undefined' is not a valid enum value of type CanvasTextAlign. @ http://localhost:8000/js/rmmz_core.js:1676
[   30799ms] [WARNING] The provided value 'undefined' is not a valid enum value of type CanvasTextAlign. @ http://localhost:8000/js/rmmz_core.js:1676
[   30799ms] [WARNING] The provided value 'undefined' is not a valid enum value of type CanvasTextAlign. @ http://localhost:8000/js/rmmz_core.js:1676
[   30799ms] [WARNING] The provided value 'undefined' is not a valid enum value of type CanvasTextAlign. @ http://localhost:8000/js/rmmz_core.js:1676
[   30800ms] [WARNING] The provided value 'undefined' is not a valid enum value of type CanvasTextAlign. @ http://localhost:8000/js/rmmz_core.js:1676
[   30800ms] [WARNING] The provided value 'undefined' is not a valid enum value of type CanvasTextAlign. @ http://localhost:8000/js/rmmz_core.js:1676
[   30900ms] [WARNING] The provided value 'undefined' is not a valid enum value of type CanvasTextAlign. @ http://localhost:8000/js/rmmz_core.js:1676
[   30900ms] [WARNING] The provided value 'undefined' is not a valid enum value of type CanvasTextAlign. @ http://localhost:8000/js/rmmz_core.js:1676
[   30900ms] [WARNING] The provided value 'undefined' is not a valid enum value of type CanvasTextAlign. @ http://localhost:8000/js/rmmz_core.js:1676
[   30901ms] [WARNING] The provided value 'undefined' is not a valid enum value of type CanvasTextAlign. @ http://localhost:8000/js/rmmz_core.js:1676
[   30901ms] [WARNING] The provided value 'undefined' is not a valid enum value of type CanvasTextAlign. @ http://localhost:8000/js/rmmz_core.js:1676
[   30901ms] [WARNING] The provided value 'undefined' is not a valid enum value of type CanvasTextAlign. @ http://localhost:8000/js/rmmz_core.js:1676
[   30901ms] [WARNING] The provided value 'undefined' is not a valid enum value of type CanvasTextAlign. @ http://localhost:8000/js/rmmz_core.js:1676
[   30902ms] [WARNING] The provided value 'undefined' is not a valid enum value of type CanvasTextAlign. @ http://localhost:8000/js/rmmz_core.js:1676
[   30902ms] [WARNING] The provided value 'undefined' is not a valid enum value of type CanvasTextAlign. @ http://localhost:8000/js/rmmz_core.js:1676
[   31001ms] [WARNING] The provided value 'undefined' is not a valid enum value of type CanvasTextAlign. @ http://localhost:8000/js/rmmz_core.js:1676
[   31002ms] [WARNING] The provided value 'undefined' is not a valid enum value of type CanvasTextAlign. @ http://localhost:8000/js/rmmz_core.js:1676
[   31002ms] [WARNING] The provided value 'undefined' is not a valid enum value of type CanvasTextAlign. @ http://localhost:8000/js/rmmz_core.js:1676
[   31002ms] [WARNING] The provided value 'undefined' is not a valid enum value of type CanvasTextAlign. @ http://localhost:8000/js/rmmz_core.js:1676
[   31003ms] [WARNING] The provided value 'undefined' is not a valid enum value of type CanvasTextAlign. @ http://localhost:8000/js/rmmz_core.js:1676
[   31003ms] [WARNING] The provided value 'undefined' is not a valid enum value of type CanvasTextAlign. @ http://localhost:8000/js/rmmz_core.js:1676
[   31003ms] [WARNING] The provided value 'undefined' is not a valid enum value of type CanvasTextAlign. @ http://localhost:8000/js/rmmz_core.js:1676
[   31003ms] [WARNING] The provided value 'undefined' is not a valid enum value of type CanvasTextAlign. @ http://localhost:8000/js/rmmz_core.js:1676
[   31003ms] [WARNING] The provided value 'undefined' is not a valid enum value of type CanvasTextAlign. @ http://localhost:8000/js/rmmz_core.js:1676
[   31102ms] [WARNING] The provided value 'undefined' is not a valid enum value of type CanvasTextAlign. @ http://localhost:8000/js/rmmz_core.js:1676
[   31103ms] [WARNING] The provided value 'undefined' is not a valid enum value of type CanvasTextAlign. @ http://localhost:8000/js/rmmz_core.js:1676
[   31103ms] [WARNING] The provided value 'undefined' is not a valid enum value of type CanvasTextAlign. @ http://localhost:8000/js/rmmz_core.js:1676
[   31103ms] [WARNING] The provided value 'undefined' is not a valid enum value of type CanvasTextAlign. @ http://localhost:8000/js/rmmz_core.js:1676
[   31104ms] [WARNING] The provided value 'undefined' is not a valid enum value of type CanvasTextAlign. @ http://localhost:8000/js/rmmz_core.js:1676
[   31104ms] [WARNING] The provided value 'undefined' is not a valid enum value of type CanvasTextAlign. @ http://localhost:8000/js/rmmz_core.js:1676
[   31104ms] [WARNING] The provided value 'undefined' is not a valid enum value of type CanvasTextAlign. @ http://localhost:8000/js/rmmz_core.js:1676
[   31104ms] [WARNING] The provided value 'undefined' is not a valid enum value of type CanvasTextAlign. @ http://localhost:8000/js/rmmz_core.js:1676
[   31104ms] [WARNING] The provided value 'undefined' is not a valid enum value of type CanvasTextAlign. @ http://localhost:8000/js/rmmz_core.js:1676
[   31203ms] [WARNING] The provided value 'undefined' is not a valid enum value of type CanvasTextAlign. @ http://localhost:8000/js/rmmz_core.js:1676
[   31204ms] [WARNING] The provided value 'undefined' is not a valid enum value of type CanvasTextAlign. @ http://localhost:8000/js/rmmz_core.js:1676
[   31204ms] [WARNING] The provided value 'undefined' is not a valid enum value of type CanvasTextAlign. @ http://localhost:8000/js/rmmz_core.js:1676
[   31204ms] [WARNING] The provided value 'undefined' is not a valid enum value of type CanvasTextAlign. @ http://localhost:8000/js/rmmz_core.js:1676
[   31205ms] [WARNING] The provided value 'undefined' is not a valid enum value of type CanvasTextAlign. @ http://localhost:8000/js/rmmz_core.js:1676
[   31205ms] [WARNING] The provided value 'undefined' is not a valid enum value of type CanvasTextAlign. @ http://localhost:8000/js/rmmz_core.js:1676
[   31205ms] [WARNING] The provided value 'undefined' is not a valid enum value of type CanvasTextAlign. @ http://localhost:8000/js/rmmz_core.js:1676
[   31205ms] [WARNING] The provided value 'undefined' is not a valid enum value of type CanvasTextAlign. @ http://localhost:8000/js/rmmz_core.js:1676
[   31205ms] [WARNING] The provided value 'undefined' is not a valid enum value of type CanvasTextAlign. @ http://localhost:8000/js/rmmz_core.js:1676
[   31305ms] [WARNING] The provided value 'undefined' is not a valid enum value of type CanvasTextAlign. @ http://localhost:8000/js/rmmz_core.js:1676
[   31306ms] [WARNING] The provided value 'undefined' is not a valid enum value of type CanvasTextAlign. @ http://localhost:8000/js/rmmz_core.js:1676
[   31306ms] [WARNING] The provided value 'undefined' is not a valid enum value of type CanvasTextAlign. @ http://localhost:8000/js/rmmz_core.js:1676
[   31306ms] [WARNING] The provided value 'undefined' is not a valid enum value of type CanvasTextAlign. @ http://localhost:8000/js/rmmz_core.js:1676
[   31307ms] [WARNING] The provided value 'undefined' is not a valid enum value of type CanvasTextAlign. @ http://localhost:8000/js/rmmz_core.js:1676
[   31307ms] [WARNING] The provided value 'undefined' is not a valid enum value of type CanvasTextAlign. @ http://localhost:8000/js/rmmz_core.js:1676
[   31307ms] [WARNING] The provided value 'undefined' is not a valid enum value of type CanvasTextAlign. @ http://localhost:8000/js/rmmz_core.js:1676
[   31307ms] [WARNING] The provided value 'undefined' is not a valid enum value of type CanvasTextAlign. @ http://localhost:8000/js/rmmz_core.js:1676
[   31307ms] [WARNING] The provided value 'undefined' is not a valid enum value of type CanvasTextAlign. @ http://localhost:8000/js/rmmz_core.js:1676
[   31395ms] [WARNING] The provided value 'undefined' is not a valid enum value of type CanvasTextAlign. @ http://localhost:8000/js/rmmz_core.js:1676
[   31396ms] [WARNING] The provided value 'undefined' is not a valid enum value of type CanvasTextAlign. @ http://localhost:8000/js/rmmz_core.js:1676
[   31396ms] [WARNING] The provided value 'undefined' is not a valid enum value of type CanvasTextAlign. @ http://localhost:8000/js/rmmz_core.js:1676
[   31396ms] [WARNING] The provided value 'undefined' is not a valid enum value of type CanvasTextAlign. @ http://localhost:8000/js/rmmz_core.js:1676
[   31396ms] [WARNING] The provided value 'undefined' is not a valid enum value of type CanvasTextAlign. @ http://localhost:8000/js/rmmz_core.js:1676
[   31396ms] [WARNING] The provided value 'undefined' is not a valid enum value of type CanvasTextAlign. @ http://localhost:8000/js/rmmz_core.js:1676
[   31397ms] [WARNING] The provided value 'undefined' is not a valid enum value of type CanvasTextAlign. @ http://localhost:8000/js/rmmz_core.js:1676
[   31397ms] [WARNING] The provided value 'undefined' is not a valid enum value of type CanvasTextAlign. @ http://localhost:8000/js/rmmz_core.js:1676
[   31397ms] [WARNING] The provided value 'undefined' is not a valid enum value of type CanvasTextAlign. @ http://localhost:8000/js/rmmz_core.js:1676
[   31497ms] [WARNING] The provided value 'undefined' is not a valid enum value of type CanvasTextAlign. @ http://localhost:8000/js/rmmz_core.js:1676
[   31498ms] [WARNING] The provided value 'undefined' is not a valid enum value of type CanvasTextAlign. @ http://localhost:8000/js/rmmz_core.js:1676
[   31498ms] [WARNING] The provided value 'undefined' is not a valid enum value of type CanvasTextAlign. @ http://localhost:8000/js/rmmz_core.js:1676
[   31498ms] [WARNING] The provided value 'undefined' is not a valid enum value of type CanvasTextAlign. @ http://localhost:8000/js/rmmz_core.js:1676
[   31498ms] [WARNING] The provided value 'undefined' is not a valid enum value of type CanvasTextAlign. @ http://localhost:8000/js/rmmz_core.js:1676
[   31499ms] [WARNING] The provided value 'undefined' is not a valid enum value of type CanvasTextAlign. @ http://localhost:8000/js/rmmz_core.js:1676
[   31499ms] [WARNING] The provided value 'undefined' is not a valid enum value of type CanvasTextAlign. @ http://localhost:8000/js/rmmz_core.js:1676
[   31499ms] [WARNING] The provided value 'undefined' is not a valid enum value of type CanvasTextAlign. @ http://localhost:8000/js/rmmz_core.js:1676
[   31499ms] [WARNING] The provided value 'undefined' is not a valid enum value of type CanvasTextAlign. @ http://localhost:8000/js/rmmz_core.js:1676
[   31599ms] [WARNING] The provided value 'undefined' is not a valid enum value of type CanvasTextAlign. @ http://localhost:8000/js/rmmz_core.js:1676
[   31599ms] [WARNING] The provided value 'undefined' is not a valid enum value of type CanvasTextAlign. @ http://localhost:8000/js/rmmz_core.js:1676
[   31599ms] [WARNING] The provided value 'undefined' is not a valid enum value of type CanvasTextAlign. @ http://localhost:8000/js/rmmz_core.js:1676
[   31599ms] [WARNING] The provided value 'undefined' is not a valid enum value of type CanvasTextAlign. @ http://localhost:8000/js/rmmz_core.js:1676
[   31600ms] [WARNING] The provided value 'undefined' is not a valid enum value of type CanvasTextAlign. @ http://localhost:8000/js/rmmz_core.js:1676
[   31600ms] [WARNING] The provided value 'undefined' is not a valid enum value of type CanvasTextAlign. @ http://localhost:8000/js/rmmz_core.js:1676
[   31600ms] [WARNING] The provided value 'undefined' is not a valid enum value of type CanvasTextAlign. @ http://localhost:8000/js/rmmz_core.js:1676
[   31600ms] [WARNING] The provided value 'undefined' is not a valid enum value of type CanvasTextAlign. @ http://localhost:8000/js/rmmz_core.js:1676
[   31601ms] [WARNING] The provided value 'undefined' is not a valid enum value of type CanvasTextAlign. @ http://localhost:8000/js/rmmz_core.js:1676
[   31702ms] [WARNING] The provided value 'undefined' is not a valid enum value of type CanvasTextAlign. @ http://localhost:8000/js/rmmz_core.js:1676
[   31703ms] [WARNING] The provided value 'undefined' is not a valid enum value of type CanvasTextAlign. @ http://localhost:8000/js/rmmz_core.js:1676
[   31703ms] [WARNING] The provided value 'undefined' is not a valid enum value of type CanvasTextAlign. @ http://localhost:8000/js/rmmz_core.js:1676
[   31703ms] [WARNING] The provided value 'undefined' is not a valid enum value of type CanvasTextAlign. @ http://localhost:8000/js/rmmz_core.js:1676
[   31704ms] [WARNING] The provided value 'undefined' is not a valid enum value of type CanvasTextAlign. @ http://localhost:8000/js/rmmz_core.js:1676
[   31704ms] [WARNING] The provided value 'undefined' is not a valid enum value of type CanvasTextAlign. @ http://localhost:8000/js/rmmz_core.js:1676
[   31704ms] [WARNING] The provided value 'undefined' is not a valid enum value of type CanvasTextAlign. @ http://localhost:8000/js/rmmz_core.js:1676
[   31704ms] [WARNING] The provided value 'undefined' is not a valid enum value of type CanvasTextAlign. @ http://localhost:8000/js/rmmz_core.js:1676
[   31704ms] [WARNING] The provided value 'undefined' is not a valid enum value of type CanvasTextAlign. @ http://localhost:8000/js/rmmz_core.js:1676
[   31794ms] [WARNING] The provided value 'undefined' is not a valid enum value of type CanvasTextAlign. @ http://localhost:8000/js/rmmz_core.js:1676
[   31795ms] [WARNING] The provided value 'undefined' is not a valid enum value of type CanvasTextAlign. @ http://localhost:8000/js/rmmz_core.js:1676
[   31795ms] [WARNING] The provided value 'undefined' is not a valid enum value of type CanvasTextAlign. @ http://localhost:8000/js/rmmz_core.js:1676
[   31795ms] [WARNING] The provided value 'undefined' is not a valid enum value of type CanvasTextAlign. @ http://localhost:8000/js/rmmz_core.js:1676
[   31795ms] [WARNING] The provided value 'undefined' is not a valid enum value of type CanvasTextAlign. @ http://localhost:8000/js/rmmz_core.js:1676
[   31796ms] [WARNING] The provided value 'undefined' is not a valid enum value of type CanvasTextAlign. @ http://localhost:8000/js/rmmz_core.js:1676
[   31796ms] [WARNING] The provided value 'undefined' is not a valid enum value of type CanvasTextAlign. @ http://localhost:8000/js/rmmz_core.js:1676
[   31796ms] [WARNING] The provided value 'undefined' is not a valid enum value of type CanvasTextAlign. @ http://localhost:8000/js/rmmz_core.js:1676
[   31796ms] [WARNING] The provided value 'undefined' is not a valid enum value of type CanvasTextAlign. @ http://localhost:8000/js/rmmz_core.js:1676
[   31897ms] [WARNING] The provided value 'undefined' is not a valid enum value of type CanvasTextAlign. @ http://localhost:8000/js/rmmz_core.js:1676
[   31898ms] [WARNING] The provided value 'undefined' is not a valid enum value of type CanvasTextAlign. @ http://localhost:8000/js/rmmz_core.js:1676
[   31898ms] [WARNING] The provided value 'undefined' is not a valid enum value of type CanvasTextAlign. @ http://localhost:8000/js/rmmz_core.js:1676
[   31898ms] [WARNING] The provided value 'undefined' is not a valid enum value of type CanvasTextAlign. @ http://localhost:8000/js/rmmz_core.js:1676
[   31898ms] [WARNING] The provided value 'undefined' is not a valid enum value of type CanvasTextAlign. @ http://localhost:8000/js/rmmz_core.js:1676
[   31899ms] [WARNING] The provided value 'undefined' is not a valid enum value of type CanvasTextAlign. @ http://localhost:8000/js/rmmz_core.js:1676
[   31899ms] [WARNING] The provided value 'undefined' is not a valid enum value of type CanvasTextAlign. @ http://localhost:8000/js/rmmz_core.js:1676
[   31899ms] [WARNING] The provided value 'undefined' is not a valid enum value of type CanvasTextAlign. @ http://localhost:8000/js/rmmz_core.js:1676
[   31899ms] [WARNING] The provided value 'undefined' is not a valid enum value of type CanvasTextAlign. @ http://localhost:8000/js/rmmz_core.js:1676
[   31998ms] [WARNING] The provided value 'undefined' is not a valid enum value of type CanvasTextAlign. @ http://localhost:8000/js/rmmz_core.js:1676
[   31999ms] [WARNING] The provided value 'undefined' is not a valid enum value of type CanvasTextAlign. @ http://localhost:8000/js/rmmz_core.js:1676
[   31999ms] [WARNING] The provided value 'undefined' is not a valid enum value of type CanvasTextAlign. @ http://localhost:8000/js/rmmz_core.js:1676
[   31999ms] [WARNING] The provided value 'undefined' is not a valid enum value of type CanvasTextAlign. @ http://localhost:8000/js/rmmz_core.js:1676
[   32000ms] [WARNING] The provided value 'undefined' is not a valid enum value of type CanvasTextAlign. @ http://localhost:8000/js/rmmz_core.js:1676
[   32000ms] [WARNING] The provided value 'undefined' is not a valid enum value of type CanvasTextAlign. @ http://localhost:8000/js/rmmz_core.js:1676
[   32000ms] [WARNING] The provided value 'undefined' is not a valid enum value of type CanvasTextAlign. @ http://localhost:8000/js/rmmz_core.js:1676
[   32001ms] [WARNING] The provided value 'undefined' is not a valid enum value of type CanvasTextAlign. @ http://localhost:8000/js/rmmz_core.js:1676
[   32001ms] [WARNING] The provided value 'undefined' is not a valid enum value of type CanvasTextAlign. @ http://localhost:8000/js/rmmz_core.js:1676
[   32099ms] [WARNING] The provided value 'undefined' is not a valid enum value of type CanvasTextAlign. @ http://localhost:8000/js/rmmz_core.js:1676
[   32100ms] [WARNING] The provided value 'undefined' is not a valid enum value of type CanvasTextAlign. @ http://localhost:8000/js/rmmz_core.js:1676
[   32100ms] [WARNING] The provided value 'undefined' is not a valid enum value of type CanvasTextAlign. @ http://localhost:8000/js/rmmz_core.js:1676
[   32100ms] [WARNING] The provided value 'undefined' is not a valid enum value of type CanvasTextAlign. @ http://localhost:8000/js/rmmz_core.js:1676
[   32100ms] [WARNING] The provided value 'undefined' is not a valid enum value of type CanvasTextAlign. @ http://localhost:8000/js/rmmz_core.js:1676
[   32101ms] [WARNING] The provided value 'undefined' is not a valid enum value of type CanvasTextAlign. @ http://localhost:8000/js/rmmz_core.js:1676
[   32101ms] [WARNING] The provided value 'undefined' is not a valid enum value of type CanvasTextAlign. @ http://localhost:8000/js/rmmz_core.js:1676
[   32101ms] [WARNING] The provided value 'undefined' is not a valid enum value of type CanvasTextAlign. @ http://localhost:8000/js/rmmz_core.js:1676
[   32101ms] [WARNING] The provided value 'undefined' is not a valid enum value of type CanvasTextAlign. @ http://localhost:8000/js/rmmz_core.js:1676
[   32199ms] [WARNING] The provided value 'undefined' is not a valid enum value of type CanvasTextAlign. @ http://localhost:8000/js/rmmz_core.js:1676
[   32199ms] [WARNING] The provided value 'undefined' is not a valid enum value of type CanvasTextAlign. @ http://localhost:8000/js/rmmz_core.js:1676
[   32199ms] [WARNING] The provided value 'undefined' is not a valid enum value of type CanvasTextAlign. @ http://localhost:8000/js/rmmz_core.js:1676
[   32200ms] [WARNING] The provided value 'undefined' is not a valid enum value of type CanvasTextAlign. @ http://localhost:8000/js/rmmz_core.js:1676
[   32200ms] [WARNING] The provided value 'undefined' is not a valid enum value of type CanvasTextAlign. @ http://localhost:8000/js/rmmz_core.js:1676
[   32200ms] [WARNING] The provided value 'undefined' is not a valid enum value of type CanvasTextAlign. @ http://localhost:8000/js/rmmz_core.js:1676
[   32200ms] [WARNING] The provided value 'undefined' is not a valid enum value of type CanvasTextAlign. @ http://localhost:8000/js/rmmz_core.js:1676
[   32201ms] [WARNING] The provided value 'undefined' is not a valid enum value of type CanvasTextAlign. @ http://localhost:8000/js/rmmz_core.js:1676
[   32201ms] [WARNING] The provided value 'undefined' is not a valid enum value of type CanvasTextAlign. @ http://localhost:8000/js/rmmz_core.js:1676
[   32301ms] [WARNING] The provided value 'undefined' is not a valid enum value of type CanvasTextAlign. @ http://localhost:8000/js/rmmz_core.js:1676
[   32302ms] [WARNING] The provided value 'undefined' is not a valid enum value of type CanvasTextAlign. @ http://localhost:8000/js/rmmz_core.js:1676
[   32302ms] [WARNING] The provided value 'undefined' is not a valid enum value of type CanvasTextAlign. @ http://localhost:8000/js/rmmz_core.js:1676
[   32302ms] [WARNING] The provided value 'undefined' is not a valid enum value of type CanvasTextAlign. @ http://localhost:8000/js/rmmz_core.js:1676
[   32302ms] [WARNING] The provided value 'undefined' is not a valid enum value of type CanvasTextAlign. @ http://localhost:8000/js/rmmz_core.js:1676
[   32303ms] [WARNING] The provided value 'undefined' is not a valid enum value of type CanvasTextAlign. @ http://localhost:8000/js/rmmz_core.js:1676
[   32303ms] [WARNING] The provided value 'undefined' is not a valid enum value of type CanvasTextAlign. @ http://localhost:8000/js/rmmz_core.js:1676
[   32303ms] [WARNING] The provided value 'undefined' is not a valid enum value of type CanvasTextAlign. @ http://localhost:8000/js/rmmz_core.js:1676
[   32303ms] [WARNING] The provided value 'undefined' is not a valid enum value of type CanvasTextAlign. @ http://localhost:8000/js/rmmz_core.js:1676
[   32403ms] [WARNING] The provided value 'undefined' is not a valid enum value of type CanvasTextAlign. @ http://localhost:8000/js/rmmz_core.js:1676
[   32403ms] [WARNING] The provided value 'undefined' is not a valid enum value of type CanvasTextAlign. @ http://localhost:8000/js/rmmz_core.js:1676
[   32403ms] [WARNING] The provided value 'undefined' is not a valid enum value of type CanvasTextAlign. @ http://localhost:8000/js/rmmz_core.js:1676
[   32404ms] [WARNING] The provided value 'undefined' is not a valid enum value of type CanvasTextAlign. @ http://localhost:8000/js/rmmz_core.js:1676
[   32404ms] [WARNING] The provided value 'undefined' is not a valid enum value of type CanvasTextAlign. @ http://localhost:8000/js/rmmz_core.js:1676
[   32404ms] [WARNING] The provided value 'undefined' is not a valid enum value of type CanvasTextAlign. @ http://localhost:8000/js/rmmz_core.js:1676
[   32404ms] [WARNING] The provided value 'undefined' is not a valid enum value of type CanvasTextAlign. @ http://localhost:8000/js/rmmz_core.js:1676
[   32404ms] [WARNING] The provided value 'undefined' is not a valid enum value of type CanvasTextAlign. @ http://localhost:8000/js/rmmz_core.js:1676
[   32405ms] [WARNING] The provided value 'undefined' is not a valid enum value of type CanvasTextAlign. @ http://localhost:8000/js/rmmz_core.js:1676
[   32405ms] [WARNING] The provided value 'undefined' is not a valid enum value of type CanvasTextAlign. @ http://localhost:8000/js/rmmz_core.js:1676
[   32405ms] [WARNING] The provided value 'undefined' is not a valid enum value of type CanvasTextAlign. @ http://localhost:8000/js/rmmz_core.js:1676
[   32405ms] [WARNING] The provided value 'undefined' is not a valid enum value of type CanvasTextAlign. @ http://localhost:8000/js/rmmz_core.js:1676
[   32405ms] [WARNING] The provided value 'undefined' is not a valid enum value of type CanvasTextAlign. @ http://localhost:8000/js/rmmz_core.js:1676
[   32405ms] [WARNING] The provided value 'undefined' is not a valid enum value of type CanvasTextAlign. @ http://localhost:8000/js/rmmz_core.js:1676
[   32405ms] [WARNING] The provided value 'undefined' is not a valid enum value of type CanvasTextAlign. @ http://localhost:8000/js/rmmz_core.js:1676
[   32405ms] [WARNING] The provided value 'undefined' is not a valid enum value of type CanvasTextAlign. @ http://localhost:8000/js/rmmz_core.js:1676
[   32406ms] [WARNING] The provided value 'undefined' is not a valid enum value of type CanvasTextAlign. @ http://localhost:8000/js/rmmz_core.js:1676
[   32406ms] [WARNING] The provided value 'undefined' is not a valid enum value of type CanvasTextAlign. @ http://localhost:8000/js/rmmz_core.js:1676
[   32505ms] [WARNING] The provided value 'undefined' is not a valid enum value of type CanvasTextAlign. @ http://localhost:8000/js/rmmz_core.js:1676
[   32506ms] [WARNING] The provided value 'undefined' is not a valid enum value of type CanvasTextAlign. @ http://localhost:8000/js/rmmz_core.js:1676
[   32506ms] [WARNING] The provided value 'undefined' is not a valid enum value of type CanvasTextAlign. @ http://localhost:8000/js/rmmz_core.js:1676
[   32506ms] [WARNING] The provided value 'undefined' is not a valid enum value of type CanvasTextAlign. @ http://localhost:8000/js/rmmz_core.js:1676
[   32506ms] [WARNING] The provided value 'undefined' is not a valid enum value of type CanvasTextAlign. @ http://localhost:8000/js/rmmz_core.js:1676
[   32507ms] [WARNING] The provided value 'undefined' is not a valid enum value of type CanvasTextAlign. @ http://localhost:8000/js/rmmz_core.js:1676
[   32507ms] [WARNING] The provided value 'undefined' is not a valid enum value of type CanvasTextAlign. @ http://localhost:8000/js/rmmz_core.js:1676
[   32507ms] [WARNING] The provided value 'undefined' is not a valid enum value of type CanvasTextAlign. @ http://localhost:8000/js/rmmz_core.js:1676
[   32507ms] [WARNING] The provided value 'undefined' is not a valid enum value of type CanvasTextAlign. @ http://localhost:8000/js/rmmz_core.js:1676
[   32606ms] [WARNING] The provided value 'undefined' is not a valid enum value of type CanvasTextAlign. @ http://localhost:8000/js/rmmz_core.js:1676
[   32607ms] [WARNING] The provided value 'undefined' is not a valid enum value of type CanvasTextAlign. @ http://localhost:8000/js/rmmz_core.js:1676
[   32607ms] [WARNING] The provided value 'undefined' is not a valid enum value of type CanvasTextAlign. @ http://localhost:8000/js/rmmz_core.js:1676
[   32607ms] [WARNING] The provided value 'undefined' is not a valid enum value of type CanvasTextAlign. @ http://localhost:8000/js/rmmz_core.js:1676
[   32607ms] [WARNING] The provided value 'undefined' is not a valid enum value of type CanvasTextAlign. @ http://localhost:8000/js/rmmz_core.js:1676
[   32607ms] [WARNING] The provided value 'undefined' is not a valid enum value of type CanvasTextAlign. @ http://localhost:8000/js/rmmz_core.js:1676
[   32608ms] [WARNING] The provided value 'undefined' is not a valid enum value of type CanvasTextAlign. @ http://localhost:8000/js/rmmz_core.js:1676
[   32608ms] [WARNING] The provided value 'undefined' is not a valid enum value of type CanvasTextAlign. @ http://localhost:8000/js/rmmz_core.js:1676
[   32608ms] [WARNING] The provided value 'undefined' is not a valid enum value of type CanvasTextAlign. @ http://localhost:8000/js/rmmz_core.js:1676
[   32696ms] [WARNING] The provided value 'undefined' is not a valid enum value of type CanvasTextAlign. @ http://localhost:8000/js/rmmz_core.js:1676
[   32697ms] [WARNING] The provided value 'undefined' is not a valid enum value of type CanvasTextAlign. @ http://localhost:8000/js/rmmz_core.js:1676
[   32697ms] [WARNING] The provided value 'undefined' is not a valid enum value of type CanvasTextAlign. @ http://localhost:8000/js/rmmz_core.js:1676
[   32697ms] [WARNING] The provided value 'undefined' is not a valid enum value of type CanvasTextAlign. @ http://localhost:8000/js/rmmz_core.js:1676
[   32697ms] [WARNING] The provided value 'undefined' is not a valid enum value of type CanvasTextAlign. @ http://localhost:8000/js/rmmz_core.js:1676
[   32698ms] [WARNING] The provided value 'undefined' is not a valid enum value of type CanvasTextAlign. @ http://localhost:8000/js/rmmz_core.js:1676
[   32698ms] [WARNING] The provided value 'undefined' is not a valid enum value of type CanvasTextAlign. @ http://localhost:8000/js/rmmz_core.js:1676
[   32698ms] [WARNING] The provided value 'undefined' is not a valid enum value of type CanvasTextAlign. @ http://localhost:8000/js/rmmz_core.js:1676
[   32698ms] [WARNING] The provided value 'undefined' is not a valid enum value of type CanvasTextAlign. @ http://localhost:8000/js/rmmz_core.js:1676
[   32797ms] [WARNING] The provided value 'undefined' is not a valid enum value of type CanvasTextAlign. @ http://localhost:8000/js/rmmz_core.js:1676
[   32797ms] [WARNING] The provided value 'undefined' is not a valid enum value of type CanvasTextAlign. @ http://localhost:8000/js/rmmz_core.js:1676
[   32797ms] [WARNING] The provided value 'undefined' is not a valid enum value of type CanvasTextAlign. @ http://localhost:8000/js/rmmz_core.js:1676
[   32797ms] [WARNING] The provided value 'undefined' is not a valid enum value of type CanvasTextAlign. @ http://localhost:8000/js/rmmz_core.js:1676
[   32798ms] [WARNING] The provided value 'undefined' is not a valid enum value of type CanvasTextAlign. @ http://localhost:8000/js/rmmz_core.js:1676
[   32798ms] [WARNING] The provided value 'undefined' is not a valid enum value of type CanvasTextAlign. @ http://localhost:8000/js/rmmz_core.js:1676
[   32798ms] [WARNING] The provided value 'undefined' is not a valid enum value of type CanvasTextAlign. @ http://localhost:8000/js/rmmz_core.js:1676
[   32799ms] [WARNING] The provided value 'undefined' is not a valid enum value of type CanvasTextAlign. @ http://localhost:8000/js/rmmz_core.js:1676
[   32799ms] [WARNING] The provided value 'undefined' is not a valid enum value of type CanvasTextAlign. @ http://localhost:8000/js/rmmz_core.js:1676
[   32899ms] [WARNING] The provided value 'undefined' is not a valid enum value of type CanvasTextAlign. @ http://localhost:8000/js/rmmz_core.js:1676
[   32900ms] [WARNING] The provided value 'undefined' is not a valid enum value of type CanvasTextAlign. @ http://localhost:8000/js/rmmz_core.js:1676
[   32900ms] [WARNING] The provided value 'undefined' is not a valid enum value of type CanvasTextAlign. @ http://localhost:8000/js/rmmz_core.js:1676
[   32900ms] [WARNING] The provided value 'undefined' is not a valid enum value of type CanvasTextAlign. @ http://localhost:8000/js/rmmz_core.js:1676
[   32900ms] [WARNING] The provided value 'undefined' is not a valid enum value of type CanvasTextAlign. @ http://localhost:8000/js/rmmz_core.js:1676
[   32900ms] [WARNING] The provided value 'undefined' is not a valid enum value of type CanvasTextAlign. @ http://localhost:8000/js/rmmz_core.js:1676
[   32900ms] [WARNING] The provided value 'undefined' is not a valid enum value of type CanvasTextAlign. @ http://localhost:8000/js/rmmz_core.js:1676
[   32901ms] [WARNING] The provided value 'undefined' is not a valid enum value of type CanvasTextAlign. @ http://localhost:8000/js/rmmz_core.js:1676
[   32901ms] [WARNING] The provided value 'undefined' is not a valid enum value of type CanvasTextAlign. @ http://localhost:8000/js/rmmz_core.js:1676
[   33000ms] [WARNING] The provided value 'undefined' is not a valid enum value of type CanvasTextAlign. @ http://localhost:8000/js/rmmz_core.js:1676
[   33001ms] [WARNING] The provided value 'undefined' is not a valid enum value of type CanvasTextAlign. @ http://localhost:8000/js/rmmz_core.js:1676
[   33001ms] [WARNING] The provided value 'undefined' is not a valid enum value of type CanvasTextAlign. @ http://localhost:8000/js/rmmz_core.js:1676
[   33001ms] [WARNING] The provided value 'undefined' is not a valid enum value of type CanvasTextAlign. @ http://localhost:8000/js/rmmz_core.js:1676
[   33001ms] [WARNING] The provided value 'undefined' is not a valid enum value of type CanvasTextAlign. @ http://localhost:8000/js/rmmz_core.js:1676
[   33002ms] [WARNING] The provided value 'undefined' is not a valid enum value of type CanvasTextAlign. @ http://localhost:8000/js/rmmz_core.js:1676
[   33002ms] [WARNING] The provided value 'undefined' is not a valid enum value of type CanvasTextAlign. @ http://localhost:8000/js/rmmz_core.js:1676
[   33002ms] [WARNING] The provided value 'undefined' is not a valid enum value of type CanvasTextAlign. @ http://localhost:8000/js/rmmz_core.js:1676
[   33002ms] [WARNING] The provided value 'undefined' is not a valid enum value of type CanvasTextAlign. @ http://localhost:8000/js/rmmz_core.js:1676
[   33089ms] [WARNING] The provided value 'undefined' is not a valid enum value of type CanvasTextAlign. @ http://localhost:8000/js/rmmz_core.js:1676
[   33089ms] [WARNING] The provided value 'undefined' is not a valid enum value of type CanvasTextAlign. @ http://localhost:8000/js/rmmz_core.js:1676
[   33089ms] [WARNING] The provided value 'undefined' is not a valid enum value of type CanvasTextAlign. @ http://localhost:8000/js/rmmz_core.js:1676
[   33089ms] [WARNING] The provided value 'undefined' is not a valid enum value of type CanvasTextAlign. @ http://localhost:8000/js/rmmz_core.js:1676
[   33090ms] [WARNING] The provided value 'undefined' is not a valid enum value of type CanvasTextAlign. @ http://localhost:8000/js/rmmz_core.js:1676
[   33090ms] [WARNING] The provided value 'undefined' is not a valid enum value of type CanvasTextAlign. @ http://localhost:8000/js/rmmz_core.js:1676
[   33090ms] [WARNING] The provided value 'undefined' is not a valid enum value of type CanvasTextAlign. @ http://localhost:8000/js/rmmz_core.js:1676
[   33091ms] [WARNING] The provided value 'undefined' is not a valid enum value of type CanvasTextAlign. @ http://localhost:8000/js/rmmz_core.js:1676
[   33091ms] [WARNING] The provided value 'undefined' is not a valid enum value of type CanvasTextAlign. @ http://localhost:8000/js/rmmz_core.js:1676
[   33189ms] [WARNING] The provided value 'undefined' is not a valid enum value of type CanvasTextAlign. @ http://localhost:8000/js/rmmz_core.js:1676
[   33189ms] [WARNING] The provided value 'undefined' is not a valid enum value of type CanvasTextAlign. @ http://localhost:8000/js/rmmz_core.js:1676
[   33189ms] [WARNING] The provided value 'undefined' is not a valid enum value of type CanvasTextAlign. @ http://localhost:8000/js/rmmz_core.js:1676
[   33190ms] [WARNING] The provided value 'undefined' is not a valid enum value of type CanvasTextAlign. @ http://localhost:8000/js/rmmz_core.js:1676
[   33190ms] [WARNING] The provided value 'undefined' is not a valid enum value of type CanvasTextAlign. @ http://localhost:8000/js/rmmz_core.js:1676
[   33190ms] [WARNING] The provided value 'undefined' is not a valid enum value of type CanvasTextAlign. @ http://localhost:8000/js/rmmz_core.js:1676
[   33190ms] [WARNING] The provided value 'undefined' is not a valid enum value of type CanvasTextAlign. @ http://localhost:8000/js/rmmz_core.js:1676
[   33191ms] [WARNING] The provided value 'undefined' is not a valid enum value of type CanvasTextAlign. @ http://localhost:8000/js/rmmz_core.js:1676
[   33191ms] [WARNING] The provided value 'undefined' is not a valid enum value of type CanvasTextAlign. @ http://localhost:8000/js/rmmz_core.js:1676
[   33293ms] [WARNING] The provided value 'undefined' is not a valid enum value of type CanvasTextAlign. @ http://localhost:8000/js/rmmz_core.js:1676
[   33293ms] [WARNING] The provided value 'undefined' is not a valid enum value of type CanvasTextAlign. @ http://localhost:8000/js/rmmz_core.js:1676
[   33293ms] [WARNING] The provided value 'undefined' is not a valid enum value of type CanvasTextAlign. @ http://localhost:8000/js/rmmz_core.js:1676
[   33293ms] [WARNING] The provided value 'undefined' is not a valid enum value of type CanvasTextAlign. @ http://localhost:8000/js/rmmz_core.js:1676
[   33294ms] [WARNING] The provided value 'undefined' is not a valid enum value of type CanvasTextAlign. @ http://localhost:8000/js/rmmz_core.js:1676
[   33294ms] [WARNING] The provided value 'undefined' is not a valid enum value of type CanvasTextAlign. @ http://localhost:8000/js/rmmz_core.js:1676
[   33294ms] [WARNING] The provided value 'undefined' is not a valid enum value of type CanvasTextAlign. @ http://localhost:8000/js/rmmz_core.js:1676
[   33294ms] [WARNING] The provided value 'undefined' is not a valid enum value of type CanvasTextAlign. @ http://localhost:8000/js/rmmz_core.js:1676
[   33295ms] [WARNING] The provided value 'undefined' is not a valid enum value of type CanvasTextAlign. @ http://localhost:8000/js/rmmz_core.js:1676
[   33362ms] [LOG] RACE_EVENT: {
  "type": "SAFE_CLICK",
  "frame": 1054,
  "vars": {
    "RACE_ID": 1,
    "SCENE_INDEX": 5,
    "SCENE_TYPE": 1,
    "P_CENA": 50,
    "CONSCIENCIA": 80,
    "PONTOS_GLORIA": 180,
    "TAXA_SUCESSO": 0,
    "ROLL_RESULT": 0,
    "TIMER_FRAMES": 0,
    "SCENE_START": 833,
    "SEED": 0,
    "RACE_N_CENAS": 6,
    "ATTEMPT_N": 7,
    "LAST_RENDERED_INDEX": 4,
    "HOVER_LEVEL": 0,
    "TIMER_TIMEOUT_FLAG": 1,
    "VITORIA_PASSOU": 0,
    "GLORIA_META": 200,
    "TIMER_SECONDS": 1,
    "SCENE_DISPLAY": 5
  },
  "switches": {
    "RACE_ACTIVE": true,
    "INPUT_LOCKED": true,
    "CRASH_FLAG": false,
    "LAST_ACTION_SAFE": true,
    "PAUSED": false,
    "IS_CURVA_DIABO": false
  },
  "timestamp": "2026-07-07T07:49:51.363Z"
} @ http://localhost:8000/js/plugins/Jhonny_RaceHelper.js:234
[   33403ms] [WARNING] The provided value 'undefined' is not a valid enum value of type CanvasTextAlign. @ http://localhost:8000/js/rmmz_core.js:1676
[   33403ms] [WARNING] The provided value 'undefined' is not a valid enum value of type CanvasTextAlign. @ http://localhost:8000/js/rmmz_core.js:1676
[   33403ms] [WARNING] The provided value 'undefined' is not a valid enum value of type CanvasTextAlign. @ http://localhost:8000/js/rmmz_core.js:1676
[   33403ms] [WARNING] The provided value 'undefined' is not a valid enum value of type CanvasTextAlign. @ http://localhost:8000/js/rmmz_core.js:1676
[   33403ms] [WARNING] The provided value 'undefined' is not a valid enum value of type CanvasTextAlign. @ http://localhost:8000/js/rmmz_core.js:1676
[   33403ms] [WARNING] The provided value 'undefined' is not a valid enum value of type CanvasTextAlign. @ http://localhost:8000/js/rmmz_core.js:1676
[   33404ms] [WARNING] The provided value 'undefined' is not a valid enum value of type CanvasTextAlign. @ http://localhost:8000/js/rmmz_core.js:1676
[   33404ms] [WARNING] The provided value 'undefined' is not a valid enum value of type CanvasTextAlign. @ http://localhost:8000/js/rmmz_core.js:1676
[   33404ms] [WARNING] The provided value 'undefined' is not a valid enum value of type CanvasTextAlign. @ http://localhost:8000/js/rmmz_core.js:1676
[   33404ms] [WARNING] The provided value 'undefined' is not a valid enum value of type CanvasTextAlign. @ http://localhost:8000/js/rmmz_core.js:1676
[   33404ms] [WARNING] The provided value 'undefined' is not a valid enum value of type CanvasTextAlign. @ http://localhost:8000/js/rmmz_core.js:1676
[   33404ms] [WARNING] The provided value 'undefined' is not a valid enum value of type CanvasTextAlign. @ http://localhost:8000/js/rmmz_core.js:1676
[   33404ms] [WARNING] The provided value 'undefined' is not a valid enum value of type CanvasTextAlign. @ http://localhost:8000/js/rmmz_core.js:1676
[   33404ms] [WARNING] The provided value 'undefined' is not a valid enum value of type CanvasTextAlign. @ http://localhost:8000/js/rmmz_core.js:1676
[   33405ms] [WARNING] The provided value 'undefined' is not a valid enum value of type CanvasTextAlign. @ http://localhost:8000/js/rmmz_core.js:1676
[   33405ms] [WARNING] The provided value 'undefined' is not a valid enum value of type CanvasTextAlign. @ http://localhost:8000/js/rmmz_core.js:1676
[   33405ms] [WARNING] The provided value 'undefined' is not a valid enum value of type CanvasTextAlign. @ http://localhost:8000/js/rmmz_core.js:1676
[   33405ms] [WARNING] The provided value 'undefined' is not a valid enum value of type CanvasTextAlign. @ http://localhost:8000/js/rmmz_core.js:1676
[   33405ms] [WARNING] The provided value 'undefined' is not a valid enum value of type CanvasTextAlign. @ http://localhost:8000/js/rmmz_core.js:1676
[   33405ms] [WARNING] The provided value 'undefined' is not a valid enum value of type CanvasTextAlign. @ http://localhost:8000/js/rmmz_core.js:1676
[   33405ms] [WARNING] The provided value 'undefined' is not a valid enum value of type CanvasTextAlign. @ http://localhost:8000/js/rmmz_core.js:1676
[   33405ms] [WARNING] The provided value 'undefined' is not a valid enum value of type CanvasTextAlign. @ http://localhost:8000/js/rmmz_core.js:1676
[   33405ms] [WARNING] The provided value 'undefined' is not a valid enum value of type CanvasTextAlign. @ http://localhost:8000/js/rmmz_core.js:1676
[   33406ms] [WARNING] The provided value 'undefined' is not a valid enum value of type CanvasTextAlign. @ http://localhost:8000/js/rmmz_core.js:1676
[   33406ms] [WARNING] The provided value 'undefined' is not a valid enum value of type CanvasTextAlign. @ http://localhost:8000/js/rmmz_core.js:1676
[   33406ms] [WARNING] The provided value 'undefined' is not a valid enum value of type CanvasTextAlign. @ http://localhost:8000/js/rmmz_core.js:1676
[   33406ms] [WARNING] The provided value 'undefined' is not a valid enum value of type CanvasTextAlign. @ http://localhost:8000/js/rmmz_core.js:1676
[   33406ms] [WARNING] The provided value 'undefined' is not a valid enum value of type CanvasTextAlign. @ http://localhost:8000/js/rmmz_core.js:1676
[   33406ms] [WARNING] The provided value 'undefined' is not a valid enum value of type CanvasTextAlign. @ http://localhost:8000/js/rmmz_core.js:1676
[   33406ms] [WARNING] The provided value 'undefined' is not a valid enum value of type CanvasTextAlign. @ http://localhost:8000/js/rmmz_core.js:1676
[   33406ms] [WARNING] The provided value 'undefined' is not a valid enum value of type CanvasTextAlign. @ http://localhost:8000/js/rmmz_core.js:1676
[   33407ms] [WARNING] The provided value 'undefined' is not a valid enum value of type CanvasTextAlign. @ http://localhost:8000/js/rmmz_core.js:1676
[   33407ms] [WARNING] The provided value 'undefined' is not a valid enum value of type CanvasTextAlign. @ http://localhost:8000/js/rmmz_core.js:1676
[   33407ms] [WARNING] The provided value 'undefined' is not a valid enum value of type CanvasTextAlign. @ http://localhost:8000/js/rmmz_core.js:1676
[   33407ms] [WARNING] The provided value 'undefined' is not a valid enum value of type CanvasTextAlign. @ http://localhost:8000/js/rmmz_core.js:1676
[   33407ms] [WARNING] The provided value 'undefined' is not a valid enum value of type CanvasTextAlign. @ http://localhost:8000/js/rmmz_core.js:1676
[   33407ms] [WARNING] The provided value 'undefined' is not a valid enum value of type CanvasTextAlign. @ http://localhost:8000/js/rmmz_core.js:1676
[   33408ms] [WARNING] The provided value 'undefined' is not a valid enum value of type CanvasTextAlign. @ http://localhost:8000/js/rmmz_core.js:1676
[   33408ms] [WARNING] The provided value 'undefined' is not a valid enum value of type CanvasTextAlign. @ http://localhost:8000/js/rmmz_core.js:1676
[   33408ms] [WARNING] The provided value 'undefined' is not a valid enum value of type CanvasTextAlign. @ http://localhost:8000/js/rmmz_core.js:1676
[   33408ms] [WARNING] The provided value 'undefined' is not a valid enum value of type CanvasTextAlign. @ http://localhost:8000/js/rmmz_core.js:1676
[   33408ms] [WARNING] The provided value 'undefined' is not a valid enum value of type CanvasTextAlign. @ http://localhost:8000/js/rmmz_core.js:1676
[   33408ms] [WARNING] The provided value 'undefined' is not a valid enum value of type CanvasTextAlign. @ http://localhost:8000/js/rmmz_core.js:1676
[   33409ms] [WARNING] The provided value 'undefined' is not a valid enum value of type CanvasTextAlign. @ http://localhost:8000/js/rmmz_core.js:1676
[   33409ms] [WARNING] The provided value 'undefined' is not a valid enum value of type CanvasTextAlign. @ http://localhost:8000/js/rmmz_core.js:1676
[   33409ms] [WARNING] The provided value 'undefined' is not a valid enum value of type CanvasTextAlign. @ http://localhost:8000/js/rmmz_core.js:1676
[   33409ms] [WARNING] The provided value 'undefined' is not a valid enum value of type CanvasTextAlign. @ http://localhost:8000/js/rmmz_core.js:1676
[   33409ms] [WARNING] The provided value 'undefined' is not a valid enum value of type CanvasTextAlign. @ http://localhost:8000/js/rmmz_core.js:1676
[   33409ms] [WARNING] The provided value 'undefined' is not a valid enum value of type CanvasTextAlign. @ http://localhost:8000/js/rmmz_core.js:1676
[   33409ms] [WARNING] The provided value 'undefined' is not a valid enum value of type CanvasTextAlign. @ http://localhost:8000/js/rmmz_core.js:1676
[   33410ms] [WARNING] The provided value 'undefined' is not a valid enum value of type CanvasTextAlign. @ http://localhost:8000/js/rmmz_core.js:1676
[   33410ms] [WARNING] The provided value 'undefined' is not a valid enum value of type CanvasTextAlign. @ http://localhost:8000/js/rmmz_core.js:1676
[   33410ms] [WARNING] The provided value 'undefined' is not a valid enum value of type CanvasTextAlign. @ http://localhost:8000/js/rmmz_core.js:1676
[   33410ms] [WARNING] The provided value 'undefined' is not a valid enum value of type CanvasTextAlign. @ http://localhost:8000/js/rmmz_core.js:1676
[   33410ms] [WARNING] The provided value 'undefined' is not a valid enum value of type CanvasTextAlign. @ http://localhost:8000/js/rmmz_core.js:1676
[   33410ms] [WARNING] The provided value 'undefined' is not a valid enum value of type CanvasTextAlign. @ http://localhost:8000/js/rmmz_core.js:1676
[   33410ms] [WARNING] The provided value 'undefined' is not a valid enum value of type CanvasTextAlign. @ http://localhost:8000/js/rmmz_core.js:1676
[   33410ms] [WARNING] The provided value 'undefined' is not a valid enum value of type CanvasTextAlign. @ http://localhost:8000/js/rmmz_core.js:1676
[   33410ms] [WARNING] The provided value 'undefined' is not a valid enum value of type CanvasTextAlign. @ http://localhost:8000/js/rmmz_core.js:1676
[   33411ms] [WARNING] The provided value 'undefined' is not a valid enum value of type CanvasTextAlign. @ http://localhost:8000/js/rmmz_core.js:1676
[   33411ms] [WARNING] The provided value 'undefined' is not a valid enum value of type CanvasTextAlign. @ http://localhost:8000/js/rmmz_core.js:1676
[   33411ms] [WARNING] The provided value 'undefined' is not a valid enum value of type CanvasTextAlign. @ http://localhost:8000/js/rmmz_core.js:1676
[   33411ms] [WARNING] The provided value 'undefined' is not a valid enum value of type CanvasTextAlign. @ http://localhost:8000/js/rmmz_core.js:1676
[   33411ms] [WARNING] The provided value 'undefined' is not a valid enum value of type CanvasTextAlign. @ http://localhost:8000/js/rmmz_core.js:1676
[   33411ms] [WARNING] The provided value 'undefined' is not a valid enum value of type CanvasTextAlign. @ http://localhost:8000/js/rmmz_core.js:1676
[   33411ms] [WARNING] The provided value 'undefined' is not a valid enum value of type CanvasTextAlign. @ http://localhost:8000/js/rmmz_core.js:1676
[   33411ms] [WARNING] The provided value 'undefined' is not a valid enum value of type CanvasTextAlign. @ http://localhost:8000/js/rmmz_core.js:1676
[   33412ms] [WARNING] The provided value 'undefined' is not a valid enum value of type CanvasTextAlign. @ http://localhost:8000/js/rmmz_core.js:1676
[   33412ms] [WARNING] The provided value 'undefined' is not a valid enum value of type CanvasTextAlign. @ http://localhost:8000/js/rmmz_core.js:1676
[   33412ms] [WARNING] The provided value 'undefined' is not a valid enum value of type CanvasTextAlign. @ http://localhost:8000/js/rmmz_core.js:1676
[   33412ms] [WARNING] The provided value 'undefined' is not a valid enum value of type CanvasTextAlign. @ http://localhost:8000/js/rmmz_core.js:1676
[   33412ms] [WARNING] The provided value 'undefined' is not a valid enum value of type CanvasTextAlign. @ http://localhost:8000/js/rmmz_core.js:1676
[   33412ms] [WARNING] The provided value 'undefined' is not a valid enum value of type CanvasTextAlign. @ http://localhost:8000/js/rmmz_core.js:1676
[   33412ms] [WARNING] The provided value 'undefined' is not a valid enum value of type CanvasTextAlign. @ http://localhost:8000/js/rmmz_core.js:1676
[   33412ms] [WARNING] The provided value 'undefined' is not a valid enum value of type CanvasTextAlign. @ http://localhost:8000/js/rmmz_core.js:1676
[   33413ms] [WARNING] The provided value 'undefined' is not a valid enum value of type CanvasTextAlign. @ http://localhost:8000/js/rmmz_core.js:1676
[   33413ms] [WARNING] The provided value 'undefined' is not a valid enum value of type CanvasTextAlign. @ http://localhost:8000/js/rmmz_core.js:1676
[   33413ms] [WARNING] The provided value 'undefined' is not a valid enum value of type CanvasTextAlign. @ http://localhost:8000/js/rmmz_core.js:1676
[   33413ms] [WARNING] The provided value 'undefined' is not a valid enum value of type CanvasTextAlign. @ http://localhost:8000/js/rmmz_core.js:1676
[   33413ms] [WARNING] The provided value 'undefined' is not a valid enum value of type CanvasTextAlign. @ http://localhost:8000/js/rmmz_core.js:1676
[   33413ms] [WARNING] The provided value 'undefined' is not a valid enum value of type CanvasTextAlign. @ http://localhost:8000/js/rmmz_core.js:1676
[   33413ms] [WARNING] The provided value 'undefined' is not a valid enum value of type CanvasTextAlign. @ http://localhost:8000/js/rmmz_core.js:1676
[   33414ms] [WARNING] The provided value 'undefined' is not a valid enum value of type CanvasTextAlign. @ http://localhost:8000/js/rmmz_core.js:1676
[   33414ms] [WARNING] The provided value 'undefined' is not a valid enum value of type CanvasTextAlign. @ http://localhost:8000/js/rmmz_core.js:1676
[   33414ms] [WARNING] The provided value 'undefined' is not a valid enum value of type CanvasTextAlign. @ http://localhost:8000/js/rmmz_core.js:1676
[   33414ms] [WARNING] The provided value 'undefined' is not a valid enum value of type CanvasTextAlign. @ http://localhost:8000/js/rmmz_core.js:1676
[   33414ms] [WARNING] The provided value 'undefined' is not a valid enum value of type CanvasTextAlign. @ http://localhost:8000/js/rmmz_core.js:1676
[   33414ms] [WARNING] The provided value 'undefined' is not a valid enum value of type CanvasTextAlign. @ http://localhost:8000/js/rmmz_core.js:1676
[   33414ms] [WARNING] The provided value 'undefined' is not a valid enum value of type CanvasTextAlign. @ http://localhost:8000/js/rmmz_core.js:1676
[   33414ms] [WARNING] The provided value 'undefined' is not a valid enum value of type CanvasTextAlign. @ http://localhost:8000/js/rmmz_core.js:1676
[   33415ms] [WARNING] The provided value 'undefined' is not a valid enum value of type CanvasTextAlign. @ http://localhost:8000/js/rmmz_core.js:1676
[   33524ms] [WARNING] The provided value 'undefined' is not a valid enum value of type CanvasTextAlign. @ http://localhost:8000/js/rmmz_core.js:1676
[   33524ms] [WARNING] The provided value 'undefined' is not a valid enum value of type CanvasTextAlign. @ http://localhost:8000/js/rmmz_core.js:1676
[   33524ms] [WARNING] The provided value 'undefined' is not a valid enum value of type CanvasTextAlign. @ http://localhost:8000/js/rmmz_core.js:1676
[   33524ms] [WARNING] The provided value 'undefined' is not a valid enum value of type CanvasTextAlign. @ http://localhost:8000/js/rmmz_core.js:1676
[   33525ms] [WARNING] The provided value 'undefined' is not a valid enum value of type CanvasTextAlign. @ http://localhost:8000/js/rmmz_core.js:1676
[   33525ms] [WARNING] The provided value 'undefined' is not a valid enum value of type CanvasTextAlign. @ http://localhost:8000/js/rmmz_core.js:1676
[   33525ms] [WARNING] The provided value 'undefined' is not a valid enum value of type CanvasTextAlign. @ http://localhost:8000/js/rmmz_core.js:1676
[   33525ms] [WARNING] The provided value 'undefined' is not a valid enum value of type CanvasTextAlign. @ http://localhost:8000/js/rmmz_core.js:1676
[   33526ms] [WARNING] The provided value 'undefined' is not a valid enum value of type CanvasTextAlign. @ http://localhost:8000/js/rmmz_core.js:1676
[   33632ms] [WARNING] The provided value 'undefined' is not a valid enum value of type CanvasTextAlign. @ http://localhost:8000/js/rmmz_core.js:1676
[   33633ms] [WARNING] The provided value 'undefined' is not a valid enum value of type CanvasTextAlign. @ http://localhost:8000/js/rmmz_core.js:1676
[   33633ms] [WARNING] The provided value 'undefined' is not a valid enum value of type CanvasTextAlign. @ http://localhost:8000/js/rmmz_core.js:1676
[   33633ms] [WARNING] The provided value 'undefined' is not a valid enum value of type CanvasTextAlign. @ http://localhost:8000/js/rmmz_core.js:1676
[   33634ms] [WARNING] The provided value 'undefined' is not a valid enum value of type CanvasTextAlign. @ http://localhost:8000/js/rmmz_core.js:1676
[   33634ms] [WARNING] The provided value 'undefined' is not a valid enum value of type CanvasTextAlign. @ http://localhost:8000/js/rmmz_core.js:1676
[   33634ms] [WARNING] The provided value 'undefined' is not a valid enum value of type CanvasTextAlign. @ http://localhost:8000/js/rmmz_core.js:1676
[   33634ms] [WARNING] The provided value 'undefined' is not a valid enum value of type CanvasTextAlign. @ http://localhost:8000/js/rmmz_core.js:1676
[   33634ms] [WARNING] The provided value 'undefined' is not a valid enum value of type CanvasTextAlign. @ http://localhost:8000/js/rmmz_core.js:1676
[   33732ms] [WARNING] The provided value 'undefined' is not a valid enum value of type CanvasTextAlign. @ http://localhost:8000/js/rmmz_core.js:1676
[   33733ms] [WARNING] The provided value 'undefined' is not a valid enum value of type CanvasTextAlign. @ http://localhost:8000/js/rmmz_core.js:1676
[   33733ms] [WARNING] The provided value 'undefined' is not a valid enum value of type CanvasTextAlign. @ http://localhost:8000/js/rmmz_core.js:1676
[   33733ms] [WARNING] The provided value 'undefined' is not a valid enum value of type CanvasTextAlign. @ http://localhost:8000/js/rmmz_core.js:1676
[   33734ms] [WARNING] The provided value 'undefined' is not a valid enum value of type CanvasTextAlign. @ http://localhost:8000/js/rmmz_core.js:1676
[   33734ms] [WARNING] The provided value 'undefined' is not a valid enum value of type CanvasTextAlign. @ http://localhost:8000/js/rmmz_core.js:1676
[   33734ms] [WARNING] The provided value 'undefined' is not a valid enum value of type CanvasTextAlign. @ http://localhost:8000/js/rmmz_core.js:1676
[   33734ms] [WARNING] The provided value 'undefined' is not a valid enum value of type CanvasTextAlign. @ http://localhost:8000/js/rmmz_core.js:1676
[   33734ms] [WARNING] The provided value 'undefined' is not a valid enum value of type CanvasTextAlign. @ http://localhost:8000/js/rmmz_core.js:1676
[   33835ms] [WARNING] The provided value 'undefined' is not a valid enum value of type CanvasTextAlign. @ http://localhost:8000/js/rmmz_core.js:1676
[   33835ms] [WARNING] The provided value 'undefined' is not a valid enum value of type CanvasTextAlign. @ http://localhost:8000/js/rmmz_core.js:1676
[   33835ms] [WARNING] The provided value 'undefined' is not a valid enum value of type CanvasTextAlign. @ http://localhost:8000/js/rmmz_core.js:1676
[   33835ms] [WARNING] The provided value 'undefined' is not a valid enum value of type CanvasTextAlign. @ http://localhost:8000/js/rmmz_core.js:1676
[   33836ms] [WARNING] The provided value 'undefined' is not a valid enum value of type CanvasTextAlign. @ http://localhost:8000/js/rmmz_core.js:1676
[   33836ms] [WARNING] The provided value 'undefined' is not a valid enum value of type CanvasTextAlign. @ http://localhost:8000/js/rmmz_core.js:1676
[   33836ms] [WARNING] The provided value 'undefined' is not a valid enum value of type CanvasTextAlign. @ http://localhost:8000/js/rmmz_core.js:1676
[   33836ms] [WARNING] The provided value 'undefined' is not a valid enum value of type CanvasTextAlign. @ http://localhost:8000/js/rmmz_core.js:1676
[   33836ms] [WARNING] The provided value 'undefined' is not a valid enum value of type CanvasTextAlign. @ http://localhost:8000/js/rmmz_core.js:1676
[   33924ms] [WARNING] The provided value 'undefined' is not a valid enum value of type CanvasTextAlign. @ http://localhost:8000/js/rmmz_core.js:1676
[   33925ms] [WARNING] The provided value 'undefined' is not a valid enum value of type CanvasTextAlign. @ http://localhost:8000/js/rmmz_core.js:1676
[   33925ms] [WARNING] The provided value 'undefined' is not a valid enum value of type CanvasTextAlign. @ http://localhost:8000/js/rmmz_core.js:1676
[   33925ms] [WARNING] The provided value 'undefined' is not a valid enum value of type CanvasTextAlign. @ http://localhost:8000/js/rmmz_core.js:1676
[   33926ms] [WARNING] The provided value 'undefined' is not a valid enum value of type CanvasTextAlign. @ http://localhost:8000/js/rmmz_core.js:1676
[   33926ms] [WARNING] The provided value 'undefined' is not a valid enum value of type CanvasTextAlign. @ http://localhost:8000/js/rmmz_core.js:1676
[   33926ms] [WARNING] The provided value 'undefined' is not a valid enum value of type CanvasTextAlign. @ http://localhost:8000/js/rmmz_core.js:1676
[   33926ms] [WARNING] The provided value 'undefined' is not a valid enum value of type CanvasTextAlign. @ http://localhost:8000/js/rmmz_core.js:1676
[   33926ms] [WARNING] The provided value 'undefined' is not a valid enum value of type CanvasTextAlign. @ http://localhost:8000/js/rmmz_core.js:1676
[   34028ms] [WARNING] The provided value 'undefined' is not a valid enum value of type CanvasTextAlign. @ http://localhost:8000/js/rmmz_core.js:1676
[   34028ms] [WARNING] The provided value 'undefined' is not a valid enum value of type CanvasTextAlign. @ http://localhost:8000/js/rmmz_core.js:1676
[   34028ms] [WARNING] The provided value 'undefined' is not a valid enum value of type CanvasTextAlign. @ http://localhost:8000/js/rmmz_core.js:1676
[   34028ms] [WARNING] The provided value 'undefined' is not a valid enum value of type CanvasTextAlign. @ http://localhost:8000/js/rmmz_core.js:1676
[   34029ms] [WARNING] The provided value 'undefined' is not a valid enum value of type CanvasTextAlign. @ http://localhost:8000/js/rmmz_core.js:1676
[   34029ms] [WARNING] The provided value 'undefined' is not a valid enum value of type CanvasTextAlign. @ http://localhost:8000/js/rmmz_core.js:1676
[   34029ms] [WARNING] The provided value 'undefined' is not a valid enum value of type CanvasTextAlign. @ http://localhost:8000/js/rmmz_core.js:1676
[   34029ms] [WARNING] The provided value 'undefined' is not a valid enum value of type CanvasTextAlign. @ http://localhost:8000/js/rmmz_core.js:1676
[   34029ms] [WARNING] The provided value 'undefined' is not a valid enum value of type CanvasTextAlign. @ http://localhost:8000/js/rmmz_core.js:1676
[   34130ms] [WARNING] The provided value 'undefined' is not a valid enum value of type CanvasTextAlign. @ http://localhost:8000/js/rmmz_core.js:1676
[   34130ms] [WARNING] The provided value 'undefined' is not a valid enum value of type CanvasTextAlign. @ http://localhost:8000/js/rmmz_core.js:1676
[   34130ms] [WARNING] The provided value 'undefined' is not a valid enum value of type CanvasTextAlign. @ http://localhost:8000/js/rmmz_core.js:1676
[   34130ms] [WARNING] The provided value 'undefined' is not a valid enum value of type CanvasTextAlign. @ http://localhost:8000/js/rmmz_core.js:1676
[   34131ms] [WARNING] The provided value 'undefined' is not a valid enum value of type CanvasTextAlign. @ http://localhost:8000/js/rmmz_core.js:1676
[   34131ms] [WARNING] The provided value 'undefined' is not a valid enum value of type CanvasTextAlign. @ http://localhost:8000/js/rmmz_core.js:1676
[   34131ms] [WARNING] The provided value 'undefined' is not a valid enum value of type CanvasTextAlign. @ http://localhost:8000/js/rmmz_core.js:1676
[   34131ms] [WARNING] The provided value 'undefined' is not a valid enum value of type CanvasTextAlign. @ http://localhost:8000/js/rmmz_core.js:1676
[   34131ms] [WARNING] The provided value 'undefined' is not a valid enum value of type CanvasTextAlign. @ http://localhost:8000/js/rmmz_core.js:1676
[   34231ms] [WARNING] The provided value 'undefined' is not a valid enum value of type CanvasTextAlign. @ http://localhost:8000/js/rmmz_core.js:1676
[   34232ms] [WARNING] The provided value 'undefined' is not a valid enum value of type CanvasTextAlign. @ http://localhost:8000/js/rmmz_core.js:1676
[   34232ms] [WARNING] The provided value 'undefined' is not a valid enum value of type CanvasTextAlign. @ http://localhost:8000/js/rmmz_core.js:1676
[   34232ms] [WARNING] The provided value 'undefined' is not a valid enum value of type CanvasTextAlign. @ http://localhost:8000/js/rmmz_core.js:1676
[   34232ms] [WARNING] The provided value 'undefined' is not a valid enum value of type CanvasTextAlign. @ http://localhost:8000/js/rmmz_core.js:1676
[   34233ms] [WARNING] The provided value 'undefined' is not a valid enum value of type CanvasTextAlign. @ http://localhost:8000/js/rmmz_core.js:1676
[   34233ms] [WARNING] The provided value 'undefined' is not a valid enum value of type CanvasTextAlign. @ http://localhost:8000/js/rmmz_core.js:1676
[   34233ms] [WARNING] The provided value 'undefined' is not a valid enum value of type CanvasTextAlign. @ http://localhost:8000/js/rmmz_core.js:1676
[   34233ms] [WARNING] The provided value 'undefined' is not a valid enum value of type CanvasTextAlign. @ http://localhost:8000/js/rmmz_core.js:1676
[   34332ms] [WARNING] The provided value 'undefined' is not a valid enum value of type CanvasTextAlign. @ http://localhost:8000/js/rmmz_core.js:1676
[   34332ms] [WARNING] The provided value 'undefined' is not a valid enum value of type CanvasTextAlign. @ http://localhost:8000/js/rmmz_core.js:1676
[   34332ms] [WARNING] The provided value 'undefined' is not a valid enum value of type CanvasTextAlign. @ http://localhost:8000/js/rmmz_core.js:1676
[   34332ms] [WARNING] The provided value 'undefined' is not a valid enum value of type CanvasTextAlign. @ http://localhost:8000/js/rmmz_core.js:1676
[   34333ms] [WARNING] The provided value 'undefined' is not a valid enum value of type CanvasTextAlign. @ http://localhost:8000/js/rmmz_core.js:1676
[   34333ms] [WARNING] The provided value 'undefined' is not a valid enum value of type CanvasTextAlign. @ http://localhost:8000/js/rmmz_core.js:1676
[   34333ms] [WARNING] The provided value 'undefined' is not a valid enum value of type CanvasTextAlign. @ http://localhost:8000/js/rmmz_core.js:1676
[   34333ms] [WARNING] The provided value 'undefined' is not a valid enum value of type CanvasTextAlign. @ http://localhost:8000/js/rmmz_core.js:1676
[   34334ms] [WARNING] The provided value 'undefined' is not a valid enum value of type CanvasTextAlign. @ http://localhost:8000/js/rmmz_core.js:1676
[   34431ms] [WARNING] The provided value 'undefined' is not a valid enum value of type CanvasTextAlign. @ http://localhost:8000/js/rmmz_core.js:1676
[   34432ms] [WARNING] The provided value 'undefined' is not a valid enum value of type CanvasTextAlign. @ http://localhost:8000/js/rmmz_core.js:1676
[   34432ms] [WARNING] The provided value 'undefined' is not a valid enum value of type CanvasTextAlign. @ http://localhost:8000/js/rmmz_core.js:1676
[   34432ms] [WARNING] The provided value 'undefined' is not a valid enum value of type CanvasTextAlign. @ http://localhost:8000/js/rmmz_core.js:1676
[   34432ms] [WARNING] The provided value 'undefined' is not a valid enum value of type CanvasTextAlign. @ http://localhost:8000/js/rmmz_core.js:1676
[   34433ms] [WARNING] The provided value 'undefined' is not a valid enum value of type CanvasTextAlign. @ http://localhost:8000/js/rmmz_core.js:1676
[   34433ms] [WARNING] The provided value 'undefined' is not a valid enum value of type CanvasTextAlign. @ http://localhost:8000/js/rmmz_core.js:1676
[   34433ms] [WARNING] The provided value 'undefined' is not a valid enum value of type CanvasTextAlign. @ http://localhost:8000/js/rmmz_core.js:1676
[   34433ms] [WARNING] The provided value 'undefined' is not a valid enum value of type CanvasTextAlign. @ http://localhost:8000/js/rmmz_core.js:1676
[   34532ms] [WARNING] The provided value 'undefined' is not a valid enum value of type CanvasTextAlign. @ http://localhost:8000/js/rmmz_core.js:1676
[   34532ms] [WARNING] The provided value 'undefined' is not a valid enum value of type CanvasTextAlign. @ http://localhost:8000/js/rmmz_core.js:1676
[   34533ms] [WARNING] The provided value 'undefined' is not a valid enum value of type CanvasTextAlign. @ http://localhost:8000/js/rmmz_core.js:1676
[   34533ms] [WARNING] The provided value 'undefined' is not a valid enum value of type CanvasTextAlign. @ http://localhost:8000/js/rmmz_core.js:1676
[   34533ms] [WARNING] The provided value 'undefined' is not a valid enum value of type CanvasTextAlign. @ http://localhost:8000/js/rmmz_core.js:1676
[   34533ms] [WARNING] The provided value 'undefined' is not a valid enum value of type CanvasTextAlign. @ http://localhost:8000/js/rmmz_core.js:1676
[   34533ms] [WARNING] The provided value 'undefined' is not a valid enum value of type CanvasTextAlign. @ http://localhost:8000/js/rmmz_core.js:1676
[   34534ms] [WARNING] The provided value 'undefined' is not a valid enum value of type CanvasTextAlign. @ http://localhost:8000/js/rmmz_core.js:1676
[   34534ms] [WARNING] The provided value 'undefined' is not a valid enum value of type CanvasTextAlign. @ http://localhost:8000/js/rmmz_core.js:1676
[   34620ms] [WARNING] The provided value 'undefined' is not a valid enum value of type CanvasTextAlign. @ http://localhost:8000/js/rmmz_core.js:1676
[   34620ms] [WARNING] The provided value 'undefined' is not a valid enum value of type CanvasTextAlign. @ http://localhost:8000/js/rmmz_core.js:1676
[   34621ms] [WARNING] The provided value 'undefined' is not a valid enum value of type CanvasTextAlign. @ http://localhost:8000/js/rmmz_core.js:1676
[   34621ms] [WARNING] The provided value 'undefined' is not a valid enum value of type CanvasTextAlign. @ http://localhost:8000/js/rmmz_core.js:1676
[   34621ms] [WARNING] The provided value 'undefined' is not a valid enum value of type CanvasTextAlign. @ http://localhost:8000/js/rmmz_core.js:1676
[   34621ms] [WARNING] The provided value 'undefined' is not a valid enum value of type CanvasTextAlign. @ http://localhost:8000/js/rmmz_core.js:1676
[   34621ms] [WARNING] The provided value 'undefined' is not a valid enum value of type CanvasTextAlign. @ http://localhost:8000/js/rmmz_core.js:1676
[   34622ms] [WARNING] The provided value 'undefined' is not a valid enum value of type CanvasTextAlign. @ http://localhost:8000/js/rmmz_core.js:1676
[   34622ms] [WARNING] The provided value 'undefined' is not a valid enum value of type CanvasTextAlign. @ http://localhost:8000/js/rmmz_core.js:1676
[   34622ms] [WARNING] The provided value 'undefined' is not a valid enum value of type CanvasTextAlign. @ http://localhost:8000/js/rmmz_core.js:1676
[   34622ms] [WARNING] The provided value 'undefined' is not a valid enum value of type CanvasTextAlign. @ http://localhost:8000/js/rmmz_core.js:1676
[   34622ms] [WARNING] The provided value 'undefined' is not a valid enum value of type CanvasTextAlign. @ http://localhost:8000/js/rmmz_core.js:1676
[   34622ms] [WARNING] The provided value 'undefined' is not a valid enum value of type CanvasTextAlign. @ http://localhost:8000/js/rmmz_core.js:1676
[   34622ms] [WARNING] The provided value 'undefined' is not a valid enum value of type CanvasTextAlign. @ http://localhost:8000/js/rmmz_core.js:1676
[   34622ms] [WARNING] The provided value 'undefined' is not a valid enum value of type CanvasTextAlign. @ http://localhost:8000/js/rmmz_core.js:1676
[   34622ms] [WARNING] The provided value 'undefined' is not a valid enum value of type CanvasTextAlign. @ http://localhost:8000/js/rmmz_core.js:1676
[   34623ms] [WARNING] The provided value 'undefined' is not a valid enum value of type CanvasTextAlign. @ http://localhost:8000/js/rmmz_core.js:1676
[   34623ms] [WARNING] The provided value 'undefined' is not a valid enum value of type CanvasTextAlign. @ http://localhost:8000/js/rmmz_core.js:1676
[   34722ms] [WARNING] The provided value 'undefined' is not a valid enum value of type CanvasTextAlign. @ http://localhost:8000/js/rmmz_core.js:1676
[   34723ms] [WARNING] The provided value 'undefined' is not a valid enum value of type CanvasTextAlign. @ http://localhost:8000/js/rmmz_core.js:1676
[   34723ms] [WARNING] The provided value 'undefined' is not a valid enum value of type CanvasTextAlign. @ http://localhost:8000/js/rmmz_core.js:1676
[   34723ms] [WARNING] The provided value 'undefined' is not a valid enum value of type CanvasTextAlign. @ http://localhost:8000/js/rmmz_core.js:1676
[   34723ms] [WARNING] The provided value 'undefined' is not a valid enum value of type CanvasTextAlign. @ http://localhost:8000/js/rmmz_core.js:1676
[   34724ms] [WARNING] The provided value 'undefined' is not a valid enum value of type CanvasTextAlign. @ http://localhost:8000/js/rmmz_core.js:1676
[   34724ms] [WARNING] The provided value 'undefined' is not a valid enum value of type CanvasTextAlign. @ http://localhost:8000/js/rmmz_core.js:1676
[   34724ms] [WARNING] The provided value 'undefined' is not a valid enum value of type CanvasTextAlign. @ http://localhost:8000/js/rmmz_core.js:1676
[   34724ms] [WARNING] The provided value 'undefined' is not a valid enum value of type CanvasTextAlign. @ http://localhost:8000/js/rmmz_core.js:1676
[   34826ms] [WARNING] The provided value 'undefined' is not a valid enum value of type CanvasTextAlign. @ http://localhost:8000/js/rmmz_core.js:1676
[   34826ms] [WARNING] The provided value 'undefined' is not a valid enum value of type CanvasTextAlign. @ http://localhost:8000/js/rmmz_core.js:1676
[   34826ms] [WARNING] The provided value 'undefined' is not a valid enum value of type CanvasTextAlign. @ http://localhost:8000/js/rmmz_core.js:1676
[   34826ms] [WARNING] The provided value 'undefined' is not a valid enum value of type CanvasTextAlign. @ http://localhost:8000/js/rmmz_core.js:1676
[   34827ms] [WARNING] The provided value 'undefined' is not a valid enum value of type CanvasTextAlign. @ http://localhost:8000/js/rmmz_core.js:1676
[   34827ms] [WARNING] The provided value 'undefined' is not a valid enum value of type CanvasTextAlign. @ http://localhost:8000/js/rmmz_core.js:1676
[   34827ms] [WARNING] The provided value 'undefined' is not a valid enum value of type CanvasTextAlign. @ http://localhost:8000/js/rmmz_core.js:1676
[   34828ms] [WARNING] The provided value 'undefined' is not a valid enum value of type CanvasTextAlign. @ http://localhost:8000/js/rmmz_core.js:1676
[   34828ms] [WARNING] The provided value 'undefined' is not a valid enum value of type CanvasTextAlign. @ http://localhost:8000/js/rmmz_core.js:1676
[   34928ms] [WARNING] The provided value 'undefined' is not a valid enum value of type CanvasTextAlign. @ http://localhost:8000/js/rmmz_core.js:1676
[   34929ms] [WARNING] The provided value 'undefined' is not a valid enum value of type CanvasTextAlign. @ http://localhost:8000/js/rmmz_core.js:1676
[   34929ms] [WARNING] The provided value 'undefined' is not a valid enum value of type CanvasTextAlign. @ http://localhost:8000/js/rmmz_core.js:1676
[   34929ms] [WARNING] The provided value 'undefined' is not a valid enum value of type CanvasTextAlign. @ http://localhost:8000/js/rmmz_core.js:1676
[   34929ms] [WARNING] The provided value 'undefined' is not a valid enum value of type CanvasTextAlign. @ http://localhost:8000/js/rmmz_core.js:1676
[   34930ms] [WARNING] The provided value 'undefined' is not a valid enum value of type CanvasTextAlign. @ http://localhost:8000/js/rmmz_core.js:1676
[   34930ms] [WARNING] The provided value 'undefined' is not a valid enum value of type CanvasTextAlign. @ http://localhost:8000/js/rmmz_core.js:1676
[   34930ms] [WARNING] The provided value 'undefined' is not a valid enum value of type CanvasTextAlign. @ http://localhost:8000/js/rmmz_core.js:1676
[   34930ms] [WARNING] The provided value 'undefined' is not a valid enum value of type CanvasTextAlign. @ http://localhost:8000/js/rmmz_core.js:1676
[   35031ms] [WARNING] The provided value 'undefined' is not a valid enum value of type CanvasTextAlign. @ http://localhost:8000/js/rmmz_core.js:1676
[   35031ms] [WARNING] The provided value 'undefined' is not a valid enum value of type CanvasTextAlign. @ http://localhost:8000/js/rmmz_core.js:1676
[   35031ms] [WARNING] The provided value 'undefined' is not a valid enum value of type CanvasTextAlign. @ http://localhost:8000/js/rmmz_core.js:1676
[   35031ms] [WARNING] The provided value 'undefined' is not a valid enum value of type CanvasTextAlign. @ http://localhost:8000/js/rmmz_core.js:1676
[   35032ms] [WARNING] The provided value 'undefined' is not a valid enum value of type CanvasTextAlign. @ http://localhost:8000/js/rmmz_core.js:1676
[   35032ms] [WARNING] The provided value 'undefined' is not a valid enum value of type CanvasTextAlign. @ http://localhost:8000/js/rmmz_core.js:1676
[   35032ms] [WARNING] The provided value 'undefined' is not a valid enum value of type CanvasTextAlign. @ http://localhost:8000/js/rmmz_core.js:1676
[   35033ms] [WARNING] The provided value 'undefined' is not a valid enum value of type CanvasTextAlign. @ http://localhost:8000/js/rmmz_core.js:1676
[   35033ms] [WARNING] The provided value 'undefined' is not a valid enum value of type CanvasTextAlign. @ http://localhost:8000/js/rmmz_core.js:1676
[   35120ms] [WARNING] The provided value 'undefined' is not a valid enum value of type CanvasTextAlign. @ http://localhost:8000/js/rmmz_core.js:1676
[   35121ms] [WARNING] The provided value 'undefined' is not a valid enum value of type CanvasTextAlign. @ http://localhost:8000/js/rmmz_core.js:1676
[   35121ms] [WARNING] The provided value 'undefined' is not a valid enum value of type CanvasTextAlign. @ http://localhost:8000/js/rmmz_core.js:1676
[   35121ms] [WARNING] The provided value 'undefined' is not a valid enum value of type CanvasTextAlign. @ http://localhost:8000/js/rmmz_core.js:1676
[   35121ms] [WARNING] The provided value 'undefined' is not a valid enum value of type CanvasTextAlign. @ http://localhost:8000/js/rmmz_core.js:1676
[   35122ms] [WARNING] The provided value 'undefined' is not a valid enum value of type CanvasTextAlign. @ http://localhost:8000/js/rmmz_core.js:1676
[   35122ms] [WARNING] The provided value 'undefined' is not a valid enum value of type CanvasTextAlign. @ http://localhost:8000/js/rmmz_core.js:1676
[   35122ms] [WARNING] The provided value 'undefined' is not a valid enum value of type CanvasTextAlign. @ http://localhost:8000/js/rmmz_core.js:1676
[   35122ms] [WARNING] The provided value 'undefined' is not a valid enum value of type CanvasTextAlign. @ http://localhost:8000/js/rmmz_core.js:1676
[   35222ms] [WARNING] The provided value 'undefined' is not a valid enum value of type CanvasTextAlign. @ http://localhost:8000/js/rmmz_core.js:1676
[   35222ms] [WARNING] The provided value 'undefined' is not a valid enum value of type CanvasTextAlign. @ http://localhost:8000/js/rmmz_core.js:1676
[   35222ms] [WARNING] The provided value 'undefined' is not a valid enum value of type CanvasTextAlign. @ http://localhost:8000/js/rmmz_core.js:1676
[   35222ms] [WARNING] The provided value 'undefined' is not a valid enum value of type CanvasTextAlign. @ http://localhost:8000/js/rmmz_core.js:1676
[   35223ms] [WARNING] The provided value 'undefined' is not a valid enum value of type CanvasTextAlign. @ http://localhost:8000/js/rmmz_core.js:1676
[   35223ms] [WARNING] The provided value 'undefined' is not a valid enum value of type CanvasTextAlign. @ http://localhost:8000/js/rmmz_core.js:1676
[   35223ms] [WARNING] The provided value 'undefined' is not a valid enum value of type CanvasTextAlign. @ http://localhost:8000/js/rmmz_core.js:1676
[   35223ms] [WARNING] The provided value 'undefined' is not a valid enum value of type CanvasTextAlign. @ http://localhost:8000/js/rmmz_core.js:1676
[   35223ms] [WARNING] The provided value 'undefined' is not a valid enum value of type CanvasTextAlign. @ http://localhost:8000/js/rmmz_core.js:1676
[   35336ms] [WARNING] The provided value 'undefined' is not a valid enum value of type CanvasTextAlign. @ http://localhost:8000/js/rmmz_core.js:1676
[   35337ms] [WARNING] The provided value 'undefined' is not a valid enum value of type CanvasTextAlign. @ http://localhost:8000/js/rmmz_core.js:1676
[   35337ms] [WARNING] The provided value 'undefined' is not a valid enum value of type CanvasTextAlign. @ http://localhost:8000/js/rmmz_core.js:1676
[   35337ms] [WARNING] The provided value 'undefined' is not a valid enum value of type CanvasTextAlign. @ http://localhost:8000/js/rmmz_core.js:1676
[   35337ms] [WARNING] The provided value 'undefined' is not a valid enum value of type CanvasTextAlign. @ http://localhost:8000/js/rmmz_core.js:1676
[   35337ms] [WARNING] The provided value 'undefined' is not a valid enum value of type CanvasTextAlign. @ http://localhost:8000/js/rmmz_core.js:1676
[   35337ms] [WARNING] The provided value 'undefined' is not a valid enum value of type CanvasTextAlign. @ http://localhost:8000/js/rmmz_core.js:1676
[   35338ms] [WARNING] The provided value 'undefined' is not a valid enum value of type CanvasTextAlign. @ http://localhost:8000/js/rmmz_core.js:1676
[   35338ms] [WARNING] The provided value 'undefined' is not a valid enum value of type CanvasTextAlign. @ http://localhost:8000/js/rmmz_core.js:1676
[   35424ms] [WARNING] The provided value 'undefined' is not a valid enum value of type CanvasTextAlign. @ http://localhost:8000/js/rmmz_core.js:1676
[   35424ms] [WARNING] The provided value 'undefined' is not a valid enum value of type CanvasTextAlign. @ http://localhost:8000/js/rmmz_core.js:1676
[   35424ms] [WARNING] The provided value 'undefined' is not a valid enum value of type CanvasTextAlign. @ http://localhost:8000/js/rmmz_core.js:1676
[   35424ms] [WARNING] The provided value 'undefined' is not a valid enum value of type CanvasTextAlign. @ http://localhost:8000/js/rmmz_core.js:1676
[   35425ms] [WARNING] The provided value 'undefined' is not a valid enum value of type CanvasTextAlign. @ http://localhost:8000/js/rmmz_core.js:1676
[   35425ms] [WARNING] The provided value 'undefined' is not a valid enum value of type CanvasTextAlign. @ http://localhost:8000/js/rmmz_core.js:1676
[   35425ms] [WARNING] The provided value 'undefined' is not a valid enum value of type CanvasTextAlign. @ http://localhost:8000/js/rmmz_core.js:1676
[   35425ms] [WARNING] The provided value 'undefined' is not a valid enum value of type CanvasTextAlign. @ http://localhost:8000/js/rmmz_core.js:1676
[   35425ms] [WARNING] The provided value 'undefined' is not a valid enum value of type CanvasTextAlign. @ http://localhost:8000/js/rmmz_core.js:1676
[   35524ms] [WARNING] The provided value 'undefined' is not a valid enum value of type CanvasTextAlign. @ http://localhost:8000/js/rmmz_core.js:1676
[   35524ms] [WARNING] The provided value 'undefined' is not a valid enum value of type CanvasTextAlign. @ http://localhost:8000/js/rmmz_core.js:1676
[   35524ms] [WARNING] The provided value 'undefined' is not a valid enum value of type CanvasTextAlign. @ http://localhost:8000/js/rmmz_core.js:1676
[   35524ms] [WARNING] The provided value 'undefined' is not a valid enum value of type CanvasTextAlign. @ http://localhost:8000/js/rmmz_core.js:1676
[   35525ms] [WARNING] The provided value 'undefined' is not a valid enum value of type CanvasTextAlign. @ http://localhost:8000/js/rmmz_core.js:1676
[   35525ms] [WARNING] The provided value 'undefined' is not a valid enum value of type CanvasTextAlign. @ http://localhost:8000/js/rmmz_core.js:1676
[   35525ms] [WARNING] The provided value 'undefined' is not a valid enum value of type CanvasTextAlign. @ http://localhost:8000/js/rmmz_core.js:1676
[   35526ms] [WARNING] The provided value 'undefined' is not a valid enum value of type CanvasTextAlign. @ http://localhost:8000/js/rmmz_core.js:1676
[   35526ms] [WARNING] The provided value 'undefined' is not a valid enum value of type CanvasTextAlign. @ http://localhost:8000/js/rmmz_core.js:1676
[   35625ms] [WARNING] The provided value 'undefined' is not a valid enum value of type CanvasTextAlign. @ http://localhost:8000/js/rmmz_core.js:1676
[   35625ms] [WARNING] The provided value 'undefined' is not a valid enum value of type CanvasTextAlign. @ http://localhost:8000/js/rmmz_core.js:1676
[   35625ms] [WARNING] The provided value 'undefined' is not a valid enum value of type CanvasTextAlign. @ http://localhost:8000/js/rmmz_core.js:1676
[   35626ms] [WARNING] The provided value 'undefined' is not a valid enum value of type CanvasTextAlign. @ http://localhost:8000/js/rmmz_core.js:1676
[   35626ms] [WARNING] The provided value 'undefined' is not a valid enum value of type CanvasTextAlign. @ http://localhost:8000/js/rmmz_core.js:1676
[   35626ms] [WARNING] The provided value 'undefined' is not a valid enum value of type CanvasTextAlign. @ http://localhost:8000/js/rmmz_core.js:1676
[   35626ms] [WARNING] The provided value 'undefined' is not a valid enum value of type CanvasTextAlign. @ http://localhost:8000/js/rmmz_core.js:1676
[   35627ms] [WARNING] The provided value 'undefined' is not a valid enum value of type CanvasTextAlign. @ http://localhost:8000/js/rmmz_core.js:1676
[   35627ms] [WARNING] The provided value 'undefined' is not a valid enum value of type CanvasTextAlign. @ http://localhost:8000/js/rmmz_core.js:1676
[   35726ms] [WARNING] The provided value 'undefined' is not a valid enum value of type CanvasTextAlign. @ http://localhost:8000/js/rmmz_core.js:1676
[   35727ms] [WARNING] The provided value 'undefined' is not a valid enum value of type CanvasTextAlign. @ http://localhost:8000/js/rmmz_core.js:1676
[   35727ms] [WARNING] The provided value 'undefined' is not a valid enum value of type CanvasTextAlign. @ http://localhost:8000/js/rmmz_core.js:1676
[   35727ms] [WARNING] The provided value 'undefined' is not a valid enum value of type CanvasTextAlign. @ http://localhost:8000/js/rmmz_core.js:1676
[   35727ms] [WARNING] The provided value 'undefined' is not a valid enum value of type CanvasTextAlign. @ http://localhost:8000/js/rmmz_core.js:1676
[   35727ms] [WARNING] The provided value 'undefined' is not a valid enum value of type CanvasTextAlign. @ http://localhost:8000/js/rmmz_core.js:1676
[   35727ms] [WARNING] The provided value 'undefined' is not a valid enum value of type CanvasTextAlign. @ http://localhost:8000/js/rmmz_core.js:1676
[   35728ms] [WARNING] The provided value 'undefined' is not a valid enum value of type CanvasTextAlign. @ http://localhost:8000/js/rmmz_core.js:1676
[   35728ms] [WARNING] The provided value 'undefined' is not a valid enum value of type CanvasTextAlign. @ http://localhost:8000/js/rmmz_core.js:1676
[   35829ms] [WARNING] The provided value 'undefined' is not a valid enum value of type CanvasTextAlign. @ http://localhost:8000/js/rmmz_core.js:1676
[   35829ms] [WARNING] The provided value 'undefined' is not a valid enum value of type CanvasTextAlign. @ http://localhost:8000/js/rmmz_core.js:1676
[   35830ms] [WARNING] The provided value 'undefined' is not a valid enum value of type CanvasTextAlign. @ http://localhost:8000/js/rmmz_core.js:1676
[   35830ms] [WARNING] The provided value 'undefined' is not a valid enum value of type CanvasTextAlign. @ http://localhost:8000/js/rmmz_core.js:1676
[   35830ms] [WARNING] The provided value 'undefined' is not a valid enum value of type CanvasTextAlign. @ http://localhost:8000/js/rmmz_core.js:1676
[   35830ms] [WARNING] The provided value 'undefined' is not a valid enum value of type CanvasTextAlign. @ http://localhost:8000/js/rmmz_core.js:1676
[   35830ms] [WARNING] The provided value 'undefined' is not a valid enum value of type CanvasTextAlign. @ http://localhost:8000/js/rmmz_core.js:1676
[   35831ms] [WARNING] The provided value 'undefined' is not a valid enum value of type CanvasTextAlign. @ http://localhost:8000/js/rmmz_core.js:1676
[   35831ms] [WARNING] The provided value 'undefined' is not a valid enum value of type CanvasTextAlign. @ http://localhost:8000/js/rmmz_core.js:1676
[   35931ms] [WARNING] The provided value 'undefined' is not a valid enum value of type CanvasTextAlign. @ http://localhost:8000/js/rmmz_core.js:1676
[   35931ms] [WARNING] The provided value 'undefined' is not a valid enum value of type CanvasTextAlign. @ http://localhost:8000/js/rmmz_core.js:1676
[   35931ms] [WARNING] The provided value 'undefined' is not a valid enum value of type CanvasTextAlign. @ http://localhost:8000/js/rmmz_core.js:1676
[   35931ms] [WARNING] The provided value 'undefined' is not a valid enum value of type CanvasTextAlign. @ http://localhost:8000/js/rmmz_core.js:1676
[   35932ms] [WARNING] The provided value 'undefined' is not a valid enum value of type CanvasTextAlign. @ http://localhost:8000/js/rmmz_core.js:1676
[   35932ms] [WARNING] The provided value 'undefined' is not a valid enum value of type CanvasTextAlign. @ http://localhost:8000/js/rmmz_core.js:1676
[   35932ms] [WARNING] The provided value 'undefined' is not a valid enum value of type CanvasTextAlign. @ http://localhost:8000/js/rmmz_core.js:1676
[   35933ms] [WARNING] The provided value 'undefined' is not a valid enum value of type CanvasTextAlign. @ http://localhost:8000/js/rmmz_core.js:1676
[   35933ms] [WARNING] The provided value 'undefined' is not a valid enum value of type CanvasTextAlign. @ http://localhost:8000/js/rmmz_core.js:1676
[   36019ms] [WARNING] The provided value 'undefined' is not a valid enum value of type CanvasTextAlign. @ http://localhost:8000/js/rmmz_core.js:1676
[   36019ms] [WARNING] The provided value 'undefined' is not a valid enum value of type CanvasTextAlign. @ http://localhost:8000/js/rmmz_core.js:1676
[   36020ms] [WARNING] The provided value 'undefined' is not a valid enum value of type CanvasTextAlign. @ http://localhost:8000/js/rmmz_core.js:1676
[   36020ms] [WARNING] The provided value 'undefined' is not a valid enum value of type CanvasTextAlign. @ http://localhost:8000/js/rmmz_core.js:1676
[   36020ms] [WARNING] The provided value 'undefined' is not a valid enum value of type CanvasTextAlign. @ http://localhost:8000/js/rmmz_core.js:1676
[   36020ms] [WARNING] The provided value 'undefined' is not a valid enum value of type CanvasTextAlign. @ http://localhost:8000/js/rmmz_core.js:1676
[   36020ms] [WARNING] The provided value 'undefined' is not a valid enum value of type CanvasTextAlign. @ http://localhost:8000/js/rmmz_core.js:1676
[   36021ms] [WARNING] The provided value 'undefined' is not a valid enum value of type CanvasTextAlign. @ http://localhost:8000/js/rmmz_core.js:1676
[   36021ms] [WARNING] The provided value 'undefined' is not a valid enum value of type CanvasTextAlign. @ http://localhost:8000/js/rmmz_core.js:1676
[   36133ms] [WARNING] The provided value 'undefined' is not a valid enum value of type CanvasTextAlign. @ http://localhost:8000/js/rmmz_core.js:1676
[   36134ms] [WARNING] The provided value 'undefined' is not a valid enum value of type CanvasTextAlign. @ http://localhost:8000/js/rmmz_core.js:1676
[   36134ms] [WARNING] The provided value 'undefined' is not a valid enum value of type CanvasTextAlign. @ http://localhost:8000/js/rmmz_core.js:1676
[   36134ms] [WARNING] The provided value 'undefined' is not a valid enum value of type CanvasTextAlign. @ http://localhost:8000/js/rmmz_core.js:1676
[   36134ms] [WARNING] The provided value 'undefined' is not a valid enum value of type CanvasTextAlign. @ http://localhost:8000/js/rmmz_core.js:1676
[   36135ms] [WARNING] The provided value 'undefined' is not a valid enum value of type CanvasTextAlign. @ http://localhost:8000/js/rmmz_core.js:1676
[   36135ms] [WARNING] The provided value 'undefined' is not a valid enum value of type CanvasTextAlign. @ http://localhost:8000/js/rmmz_core.js:1676
[   36135ms] [WARNING] The provided value 'undefined' is not a valid enum value of type CanvasTextAlign. @ http://localhost:8000/js/rmmz_core.js:1676
[   36135ms] [WARNING] The provided value 'undefined' is not a valid enum value of type CanvasTextAlign. @ http://localhost:8000/js/rmmz_core.js:1676
[   36222ms] [WARNING] The provided value 'undefined' is not a valid enum value of type CanvasTextAlign. @ http://localhost:8000/js/rmmz_core.js:1676
[   36222ms] [WARNING] The provided value 'undefined' is not a valid enum value of type CanvasTextAlign. @ http://localhost:8000/js/rmmz_core.js:1676
[   36222ms] [WARNING] The provided value 'undefined' is not a valid enum value of type CanvasTextAlign. @ http://localhost:8000/js/rmmz_core.js:1676
[   36222ms] [WARNING] The provided value 'undefined' is not a valid enum value of type CanvasTextAlign. @ http://localhost:8000/js/rmmz_core.js:1676
[   36223ms] [WARNING] The provided value 'undefined' is not a valid enum value of type CanvasTextAlign. @ http://localhost:8000/js/rmmz_core.js:1676
[   36223ms] [WARNING] The provided value 'undefined' is not a valid enum value of type CanvasTextAlign. @ http://localhost:8000/js/rmmz_core.js:1676
[   36223ms] [WARNING] The provided value 'undefined' is not a valid enum value of type CanvasTextAlign. @ http://localhost:8000/js/rmmz_core.js:1676
[   36224ms] [WARNING] The provided value 'undefined' is not a valid enum value of type CanvasTextAlign. @ http://localhost:8000/js/rmmz_core.js:1676
[   36224ms] [WARNING] The provided value 'undefined' is not a valid enum value of type CanvasTextAlign. @ http://localhost:8000/js/rmmz_core.js:1676
[   36333ms] [WARNING] The provided value 'undefined' is not a valid enum value of type CanvasTextAlign. @ http://localhost:8000/js/rmmz_core.js:1676
[   36334ms] [WARNING] The provided value 'undefined' is not a valid enum value of type CanvasTextAlign. @ http://localhost:8000/js/rmmz_core.js:1676
[   36334ms] [WARNING] The provided value 'undefined' is not a valid enum value of type CanvasTextAlign. @ http://localhost:8000/js/rmmz_core.js:1676
[   36334ms] [WARNING] The provided value 'undefined' is not a valid enum value of type CanvasTextAlign. @ http://localhost:8000/js/rmmz_core.js:1676
[   36335ms] [WARNING] The provided value 'undefined' is not a valid enum value of type CanvasTextAlign. @ http://localhost:8000/js/rmmz_core.js:1676
[   36335ms] [WARNING] The provided value 'undefined' is not a valid enum value of type CanvasTextAlign. @ http://localhost:8000/js/rmmz_core.js:1676
[   36335ms] [WARNING] The provided value 'undefined' is not a valid enum value of type CanvasTextAlign. @ http://localhost:8000/js/rmmz_core.js:1676
[   36335ms] [WARNING] The provided value 'undefined' is not a valid enum value of type CanvasTextAlign. @ http://localhost:8000/js/rmmz_core.js:1676
[   36335ms] [WARNING] The provided value 'undefined' is not a valid enum value of type CanvasTextAlign. @ http://localhost:8000/js/rmmz_core.js:1676
[   36423ms] [WARNING] The provided value 'undefined' is not a valid enum value of type CanvasTextAlign. @ http://localhost:8000/js/rmmz_core.js:1676
[   36424ms] [WARNING] The provided value 'undefined' is not a valid enum value of type CanvasTextAlign. @ http://localhost:8000/js/rmmz_core.js:1676
[   36424ms] [WARNING] The provided value 'undefined' is not a valid enum value of type CanvasTextAlign. @ http://localhost:8000/js/rmmz_core.js:1676
[   36424ms] [WARNING] The provided value 'undefined' is not a valid enum value of type CanvasTextAlign. @ http://localhost:8000/js/rmmz_core.js:1676
[   36424ms] [WARNING] The provided value 'undefined' is not a valid enum value of type CanvasTextAlign. @ http://localhost:8000/js/rmmz_core.js:1676
[   36425ms] [WARNING] The provided value 'undefined' is not a valid enum value of type CanvasTextAlign. @ http://localhost:8000/js/rmmz_core.js:1676
[   36425ms] [WARNING] The provided value 'undefined' is not a valid enum value of type CanvasTextAlign. @ http://localhost:8000/js/rmmz_core.js:1676
[   36425ms] [WARNING] The provided value 'undefined' is not a valid enum value of type CanvasTextAlign. @ http://localhost:8000/js/rmmz_core.js:1676
[   36425ms] [WARNING] The provided value 'undefined' is not a valid enum value of type CanvasTextAlign. @ http://localhost:8000/js/rmmz_core.js:1676
[   36536ms] [WARNING] The provided value 'undefined' is not a valid enum value of type CanvasTextAlign. @ http://localhost:8000/js/rmmz_core.js:1676
[   36537ms] [WARNING] The provided value 'undefined' is not a valid enum value of type CanvasTextAlign. @ http://localhost:8000/js/rmmz_core.js:1676
[   36537ms] [WARNING] The provided value 'undefined' is not a valid enum value of type CanvasTextAlign. @ http://localhost:8000/js/rmmz_core.js:1676
[   36537ms] [WARNING] The provided value 'undefined' is not a valid enum value of type CanvasTextAlign. @ http://localhost:8000/js/rmmz_core.js:1676
[   36537ms] [WARNING] The provided value 'undefined' is not a valid enum value of type CanvasTextAlign. @ http://localhost:8000/js/rmmz_core.js:1676
[   36537ms] [WARNING] The provided value 'undefined' is not a valid enum value of type CanvasTextAlign. @ http://localhost:8000/js/rmmz_core.js:1676
[   36538ms] [WARNING] The provided value 'undefined' is not a valid enum value of type CanvasTextAlign. @ http://localhost:8000/js/rmmz_core.js:1676
[   36538ms] [WARNING] The provided value 'undefined' is not a valid enum value of type CanvasTextAlign. @ http://localhost:8000/js/rmmz_core.js:1676
[   36538ms] [WARNING] The provided value 'undefined' is not a valid enum value of type CanvasTextAlign. @ http://localhost:8000/js/rmmz_core.js:1676
[   36626ms] [WARNING] The provided value 'undefined' is not a valid enum value of type CanvasTextAlign. @ http://localhost:8000/js/rmmz_core.js:1676
[   36626ms] [WARNING] The provided value 'undefined' is not a valid enum value of type CanvasTextAlign. @ http://localhost:8000/js/rmmz_core.js:1676
[   36627ms] [WARNING] The provided value 'undefined' is not a valid enum value of type CanvasTextAlign. @ http://localhost:8000/js/rmmz_core.js:1676
[   36627ms] [WARNING] The provided value 'undefined' is not a valid enum value of type CanvasTextAlign. @ http://localhost:8000/js/rmmz_core.js:1676
[   36627ms] [WARNING] The provided value 'undefined' is not a valid enum value of type CanvasTextAlign. @ http://localhost:8000/js/rmmz_core.js:1676
[   36627ms] [WARNING] The provided value 'undefined' is not a valid enum value of type CanvasTextAlign. @ http://localhost:8000/js/rmmz_core.js:1676
[   36627ms] [WARNING] The provided value 'undefined' is not a valid enum value of type CanvasTextAlign. @ http://localhost:8000/js/rmmz_core.js:1676
[   36628ms] [WARNING] The provided value 'undefined' is not a valid enum value of type CanvasTextAlign. @ http://localhost:8000/js/rmmz_core.js:1676
[   36628ms] [WARNING] The provided value 'undefined' is not a valid enum value of type CanvasTextAlign. @ http://localhost:8000/js/rmmz_core.js:1676
[   36628ms] [WARNING] The provided value 'undefined' is not a valid enum value of type CanvasTextAlign. @ http://localhost:8000/js/rmmz_core.js:1676
[   36628ms] [WARNING] The provided value 'undefined' is not a valid enum value of type CanvasTextAlign. @ http://localhost:8000/js/rmmz_core.js:1676
[   36628ms] [WARNING] The provided value 'undefined' is not a valid enum value of type CanvasTextAlign. @ http://localhost:8000/js/rmmz_core.js:1676
[   36628ms] [WARNING] The provided value 'undefined' is not a valid enum value of type CanvasTextAlign. @ http://localhost:8000/js/rmmz_core.js:1676
[   36628ms] [WARNING] The provided value 'undefined' is not a valid enum value of type CanvasTextAlign. @ http://localhost:8000/js/rmmz_core.js:1676
[   36628ms] [WARNING] The provided value 'undefined' is not a valid enum value of type CanvasTextAlign. @ http://localhost:8000/js/rmmz_core.js:1676
[   36629ms] [WARNING] The provided value 'undefined' is not a valid enum value of type CanvasTextAlign. @ http://localhost:8000/js/rmmz_core.js:1676
[   36629ms] [WARNING] The provided value 'undefined' is not a valid enum value of type CanvasTextAlign. @ http://localhost:8000/js/rmmz_core.js:1676
[   36629ms] [WARNING] The provided value 'undefined' is not a valid enum value of type CanvasTextAlign. @ http://localhost:8000/js/rmmz_core.js:1676
[   36728ms] [WARNING] The provided value 'undefined' is not a valid enum value of type CanvasTextAlign. @ http://localhost:8000/js/rmmz_core.js:1676
[   36728ms] [WARNING] The provided value 'undefined' is not a valid enum value of type CanvasTextAlign. @ http://localhost:8000/js/rmmz_core.js:1676
[   36728ms] [WARNING] The provided value 'undefined' is not a valid enum value of type CanvasTextAlign. @ http://localhost:8000/js/rmmz_core.js:1676
[   36728ms] [WARNING] The provided value 'undefined' is not a valid enum value of type CanvasTextAlign. @ http://localhost:8000/js/rmmz_core.js:1676
[   36729ms] [WARNING] The provided value 'undefined' is not a valid enum value of type CanvasTextAlign. @ http://localhost:8000/js/rmmz_core.js:1676
[   36729ms] [WARNING] The provided value 'undefined' is not a valid enum value of type CanvasTextAlign. @ http://localhost:8000/js/rmmz_core.js:1676
[   36729ms] [WARNING] The provided value 'undefined' is not a valid enum value of type CanvasTextAlign. @ http://localhost:8000/js/rmmz_core.js:1676
[   36729ms] [WARNING] The provided value 'undefined' is not a valid enum value of type CanvasTextAlign. @ http://localhost:8000/js/rmmz_core.js:1676
[   36729ms] [WARNING] The provided value 'undefined' is not a valid enum value of type CanvasTextAlign. @ http://localhost:8000/js/rmmz_core.js:1676
[   36828ms] [WARNING] The provided value 'undefined' is not a valid enum value of type CanvasTextAlign. @ http://localhost:8000/js/rmmz_core.js:1676
[   36829ms] [WARNING] The provided value 'undefined' is not a valid enum value of type CanvasTextAlign. @ http://localhost:8000/js/rmmz_core.js:1676
[   36829ms] [WARNING] The provided value 'undefined' is not a valid enum value of type CanvasTextAlign. @ http://localhost:8000/js/rmmz_core.js:1676
[   36829ms] [WARNING] The provided value 'undefined' is not a valid enum value of type CanvasTextAlign. @ http://localhost:8000/js/rmmz_core.js:1676
[   36829ms] [WARNING] The provided value 'undefined' is not a valid enum value of type CanvasTextAlign. @ http://localhost:8000/js/rmmz_core.js:1676
[   36830ms] [WARNING] The provided value 'undefined' is not a valid enum value of type CanvasTextAlign. @ http://localhost:8000/js/rmmz_core.js:1676
[   36830ms] [WARNING] The provided value 'undefined' is not a valid enum value of type CanvasTextAlign. @ http://localhost:8000/js/rmmz_core.js:1676
[   36830ms] [WARNING] The provided value 'undefined' is not a valid enum value of type CanvasTextAlign. @ http://localhost:8000/js/rmmz_core.js:1676
[   36830ms] [WARNING] The provided value 'undefined' is not a valid enum value of type CanvasTextAlign. @ http://localhost:8000/js/rmmz_core.js:1676
[   36928ms] [WARNING] The provided value 'undefined' is not a valid enum value of type CanvasTextAlign. @ http://localhost:8000/js/rmmz_core.js:1676
[   36929ms] [WARNING] The provided value 'undefined' is not a valid enum value of type CanvasTextAlign. @ http://localhost:8000/js/rmmz_core.js:1676
[   36929ms] [WARNING] The provided value 'undefined' is not a valid enum value of type CanvasTextAlign. @ http://localhost:8000/js/rmmz_core.js:1676
[   36929ms] [WARNING] The provided value 'undefined' is not a valid enum value of type CanvasTextAlign. @ http://localhost:8000/js/rmmz_core.js:1676
[   36929ms] [WARNING] The provided value 'undefined' is not a valid enum value of type CanvasTextAlign. @ http://localhost:8000/js/rmmz_core.js:1676
[   36930ms] [WARNING] The provided value 'undefined' is not a valid enum value of type CanvasTextAlign. @ http://localhost:8000/js/rmmz_core.js:1676
[   36930ms] [WARNING] The provided value 'undefined' is not a valid enum value of type CanvasTextAlign. @ http://localhost:8000/js/rmmz_core.js:1676
[   36930ms] [WARNING] The provided value 'undefined' is not a valid enum value of type CanvasTextAlign. @ http://localhost:8000/js/rmmz_core.js:1676
[   36930ms] [WARNING] The provided value 'undefined' is not a valid enum value of type CanvasTextAlign. @ http://localhost:8000/js/rmmz_core.js:1676
[   37029ms] [WARNING] The provided value 'undefined' is not a valid enum value of type CanvasTextAlign. @ http://localhost:8000/js/rmmz_core.js:1676
[   37030ms] [WARNING] The provided value 'undefined' is not a valid enum value of type CanvasTextAlign. @ http://localhost:8000/js/rmmz_core.js:1676
[   37030ms] [WARNING] The provided value 'undefined' is not a valid enum value of type CanvasTextAlign. @ http://localhost:8000/js/rmmz_core.js:1676
[   37030ms] [WARNING] The provided value 'undefined' is not a valid enum value of type CanvasTextAlign. @ http://localhost:8000/js/rmmz_core.js:1676
[   37030ms] [WARNING] The provided value 'undefined' is not a valid enum value of type CanvasTextAlign. @ http://localhost:8000/js/rmmz_core.js:1676
[   37031ms] [WARNING] The provided value 'undefined' is not a valid enum value of type CanvasTextAlign. @ http://localhost:8000/js/rmmz_core.js:1676
[   37031ms] [WARNING] The provided value 'undefined' is not a valid enum value of type CanvasTextAlign. @ http://localhost:8000/js/rmmz_core.js:1676
[   37031ms] [WARNING] The provided value 'undefined' is not a valid enum value of type CanvasTextAlign. @ http://localhost:8000/js/rmmz_core.js:1676
[   37031ms] [WARNING] The provided value 'undefined' is not a valid enum value of type CanvasTextAlign. @ http://localhost:8000/js/rmmz_core.js:1676
[   37130ms] [WARNING] The provided value 'undefined' is not a valid enum value of type CanvasTextAlign. @ http://localhost:8000/js/rmmz_core.js:1676
[   37130ms] [WARNING] The provided value 'undefined' is not a valid enum value of type CanvasTextAlign. @ http://localhost:8000/js/rmmz_core.js:1676
[   37130ms] [WARNING] The provided value 'undefined' is not a valid enum value of type CanvasTextAlign. @ http://localhost:8000/js/rmmz_core.js:1676
[   37130ms] [WARNING] The provided value 'undefined' is not a valid enum value of type CanvasTextAlign. @ http://localhost:8000/js/rmmz_core.js:1676
[   37131ms] [WARNING] The provided value 'undefined' is not a valid enum value of type CanvasTextAlign. @ http://localhost:8000/js/rmmz_core.js:1676
[   37131ms] [WARNING] The provided value 'undefined' is not a valid enum value of type CanvasTextAlign. @ http://localhost:8000/js/rmmz_core.js:1676
[   37131ms] [WARNING] The provided value 'undefined' is not a valid enum value of type CanvasTextAlign. @ http://localhost:8000/js/rmmz_core.js:1676
[   37132ms] [WARNING] The provided value 'undefined' is not a valid enum value of type CanvasTextAlign. @ http://localhost:8000/js/rmmz_core.js:1676
[   37132ms] [WARNING] The provided value 'undefined' is not a valid enum value of type CanvasTextAlign. @ http://localhost:8000/js/rmmz_core.js:1676
[   37231ms] [WARNING] The provided value 'undefined' is not a valid enum value of type CanvasTextAlign. @ http://localhost:8000/js/rmmz_core.js:1676
[   37231ms] [WARNING] The provided value 'undefined' is not a valid enum value of type CanvasTextAlign. @ http://localhost:8000/js/rmmz_core.js:1676
[   37231ms] [WARNING] The provided value 'undefined' is not a valid enum value of type CanvasTextAlign. @ http://localhost:8000/js/rmmz_core.js:1676
[   37231ms] [WARNING] The provided value 'undefined' is not a valid enum value of type CanvasTextAlign. @ http://localhost:8000/js/rmmz_core.js:1676
[   37232ms] [WARNING] The provided value 'undefined' is not a valid enum value of type CanvasTextAlign. @ http://localhost:8000/js/rmmz_core.js:1676
[   37232ms] [WARNING] The provided value 'undefined' is not a valid enum value of type CanvasTextAlign. @ http://localhost:8000/js/rmmz_core.js:1676
[   37232ms] [WARNING] The provided value 'undefined' is not a valid enum value of type CanvasTextAlign. @ http://localhost:8000/js/rmmz_core.js:1676
[   37232ms] [WARNING] The provided value 'undefined' is not a valid enum value of type CanvasTextAlign. @ http://localhost:8000/js/rmmz_core.js:1676
[   37232ms] [WARNING] The provided value 'undefined' is not a valid enum value of type CanvasTextAlign. @ http://localhost:8000/js/rmmz_core.js:1676
[   37319ms] [WARNING] The provided value 'undefined' is not a valid enum value of type CanvasTextAlign. @ http://localhost:8000/js/rmmz_core.js:1676
[   37320ms] [WARNING] The provided value 'undefined' is not a valid enum value of type CanvasTextAlign. @ http://localhost:8000/js/rmmz_core.js:1676
[   37320ms] [WARNING] The provided value 'undefined' is not a valid enum value of type CanvasTextAlign. @ http://localhost:8000/js/rmmz_core.js:1676
[   37320ms] [WARNING] The provided value 'undefined' is not a valid enum value of type CanvasTextAlign. @ http://localhost:8000/js/rmmz_core.js:1676
[   37320ms] [WARNING] The provided value 'undefined' is not a valid enum value of type CanvasTextAlign. @ http://localhost:8000/js/rmmz_core.js:1676
[   37321ms] [WARNING] The provided value 'undefined' is not a valid enum value of type CanvasTextAlign. @ http://localhost:8000/js/rmmz_core.js:1676
[   37321ms] [WARNING] The provided value 'undefined' is not a valid enum value of type CanvasTextAlign. @ http://localhost:8000/js/rmmz_core.js:1676
[   37321ms] [WARNING] The provided value 'undefined' is not a valid enum value of type CanvasTextAlign. @ http://localhost:8000/js/rmmz_core.js:1676
[   37321ms] [WARNING] The provided value 'undefined' is not a valid enum value of type CanvasTextAlign. @ http://localhost:8000/js/rmmz_core.js:1676
[   37419ms] [WARNING] The provided value 'undefined' is not a valid enum value of type CanvasTextAlign. @ http://localhost:8000/js/rmmz_core.js:1676
[   37419ms] [WARNING] The provided value 'undefined' is not a valid enum value of type CanvasTextAlign. @ http://localhost:8000/js/rmmz_core.js:1676
[   37419ms] [WARNING] The provided value 'undefined' is not a valid enum value of type CanvasTextAlign. @ http://localhost:8000/js/rmmz_core.js:1676
[   37420ms] [WARNING] The provided value 'undefined' is not a valid enum value of type CanvasTextAlign. @ http://localhost:8000/js/rmmz_core.js:1676
[   37420ms] [WARNING] The provided value 'undefined' is not a valid enum value of type CanvasTextAlign. @ http://localhost:8000/js/rmmz_core.js:1676
[   37420ms] [WARNING] The provided value 'undefined' is not a valid enum value of type CanvasTextAlign. @ http://localhost:8000/js/rmmz_core.js:1676
[   37420ms] [WARNING] The provided value 'undefined' is not a valid enum value of type CanvasTextAlign. @ http://localhost:8000/js/rmmz_core.js:1676
[   37421ms] [WARNING] The provided value 'undefined' is not a valid enum value of type CanvasTextAlign. @ http://localhost:8000/js/rmmz_core.js:1676
[   37421ms] [WARNING] The provided value 'undefined' is not a valid enum value of type CanvasTextAlign. @ http://localhost:8000/js/rmmz_core.js:1676
[   37520ms] [WARNING] The provided value 'undefined' is not a valid enum value of type CanvasTextAlign. @ http://localhost:8000/js/rmmz_core.js:1676
[   37520ms] [WARNING] The provided value 'undefined' is not a valid enum value of type CanvasTextAlign. @ http://localhost:8000/js/rmmz_core.js:1676
[   37520ms] [WARNING] The provided value 'undefined' is not a valid enum value of type CanvasTextAlign. @ http://localhost:8000/js/rmmz_core.js:1676
[   37520ms] [WARNING] The provided value 'undefined' is not a valid enum value of type CanvasTextAlign. @ http://localhost:8000/js/rmmz_core.js:1676
[   37521ms] [WARNING] The provided value 'undefined' is not a valid enum value of type CanvasTextAlign. @ http://localhost:8000/js/rmmz_core.js:1676
[   37521ms] [WARNING] The provided value 'undefined' is not a valid enum value of type CanvasTextAlign. @ http://localhost:8000/js/rmmz_core.js:1676
[   37521ms] [WARNING] The provided value 'undefined' is not a valid enum value of type CanvasTextAlign. @ http://localhost:8000/js/rmmz_core.js:1676
[   37521ms] [WARNING] The provided value 'undefined' is not a valid enum value of type CanvasTextAlign. @ http://localhost:8000/js/rmmz_core.js:1676
[   37521ms] [WARNING] The provided value 'undefined' is not a valid enum value of type CanvasTextAlign. @ http://localhost:8000/js/rmmz_core.js:1676
[   37598ms] [LOG] RACE_EVENT: {
  "type": "SAFE_CLICK",
  "frame": 1306,
  "vars": {
    "RACE_ID": 1,
    "SCENE_INDEX": 6,
    "SCENE_TYPE": 0,
    "P_CENA": 100,
    "CONSCIENCIA": 90,
    "PONTOS_GLORIA": 190,
    "TAXA_SUCESSO": 0,
    "ROLL_RESULT": 0,
    "TIMER_FRAMES": 0,
    "SCENE_START": 1055,
    "SEED": 0,
    "RACE_N_CENAS": 6,
    "ATTEMPT_N": 7,
    "LAST_RENDERED_INDEX": 5,
    "HOVER_LEVEL": 0,
    "TIMER_TIMEOUT_FLAG": 1,
    "VITORIA_PASSOU": 0,
    "GLORIA_META": 200,
    "TIMER_SECONDS": 1,
    "SCENE_DISPLAY": 6
  },
  "switches": {
    "RACE_ACTIVE": true,
    "INPUT_LOCKED": true,
    "CRASH_FLAG": false,
    "LAST_ACTION_SAFE": true,
    "PAUSED": false,
    "IS_CURVA_DIABO": false
  },
  "timestamp": "2026-07-07T07:49:55.598Z"
} @ http://localhost:8000/js/plugins/Jhonny_RaceHelper.js:234
[   37623ms] [LOG] RACE_EVENT: {
  "type": "VICTORY",
  "frame": 1307,
  "vars": {
    "RACE_ID": 1,
    "SCENE_INDEX": 6,
    "SCENE_TYPE": 0,
    "P_CENA": 100,
    "CONSCIENCIA": 90,
    "PONTOS_GLORIA": 190,
    "TAXA_SUCESSO": 0,
    "ROLL_RESULT": 0,
    "TIMER_FRAMES": 0,
    "SCENE_START": 1055,
    "SEED": 0,
    "RACE_N_CENAS": 6,
    "ATTEMPT_N": 7,
    "LAST_RENDERED_INDEX": 5,
    "HOVER_LEVEL": 0,
    "TIMER_TIMEOUT_FLAG": 1,
    "VITORIA_PASSOU": 0,
    "GLORIA_META": 200,
    "TIMER_SECONDS": 0,
    "SCENE_DISPLAY": 6
  },
  "switches": {
    "RACE_ACTIVE": true,
    "INPUT_LOCKED": true,
    "CRASH_FLAG": false,
    "LAST_ACTION_SAFE": true,
    "PAUSED": true,
    "IS_CURVA_DIABO": false
  },
  "timestamp": "2026-07-07T07:49:55.623Z"
} @ http://localhost:8000/js/plugins/Jhonny_RaceHelper.js:234
[   37635ms] [WARNING] The provided value 'undefined' is not a valid enum value of type CanvasTextAlign. @ http://localhost:8000/js/rmmz_core.js:1676
[   37636ms] [WARNING] The provided value 'undefined' is not a valid enum value of type CanvasTextAlign. @ http://localhost:8000/js/rmmz_core.js:1676
[   37636ms] [WARNING] The provided value 'undefined' is not a valid enum value of type CanvasTextAlign. @ http://localhost:8000/js/rmmz_core.js:1676
[   37636ms] [WARNING] The provided value 'undefined' is not a valid enum value of type CanvasTextAlign. @ http://localhost:8000/js/rmmz_core.js:1676
[   37636ms] [WARNING] The provided value 'undefined' is not a valid enum value of type CanvasTextAlign. @ http://localhost:8000/js/rmmz_core.js:1676
[   37636ms] [WARNING] The provided value 'undefined' is not a valid enum value of type CanvasTextAlign. @ http://localhost:8000/js/rmmz_core.js:1676
[   37636ms] [WARNING] The provided value 'undefined' is not a valid enum value of type CanvasTextAlign. @ http://localhost:8000/js/rmmz_core.js:1676
[   37636ms] [WARNING] The provided value 'undefined' is not a valid enum value of type CanvasTextAlign. @ http://localhost:8000/js/rmmz_core.js:1676
[   37636ms] [WARNING] The provided value 'undefined' is not a valid enum value of type CanvasTextAlign. @ http://localhost:8000/js/rmmz_core.js:1676
[   37636ms] [WARNING] The provided value 'undefined' is not a valid enum value of type CanvasTextAlign. @ http://localhost:8000/js/rmmz_core.js:1676
[   37637ms] [WARNING] The provided value 'undefined' is not a valid enum value of type CanvasTextAlign. @ http://localhost:8000/js/rmmz_core.js:1676
[   37637ms] [WARNING] The provided value 'undefined' is not a valid enum value of type CanvasTextAlign. @ http://localhost:8000/js/rmmz_core.js:1676
[   37637ms] [WARNING] The provided value 'undefined' is not a valid enum value of type CanvasTextAlign. @ http://localhost:8000/js/rmmz_core.js:1676
[   37637ms] [WARNING] The provided value 'undefined' is not a valid enum value of type CanvasTextAlign. @ http://localhost:8000/js/rmmz_core.js:1676
[   37637ms] [WARNING] The provided value 'undefined' is not a valid enum value of type CanvasTextAlign. @ http://localhost:8000/js/rmmz_core.js:1676
[   37637ms] [WARNING] The provided value 'undefined' is not a valid enum value of type CanvasTextAlign. @ http://localhost:8000/js/rmmz_core.js:1676
[   37638ms] [WARNING] The provided value 'undefined' is not a valid enum value of type CanvasTextAlign. @ http://localhost:8000/js/rmmz_core.js:1676
[   37638ms] [WARNING] The provided value 'undefined' is not a valid enum value of type CanvasTextAlign. @ http://localhost:8000/js/rmmz_core.js:1676
[   37638ms] [WARNING] The provided value 'undefined' is not a valid enum value of type CanvasTextAlign. @ http://localhost:8000/js/rmmz_core.js:1676
[   37638ms] [WARNING] The provided value 'undefined' is not a valid enum value of type CanvasTextAlign. @ http://localhost:8000/js/rmmz_core.js:1676
[   37638ms] [WARNING] The provided value 'undefined' is not a valid enum value of type CanvasTextAlign. @ http://localhost:8000/js/rmmz_core.js:1676
[   37638ms] [WARNING] The provided value 'undefined' is not a valid enum value of type CanvasTextAlign. @ http://localhost:8000/js/rmmz_core.js:1676
[   37638ms] [WARNING] The provided value 'undefined' is not a valid enum value of type CanvasTextAlign. @ http://localhost:8000/js/rmmz_core.js:1676
[   37639ms] [WARNING] The provided value 'undefined' is not a valid enum value of type CanvasTextAlign. @ http://localhost:8000/js/rmmz_core.js:1676
[   37639ms] [WARNING] The provided value 'undefined' is not a valid enum value of type CanvasTextAlign. @ http://localhost:8000/js/rmmz_core.js:1676
[   37639ms] [WARNING] The provided value 'undefined' is not a valid enum value of type CanvasTextAlign. @ http://localhost:8000/js/rmmz_core.js:1676
[   37639ms] [WARNING] The provided value 'undefined' is not a valid enum value of type CanvasTextAlign. @ http://localhost:8000/js/rmmz_core.js:1676
[   37639ms] [WARNING] The provided value 'undefined' is not a valid enum value of type CanvasTextAlign. @ http://localhost:8000/js/rmmz_core.js:1676
[   37639ms] [WARNING] The provided value 'undefined' is not a valid enum value of type CanvasTextAlign. @ http://localhost:8000/js/rmmz_core.js:1676
[   37639ms] [WARNING] The provided value 'undefined' is not a valid enum value of type CanvasTextAlign. @ http://localhost:8000/js/rmmz_core.js:1676
[   37639ms] [WARNING] The provided value 'undefined' is not a valid enum value of type CanvasTextAlign. @ http://localhost:8000/js/rmmz_core.js:1676
