[     457ms] [INFO] 2026-07-07T07:24:12.738Z [Jhonny_RaceHelper] JhonnyRace helper inicializado. @ http://localhost:8000/js/plugins/Jhonny_RaceHelper.js:95
[     501ms] [WARNING] <meta name="apple-mobile-web-app-capable" content="yes"> is deprecated. Please include <meta name="mobile-web-app-capable" content="yes"> @ http://localhost:8000/:0
[   68640ms] [WARNING] Canvas2D: Multiple readback operations using getImageData are faster with the willReadFrequently attribute set to true. See: https://html.spec.whatwg.org/multipage/canvas.html#concept-canvas-will-read-frequently @ http://localhost:8000/js/rmmz_core.js:1518
[   68813ms] [WARNING] The provided value 'undefined' is not a valid enum value of type CanvasTextAlign. @ http://localhost:8000/js/rmmz_core.js:1676
[   68934ms] [WARNING] The provided value 'undefined' is not a valid enum value of type CanvasTextAlign. @ http://localhost:8000/js/rmmz_core.js:1676
[   68935ms] [WARNING] The provided value 'undefined' is not a valid enum value of type CanvasTextAlign. @ http://localhost:8000/js/rmmz_core.js:1676
[   68951ms] [WARNING] The provided value 'undefined' is not a valid enum value of type CanvasTextAlign. @ http://localhost:8000/js/rmmz_core.js:1676
[   68951ms] [WARNING] The provided value 'undefined' is not a valid enum value of type CanvasTextAlign. @ http://localhost:8000/js/rmmz_core.js:1676
[   68967ms] [WARNING] The provided value 'undefined' is not a valid enum value of type CanvasTextAlign. @ http://localhost:8000/js/rmmz_core.js:1676
[   68967ms] [WARNING] The provided value 'undefined' is not a valid enum value of type CanvasTextAlign. @ http://localhost:8000/js/rmmz_core.js:1676
[   68985ms] [WARNING] The provided value 'undefined' is not a valid enum value of type CanvasTextAlign. @ http://localhost:8000/js/rmmz_core.js:1676
[   69003ms] [WARNING] The provided value 'undefined' is not a valid enum value of type CanvasTextAlign. @ http://localhost:8000/js/rmmz_core.js:1676
[   69024ms] [WARNING] The provided value 'undefined' is not a valid enum value of type CanvasTextAlign. @ http://localhost:8000/js/rmmz_core.js:1676
[   69039ms] [WARNING] The provided value 'undefined' is not a valid enum value of type CanvasTextAlign. @ http://localhost:8000/js/rmmz_core.js:1676
[   69052ms] [WARNING] The provided value 'undefined' is not a valid enum value of type CanvasTextAlign. @ http://localhost:8000/js/rmmz_core.js:1676
[   69080ms] [WARNING] The provided value 'undefined' is not a valid enum value of type CanvasTextAlign. @ http://localhost:8000/js/rmmz_core.js:1676
[   69094ms] [WARNING] The provided value 'undefined' is not a valid enum value of type CanvasTextAlign. @ http://localhost:8000/js/rmmz_core.js:1676
[   69107ms] [WARNING] The provided value 'undefined' is not a valid enum value of type CanvasTextAlign. @ http://localhost:8000/js/rmmz_core.js:1676
[   69119ms] [WARNING] The provided value 'undefined' is not a valid enum value of type CanvasTextAlign. @ http://localhost:8000/js/rmmz_core.js:1676
[   69145ms] [WARNING] The provided value 'undefined' is not a valid enum value of type CanvasTextAlign. @ http://localhost:8000/js/rmmz_core.js:1676
[   69157ms] [WARNING] The provided value 'undefined' is not a valid enum value of type CanvasTextAlign. @ http://localhost:8000/js/rmmz_core.js:1676
[   69168ms] [WARNING] The provided value 'undefined' is not a valid enum value of type CanvasTextAlign. @ http://localhost:8000/js/rmmz_core.js:1676
[   69194ms] [WARNING] The provided value 'undefined' is not a valid enum value of type CanvasTextAlign. @ http://localhost:8000/js/rmmz_core.js:1676
[   69205ms] [WARNING] The provided value 'undefined' is not a valid enum value of type CanvasTextAlign. @ http://localhost:8000/js/rmmz_core.js:1676
[   69229ms] [WARNING] The provided value 'undefined' is not a valid enum value of type CanvasTextAlign. @ http://localhost:8000/js/rmmz_core.js:1676
[   69229ms] [WARNING] The provided value 'undefined' is not a valid enum value of type CanvasTextAlign. @ http://localhost:8000/js/rmmz_core.js:1676
[   69241ms] [WARNING] The provided value 'undefined' is not a valid enum value of type CanvasTextAlign. @ http://localhost:8000/js/rmmz_core.js:1676
[   69252ms] [WARNING] The provided value 'undefined' is not a valid enum value of type CanvasTextAlign. @ http://localhost:8000/js/rmmz_core.js:1676
[   69277ms] [WARNING] The provided value 'undefined' is not a valid enum value of type CanvasTextAlign. @ http://localhost:8000/js/rmmz_core.js:1676
[   69289ms] [WARNING] The provided value 'undefined' is not a valid enum value of type CanvasTextAlign. @ http://localhost:8000/js/rmmz_core.js:1676
[   69313ms] [WARNING] The provided value 'undefined' is not a valid enum value of type CanvasTextAlign. @ http://localhost:8000/js/rmmz_core.js:1676
[   69325ms] [WARNING] The provided value 'undefined' is not a valid enum value of type CanvasTextAlign. @ http://localhost:8000/js/rmmz_core.js:1676
[   69337ms] [WARNING] The provided value 'undefined' is not a valid enum value of type CanvasTextAlign. @ http://localhost:8000/js/rmmz_core.js:1676
[   69361ms] [WARNING] The provided value 'undefined' is not a valid enum value of type CanvasTextAlign. @ http://localhost:8000/js/rmmz_core.js:1676
[   69372ms] [WARNING] The provided value 'undefined' is not a valid enum value of type CanvasTextAlign. @ http://localhost:8000/js/rmmz_core.js:1676
[   69386ms] [WARNING] The provided value 'undefined' is not a valid enum value of type CanvasTextAlign. @ http://localhost:8000/js/rmmz_core.js:1676
[   69410ms] [WARNING] The provided value 'undefined' is not a valid enum value of type CanvasTextAlign. @ http://localhost:8000/js/rmmz_core.js:1676
[   69420ms] [WARNING] The provided value 'undefined' is not a valid enum value of type CanvasTextAlign. @ http://localhost:8000/js/rmmz_core.js:1676
[   69445ms] [WARNING] The provided value 'undefined' is not a valid enum value of type CanvasTextAlign. @ http://localhost:8000/js/rmmz_core.js:1676
[   69457ms] [WARNING] The provided value 'undefined' is not a valid enum value of type CanvasTextAlign. @ http://localhost:8000/js/rmmz_core.js:1676
[   69469ms] [WARNING] The provided value 'undefined' is not a valid enum value of type CanvasTextAlign. @ http://localhost:8000/js/rmmz_core.js:1676
[   69493ms] [WARNING] The provided value 'undefined' is not a valid enum value of type CanvasTextAlign. @ http://localhost:8000/js/rmmz_core.js:1676
[   69504ms] [WARNING] The provided value 'undefined' is not a valid enum value of type CanvasTextAlign. @ http://localhost:8000/js/rmmz_core.js:1676
[   69528ms] [WARNING] The provided value 'undefined' is not a valid enum value of type CanvasTextAlign. @ http://localhost:8000/js/rmmz_core.js:1676
[   69540ms] [WARNING] The provided value 'undefined' is not a valid enum value of type CanvasTextAlign. @ http://localhost:8000/js/rmmz_core.js:1676
[   69552ms] [WARNING] The provided value 'undefined' is not a valid enum value of type CanvasTextAlign. @ http://localhost:8000/js/rmmz_core.js:1676
[   69576ms] [WARNING] The provided value 'undefined' is not a valid enum value of type CanvasTextAlign. @ http://localhost:8000/js/rmmz_core.js:1676
[   69589ms] [WARNING] The provided value 'undefined' is not a valid enum value of type CanvasTextAlign. @ http://localhost:8000/js/rmmz_core.js:1676
[   69613ms] [WARNING] The provided value 'undefined' is not a valid enum value of type CanvasTextAlign. @ http://localhost:8000/js/rmmz_core.js:1676
[   69624ms] [WARNING] The provided value 'undefined' is not a valid enum value of type CanvasTextAlign. @ http://localhost:8000/js/rmmz_core.js:1676
[   69636ms] [WARNING] The provided value 'undefined' is not a valid enum value of type CanvasTextAlign. @ http://localhost:8000/js/rmmz_core.js:1676
[   69660ms] [WARNING] The provided value 'undefined' is not a valid enum value of type CanvasTextAlign. @ http://localhost:8000/js/rmmz_core.js:1676
[   69672ms] [WARNING] The provided value 'undefined' is not a valid enum value of type CanvasTextAlign. @ http://localhost:8000/js/rmmz_core.js:1676
[   69696ms] [WARNING] The provided value 'undefined' is not a valid enum value of type CanvasTextAlign. @ http://localhost:8000/js/rmmz_core.js:1676
[   69708ms] [WARNING] The provided value 'undefined' is not a valid enum value of type CanvasTextAlign. @ http://localhost:8000/js/rmmz_core.js:1676
[   69720ms] [WARNING] The provided value 'undefined' is not a valid enum value of type CanvasTextAlign. @ http://localhost:8000/js/rmmz_core.js:1676
[   69744ms] [WARNING] The provided value 'undefined' is not a valid enum value of type CanvasTextAlign. @ http://localhost:8000/js/rmmz_core.js:1676
[   69756ms] [WARNING] The provided value 'undefined' is not a valid enum value of type CanvasTextAlign. @ http://localhost:8000/js/rmmz_core.js:1676
[   69780ms] [WARNING] The provided value 'undefined' is not a valid enum value of type CanvasTextAlign. @ http://localhost:8000/js/rmmz_core.js:1676
[   69792ms] [WARNING] The provided value 'undefined' is not a valid enum value of type CanvasTextAlign. @ http://localhost:8000/js/rmmz_core.js:1676
[   69804ms] [WARNING] The provided value 'undefined' is not a valid enum value of type CanvasTextAlign. @ http://localhost:8000/js/rmmz_core.js:1676
[   69828ms] [WARNING] The provided value 'undefined' is not a valid enum value of type CanvasTextAlign. @ http://localhost:8000/js/rmmz_core.js:1676
[   69840ms] [WARNING] The provided value 'undefined' is not a valid enum value of type CanvasTextAlign. @ http://localhost:8000/js/rmmz_core.js:1676
[   69852ms] [WARNING] The provided value 'undefined' is not a valid enum value of type CanvasTextAlign. @ http://localhost:8000/js/rmmz_core.js:1676
[   69876ms] [WARNING] The provided value 'undefined' is not a valid enum value of type CanvasTextAlign. @ http://localhost:8000/js/rmmz_core.js:1676
[   69888ms] [WARNING] The provided value 'undefined' is not a valid enum value of type CanvasTextAlign. @ http://localhost:8000/js/rmmz_core.js:1676
[   69913ms] [WARNING] The provided value 'undefined' is not a valid enum value of type CanvasTextAlign. @ http://localhost:8000/js/rmmz_core.js:1676
[   69924ms] [WARNING] The provided value 'undefined' is not a valid enum value of type CanvasTextAlign. @ http://localhost:8000/js/rmmz_core.js:1676
[   69936ms] [WARNING] The provided value 'undefined' is not a valid enum value of type CanvasTextAlign. @ http://localhost:8000/js/rmmz_core.js:1676
[   69960ms] [WARNING] The provided value 'undefined' is not a valid enum value of type CanvasTextAlign. @ http://localhost:8000/js/rmmz_core.js:1676
[   69972ms] [WARNING] The provided value 'undefined' is not a valid enum value of type CanvasTextAlign. @ http://localhost:8000/js/rmmz_core.js:1676
[   69984ms] [WARNING] The provided value 'undefined' is not a valid enum value of type CanvasTextAlign. @ http://localhost:8000/js/rmmz_core.js:1676
[   70009ms] [WARNING] The provided value 'undefined' is not a valid enum value of type CanvasTextAlign. @ http://localhost:8000/js/rmmz_core.js:1676
[   70021ms] [WARNING] The provided value 'undefined' is not a valid enum value of type CanvasTextAlign. @ http://localhost:8000/js/rmmz_core.js:1676
[   70045ms] [WARNING] The provided value 'undefined' is not a valid enum value of type CanvasTextAlign. @ http://localhost:8000/js/rmmz_core.js:1676
[   70056ms] [WARNING] The provided value 'undefined' is not a valid enum value of type CanvasTextAlign. @ http://localhost:8000/js/rmmz_core.js:1676
[   70068ms] [WARNING] The provided value 'undefined' is not a valid enum value of type CanvasTextAlign. @ http://localhost:8000/js/rmmz_core.js:1676
[   70093ms] [WARNING] The provided value 'undefined' is not a valid enum value of type CanvasTextAlign. @ http://localhost:8000/js/rmmz_core.js:1676
[   70105ms] [WARNING] The provided value 'undefined' is not a valid enum value of type CanvasTextAlign. @ http://localhost:8000/js/rmmz_core.js:1676
[   70118ms] [WARNING] The provided value 'undefined' is not a valid enum value of type CanvasTextAlign. @ http://localhost:8000/js/rmmz_core.js:1676
[   70142ms] [WARNING] The provided value 'undefined' is not a valid enum value of type CanvasTextAlign. @ http://localhost:8000/js/rmmz_core.js:1676
[   70154ms] [WARNING] The provided value 'undefined' is not a valid enum value of type CanvasTextAlign. @ http://localhost:8000/js/rmmz_core.js:1676
[   70154ms] [WARNING] The provided value 'undefined' is not a valid enum value of type CanvasTextAlign. @ http://localhost:8000/js/rmmz_core.js:1676
[   70177ms] [WARNING] The provided value 'undefined' is not a valid enum value of type CanvasTextAlign. @ http://localhost:8000/js/rmmz_core.js:1676
[   70177ms] [WARNING] The provided value 'undefined' is not a valid enum value of type CanvasTextAlign. @ http://localhost:8000/js/rmmz_core.js:1676
[   70189ms] [WARNING] The provided value 'undefined' is not a valid enum value of type CanvasTextAlign. @ http://localhost:8000/js/rmmz_core.js:1676
[   70190ms] [WARNING] The provided value 'undefined' is not a valid enum value of type CanvasTextAlign. @ http://localhost:8000/js/rmmz_core.js:1676
[   70202ms] [WARNING] The provided value 'undefined' is not a valid enum value of type CanvasTextAlign. @ http://localhost:8000/js/rmmz_core.js:1676
[   70227ms] [WARNING] The provided value 'undefined' is not a valid enum value of type CanvasTextAlign. @ http://localhost:8000/js/rmmz_core.js:1676
[   70239ms] [WARNING] The provided value 'undefined' is not a valid enum value of type CanvasTextAlign. @ http://localhost:8000/js/rmmz_core.js:1676
[   70264ms] [WARNING] The provided value 'undefined' is not a valid enum value of type CanvasTextAlign. @ http://localhost:8000/js/rmmz_core.js:1676
[   70275ms] [WARNING] The provided value 'undefined' is not a valid enum value of type CanvasTextAlign. @ http://localhost:8000/js/rmmz_core.js:1676
[   70287ms] [WARNING] The provided value 'undefined' is not a valid enum value of type CanvasTextAlign. @ http://localhost:8000/js/rmmz_core.js:1676
[   70311ms] [WARNING] The provided value 'undefined' is not a valid enum value of type CanvasTextAlign. @ http://localhost:8000/js/rmmz_core.js:1676
[   70323ms] [WARNING] The provided value 'undefined' is not a valid enum value of type CanvasTextAlign. @ http://localhost:8000/js/rmmz_core.js:1676
[   70336ms] [WARNING] The provided value 'undefined' is not a valid enum value of type CanvasTextAlign. @ http://localhost:8000/js/rmmz_core.js:1676
[   70360ms] [WARNING] The provided value 'undefined' is not a valid enum value of type CanvasTextAlign. @ http://localhost:8000/js/rmmz_core.js:1676
[   70372ms] [WARNING] The provided value 'undefined' is not a valid enum value of type CanvasTextAlign. @ http://localhost:8000/js/rmmz_core.js:1676
[   70385ms] [WARNING] The provided value 'undefined' is not a valid enum value of type CanvasTextAlign. @ http://localhost:8000/js/rmmz_core.js:1676
[   70411ms] [WARNING] The provided value 'undefined' is not a valid enum value of type CanvasTextAlign. @ http://localhost:8000/js/rmmz_core.js:1676
[   70421ms] [WARNING] The provided value 'undefined' is not a valid enum value of type CanvasTextAlign. @ http://localhost:8000/js/rmmz_core.js:1676
[   70445ms] [WARNING] The provided value 'undefined' is not a valid enum value of type CanvasTextAlign. @ http://localhost:8000/js/rmmz_core.js:1676
[   70457ms] [WARNING] The provided value 'undefined' is not a valid enum value of type CanvasTextAlign. @ http://localhost:8000/js/rmmz_core.js:1676
[   70481ms] [WARNING] The provided value 'undefined' is not a valid enum value of type CanvasTextAlign. @ http://localhost:8000/js/rmmz_core.js:1676
[   70493ms] [WARNING] The provided value 'undefined' is not a valid enum value of type CanvasTextAlign. @ http://localhost:8000/js/rmmz_core.js:1676
[   70505ms] [WARNING] The provided value 'undefined' is not a valid enum value of type CanvasTextAlign. @ http://localhost:8000/js/rmmz_core.js:1676
[   70530ms] [WARNING] The provided value 'undefined' is not a valid enum value of type CanvasTextAlign. @ http://localhost:8000/js/rmmz_core.js:1676
[   70541ms] [WARNING] The provided value 'undefined' is not a valid enum value of type CanvasTextAlign. @ http://localhost:8000/js/rmmz_core.js:1676
[   70552ms] [WARNING] The provided value 'undefined' is not a valid enum value of type CanvasTextAlign. @ http://localhost:8000/js/rmmz_core.js:1676
[   70577ms] [WARNING] The provided value 'undefined' is not a valid enum value of type CanvasTextAlign. @ http://localhost:8000/js/rmmz_core.js:1676
[   70589ms] [WARNING] The provided value 'undefined' is not a valid enum value of type CanvasTextAlign. @ http://localhost:8000/js/rmmz_core.js:1676
[   70601ms] [WARNING] The provided value 'undefined' is not a valid enum value of type CanvasTextAlign. @ http://localhost:8000/js/rmmz_core.js:1676
[   70625ms] [WARNING] The provided value 'undefined' is not a valid enum value of type CanvasTextAlign. @ http://localhost:8000/js/rmmz_core.js:1676
[   70637ms] [WARNING] The provided value 'undefined' is not a valid enum value of type CanvasTextAlign. @ http://localhost:8000/js/rmmz_core.js:1676
[   70662ms] [WARNING] The provided value 'undefined' is not a valid enum value of type CanvasTextAlign. @ http://localhost:8000/js/rmmz_core.js:1676
[   70674ms] [WARNING] The provided value 'undefined' is not a valid enum value of type CanvasTextAlign. @ http://localhost:8000/js/rmmz_core.js:1676
[   70685ms] [WARNING] The provided value 'undefined' is not a valid enum value of type CanvasTextAlign. @ http://localhost:8000/js/rmmz_core.js:1676
[   70710ms] [WARNING] The provided value 'undefined' is not a valid enum value of type CanvasTextAlign. @ http://localhost:8000/js/rmmz_core.js:1676
[   70722ms] [WARNING] The provided value 'undefined' is not a valid enum value of type CanvasTextAlign. @ http://localhost:8000/js/rmmz_core.js:1676
[   70736ms] [WARNING] The provided value 'undefined' is not a valid enum value of type CanvasTextAlign. @ http://localhost:8000/js/rmmz_core.js:1676
[   70759ms] [WARNING] The provided value 'undefined' is not a valid enum value of type CanvasTextAlign. @ http://localhost:8000/js/rmmz_core.js:1676
[   70772ms] [WARNING] The provided value 'undefined' is not a valid enum value of type CanvasTextAlign. @ http://localhost:8000/js/rmmz_core.js:1676
[   70796ms] [WARNING] The provided value 'undefined' is not a valid enum value of type CanvasTextAlign. @ http://localhost:8000/js/rmmz_core.js:1676
[   70808ms] [WARNING] The provided value 'undefined' is not a valid enum value of type CanvasTextAlign. @ http://localhost:8000/js/rmmz_core.js:1676
[   70820ms] [WARNING] The provided value 'undefined' is not a valid enum value of type CanvasTextAlign. @ http://localhost:8000/js/rmmz_core.js:1676
[   70848ms] [WARNING] The provided value 'undefined' is not a valid enum value of type CanvasTextAlign. @ http://localhost:8000/js/rmmz_core.js:1676
[   70861ms] [WARNING] The provided value 'undefined' is not a valid enum value of type CanvasTextAlign. @ http://localhost:8000/js/rmmz_core.js:1676
[   70874ms] [WARNING] The provided value 'undefined' is not a valid enum value of type CanvasTextAlign. @ http://localhost:8000/js/rmmz_core.js:1676
[   70887ms] [WARNING] The provided value 'undefined' is not a valid enum value of type CanvasTextAlign. @ http://localhost:8000/js/rmmz_core.js:1676
[   70913ms] [WARNING] The provided value 'undefined' is not a valid enum value of type CanvasTextAlign. @ http://localhost:8000/js/rmmz_core.js:1676
[   70927ms] [WARNING] The provided value 'undefined' is not a valid enum value of type CanvasTextAlign. @ http://localhost:8000/js/rmmz_core.js:1676
[   70940ms] [WARNING] The provided value 'undefined' is not a valid enum value of type CanvasTextAlign. @ http://localhost:8000/js/rmmz_core.js:1676
[   70952ms] [WARNING] The provided value 'undefined' is not a valid enum value of type CanvasTextAlign. @ http://localhost:8000/js/rmmz_core.js:1676
[   70977ms] [WARNING] The provided value 'undefined' is not a valid enum value of type CanvasTextAlign. @ http://localhost:8000/js/rmmz_core.js:1676
[   70990ms] [WARNING] The provided value 'undefined' is not a valid enum value of type CanvasTextAlign. @ http://localhost:8000/js/rmmz_core.js:1676
[   71002ms] [WARNING] The provided value 'undefined' is not a valid enum value of type CanvasTextAlign. @ http://localhost:8000/js/rmmz_core.js:1676
[   71014ms] [WARNING] The provided value 'undefined' is not a valid enum value of type CanvasTextAlign. @ http://localhost:8000/js/rmmz_core.js:1676
[   71039ms] [WARNING] The provided value 'undefined' is not a valid enum value of type CanvasTextAlign. @ http://localhost:8000/js/rmmz_core.js:1676
[   71063ms] [WARNING] The provided value 'undefined' is not a valid enum value of type CanvasTextAlign. @ http://localhost:8000/js/rmmz_core.js:1676
[   71075ms] [WARNING] The provided value 'undefined' is not a valid enum value of type CanvasTextAlign. @ http://localhost:8000/js/rmmz_core.js:1676
[   71087ms] [WARNING] The provided value 'undefined' is not a valid enum value of type CanvasTextAlign. @ http://localhost:8000/js/rmmz_core.js:1676
[   71111ms] [WARNING] The provided value 'undefined' is not a valid enum value of type CanvasTextAlign. @ http://localhost:8000/js/rmmz_core.js:1676
[   71123ms] [WARNING] The provided value 'undefined' is not a valid enum value of type CanvasTextAlign. @ http://localhost:8000/js/rmmz_core.js:1676
[   71123ms] [WARNING] The provided value 'undefined' is not a valid enum value of type CanvasTextAlign. @ http://localhost:8000/js/rmmz_core.js:1676
[   71134ms] [WARNING] The provided value 'undefined' is not a valid enum value of type CanvasTextAlign. @ http://localhost:8000/js/rmmz_core.js:1676
[   71135ms] [WARNING] The provided value 'undefined' is not a valid enum value of type CanvasTextAlign. @ http://localhost:8000/js/rmmz_core.js:1676
[   71159ms] [WARNING] The provided value 'undefined' is not a valid enum value of type CanvasTextAlign. @ http://localhost:8000/js/rmmz_core.js:1676
[   71159ms] [WARNING] The provided value 'undefined' is not a valid enum value of type CanvasTextAlign. @ http://localhost:8000/js/rmmz_core.js:1676
[   71171ms] [WARNING] The provided value 'undefined' is not a valid enum value of type CanvasTextAlign. @ http://localhost:8000/js/rmmz_core.js:1676
[   71196ms] [WARNING] The provided value 'undefined' is not a valid enum value of type CanvasTextAlign. @ http://localhost:8000/js/rmmz_core.js:1676
[   71208ms] [WARNING] The provided value 'undefined' is not a valid enum value of type CanvasTextAlign. @ http://localhost:8000/js/rmmz_core.js:1676
[   71220ms] [WARNING] The provided value 'undefined' is not a valid enum value of type CanvasTextAlign. @ http://localhost:8000/js/rmmz_core.js:1676
[   71244ms] [WARNING] The provided value 'undefined' is not a valid enum value of type CanvasTextAlign. @ http://localhost:8000/js/rmmz_core.js:1676
[   71256ms] [WARNING] The provided value 'undefined' is not a valid enum value of type CanvasTextAlign. @ http://localhost:8000/js/rmmz_core.js:1676
[   71268ms] [WARNING] The provided value 'undefined' is not a valid enum value of type CanvasTextAlign. @ http://localhost:8000/js/rmmz_core.js:1676
[   71292ms] [WARNING] The provided value 'undefined' is not a valid enum value of type CanvasTextAlign. @ http://localhost:8000/js/rmmz_core.js:1676
[   71304ms] [WARNING] The provided value 'undefined' is not a valid enum value of type CanvasTextAlign. @ http://localhost:8000/js/rmmz_core.js:1676
[   71329ms] [WARNING] The provided value 'undefined' is not a valid enum value of type CanvasTextAlign. @ http://localhost:8000/js/rmmz_core.js:1676
[   71341ms] [WARNING] The provided value 'undefined' is not a valid enum value of type CanvasTextAlign. @ http://localhost:8000/js/rmmz_core.js:1676
[   71352ms] [WARNING] The provided value 'undefined' is not a valid enum value of type CanvasTextAlign. @ http://localhost:8000/js/rmmz_core.js:1676
[   71377ms] [WARNING] The provided value 'undefined' is not a valid enum value of type CanvasTextAlign. @ http://localhost:8000/js/rmmz_core.js:1676
[   71389ms] [WARNING] The provided value 'undefined' is not a valid enum value of type CanvasTextAlign. @ http://localhost:8000/js/rmmz_core.js:1676
[   71413ms] [WARNING] The provided value 'undefined' is not a valid enum value of type CanvasTextAlign. @ http://localhost:8000/js/rmmz_core.js:1676
[   71426ms] [WARNING] The provided value 'undefined' is not a valid enum value of type CanvasTextAlign. @ http://localhost:8000/js/rmmz_core.js:1676
[   71437ms] [WARNING] The provided value 'undefined' is not a valid enum value of type CanvasTextAlign. @ http://localhost:8000/js/rmmz_core.js:1676
[   71462ms] [WARNING] The provided value 'undefined' is not a valid enum value of type CanvasTextAlign. @ http://localhost:8000/js/rmmz_core.js:1676
[   71474ms] [WARNING] The provided value 'undefined' is not a valid enum value of type CanvasTextAlign. @ http://localhost:8000/js/rmmz_core.js:1676
[   71486ms] [WARNING] The provided value 'undefined' is not a valid enum value of type CanvasTextAlign. @ http://localhost:8000/js/rmmz_core.js:1676
[   71510ms] [WARNING] The provided value 'undefined' is not a valid enum value of type CanvasTextAlign. @ http://localhost:8000/js/rmmz_core.js:1676
[   71522ms] [WARNING] The provided value 'undefined' is not a valid enum value of type CanvasTextAlign. @ http://localhost:8000/js/rmmz_core.js:1676
[   71546ms] [WARNING] The provided value 'undefined' is not a valid enum value of type CanvasTextAlign. @ http://localhost:8000/js/rmmz_core.js:1676
[   71558ms] [WARNING] The provided value 'undefined' is not a valid enum value of type CanvasTextAlign. @ http://localhost:8000/js/rmmz_core.js:1676
[   71570ms] [WARNING] The provided value 'undefined' is not a valid enum value of type CanvasTextAlign. @ http://localhost:8000/js/rmmz_core.js:1676
[   71594ms] [WARNING] The provided value 'undefined' is not a valid enum value of type CanvasTextAlign. @ http://localhost:8000/js/rmmz_core.js:1676
[   71606ms] [WARNING] The provided value 'undefined' is not a valid enum value of type CanvasTextAlign. @ http://localhost:8000/js/rmmz_core.js:1676
[   71631ms] [WARNING] The provided value 'undefined' is not a valid enum value of type CanvasTextAlign. @ http://localhost:8000/js/rmmz_core.js:1676
[   71643ms] [WARNING] The provided value 'undefined' is not a valid enum value of type CanvasTextAlign. @ http://localhost:8000/js/rmmz_core.js:1676
[   71655ms] [WARNING] The provided value 'undefined' is not a valid enum value of type CanvasTextAlign. @ http://localhost:8000/js/rmmz_core.js:1676
[   71666ms] [WARNING] The provided value 'undefined' is not a valid enum value of type CanvasTextAlign. @ http://localhost:8000/js/rmmz_core.js:1676
[   71690ms] [WARNING] The provided value 'undefined' is not a valid enum value of type CanvasTextAlign. @ http://localhost:8000/js/rmmz_core.js:1676
[   71703ms] [WARNING] The provided value 'undefined' is not a valid enum value of type CanvasTextAlign. @ http://localhost:8000/js/rmmz_core.js:1676
[   71727ms] [WARNING] The provided value 'undefined' is not a valid enum value of type CanvasTextAlign. @ http://localhost:8000/js/rmmz_core.js:1676
[   71739ms] [WARNING] The provided value 'undefined' is not a valid enum value of type CanvasTextAlign. @ http://localhost:8000/js/rmmz_core.js:1676
[   71763ms] [WARNING] The provided value 'undefined' is not a valid enum value of type CanvasTextAlign. @ http://localhost:8000/js/rmmz_core.js:1676
[   71776ms] [WARNING] The provided value 'undefined' is not a valid enum value of type CanvasTextAlign. @ http://localhost:8000/js/rmmz_core.js:1676
[   71788ms] [WARNING] The provided value 'undefined' is not a valid enum value of type CanvasTextAlign. @ http://localhost:8000/js/rmmz_core.js:1676
[   71801ms] [WARNING] The provided value 'undefined' is not a valid enum value of type CanvasTextAlign. @ http://localhost:8000/js/rmmz_core.js:1676
[   71824ms] [WARNING] The provided value 'undefined' is not a valid enum value of type CanvasTextAlign. @ http://localhost:8000/js/rmmz_core.js:1676
[   71837ms] [WARNING] The provided value 'undefined' is not a valid enum value of type CanvasTextAlign. @ http://localhost:8000/js/rmmz_core.js:1676
[   71860ms] [WARNING] The provided value 'undefined' is not a valid enum value of type CanvasTextAlign. @ http://localhost:8000/js/rmmz_core.js:1676
[   71872ms] [WARNING] The provided value 'undefined' is not a valid enum value of type CanvasTextAlign. @ http://localhost:8000/js/rmmz_core.js:1676
[   71897ms] [WARNING] The provided value 'undefined' is not a valid enum value of type CanvasTextAlign. @ http://localhost:8000/js/rmmz_core.js:1676
[   71909ms] [WARNING] The provided value 'undefined' is not a valid enum value of type CanvasTextAlign. @ http://localhost:8000/js/rmmz_core.js:1676
[   71922ms] [WARNING] The provided value 'undefined' is not a valid enum value of type CanvasTextAlign. @ http://localhost:8000/js/rmmz_core.js:1676
[   71946ms] [WARNING] The provided value 'undefined' is not a valid enum value of type CanvasTextAlign. @ http://localhost:8000/js/rmmz_core.js:1676
[   71957ms] [WARNING] The provided value 'undefined' is not a valid enum value of type CanvasTextAlign. @ http://localhost:8000/js/rmmz_core.js:1676
[   71970ms] [WARNING] The provided value 'undefined' is not a valid enum value of type CanvasTextAlign. @ http://localhost:8000/js/rmmz_core.js:1676
[   71994ms] [WARNING] The provided value 'undefined' is not a valid enum value of type CanvasTextAlign. @ http://localhost:8000/js/rmmz_core.js:1676
[   72007ms] [WARNING] The provided value 'undefined' is not a valid enum value of type CanvasTextAlign. @ http://localhost:8000/js/rmmz_core.js:1676
[   72019ms] [WARNING] The provided value 'undefined' is not a valid enum value of type CanvasTextAlign. @ http://localhost:8000/js/rmmz_core.js:1676
[   72043ms] [WARNING] The provided value 'undefined' is not a valid enum value of type CanvasTextAlign. @ http://localhost:8000/js/rmmz_core.js:1676
[   72055ms] [WARNING] The provided value 'undefined' is not a valid enum value of type CanvasTextAlign. @ http://localhost:8000/js/rmmz_core.js:1676
[   72078ms] [WARNING] The provided value 'undefined' is not a valid enum value of type CanvasTextAlign. @ http://localhost:8000/js/rmmz_core.js:1676
[   72091ms] [WARNING] The provided value 'undefined' is not a valid enum value of type CanvasTextAlign. @ http://localhost:8000/js/rmmz_core.js:1676
[   72103ms] [WARNING] The provided value 'undefined' is not a valid enum value of type CanvasTextAlign. @ http://localhost:8000/js/rmmz_core.js:1676
[   72126ms] [WARNING] The provided value 'undefined' is not a valid enum value of type CanvasTextAlign. @ http://localhost:8000/js/rmmz_core.js:1676
[   72138ms] [WARNING] The provided value 'undefined' is not a valid enum value of type CanvasTextAlign. @ http://localhost:8000/js/rmmz_core.js:1676
[   72163ms] [WARNING] The provided value 'undefined' is not a valid enum value of type CanvasTextAlign. @ http://localhost:8000/js/rmmz_core.js:1676
[   72175ms] [WARNING] The provided value 'undefined' is not a valid enum value of type CanvasTextAlign. @ http://localhost:8000/js/rmmz_core.js:1676
[   72187ms] [WARNING] The provided value 'undefined' is not a valid enum value of type CanvasTextAlign. @ http://localhost:8000/js/rmmz_core.js:1676
[   72211ms] [WARNING] The provided value 'undefined' is not a valid enum value of type CanvasTextAlign. @ http://localhost:8000/js/rmmz_core.js:1676
[   72223ms] [WARNING] The provided value 'undefined' is not a valid enum value of type CanvasTextAlign. @ http://localhost:8000/js/rmmz_core.js:1676
[   72223ms] [WARNING] The provided value 'undefined' is not a valid enum value of type CanvasTextAlign. @ http://localhost:8000/js/rmmz_core.js:1676
[   72235ms] [WARNING] The provided value 'undefined' is not a valid enum value of type CanvasTextAlign. @ http://localhost:8000/js/rmmz_core.js:1676
[   72235ms] [WARNING] The provided value 'undefined' is not a valid enum value of type CanvasTextAlign. @ http://localhost:8000/js/rmmz_core.js:1676
[   72258ms] [WARNING] The provided value 'undefined' is not a valid enum value of type CanvasTextAlign. @ http://localhost:8000/js/rmmz_core.js:1676
[   72259ms] [WARNING] The provided value 'undefined' is not a valid enum value of type CanvasTextAlign. @ http://localhost:8000/js/rmmz_core.js:1676
[   72270ms] [WARNING] The provided value 'undefined' is not a valid enum value of type CanvasTextAlign. @ http://localhost:8000/js/rmmz_core.js:1676
[   72294ms] [WARNING] The provided value 'undefined' is not a valid enum value of type CanvasTextAlign. @ http://localhost:8000/js/rmmz_core.js:1676
[   72306ms] [WARNING] The provided value 'undefined' is not a valid enum value of type CanvasTextAlign. @ http://localhost:8000/js/rmmz_core.js:1676
[   72318ms] [WARNING] The provided value 'undefined' is not a valid enum value of type CanvasTextAlign. @ http://localhost:8000/js/rmmz_core.js:1676
[   72343ms] [WARNING] The provided value 'undefined' is not a valid enum value of type CanvasTextAlign. @ http://localhost:8000/js/rmmz_core.js:1676
[   72355ms] [WARNING] The provided value 'undefined' is not a valid enum value of type CanvasTextAlign. @ http://localhost:8000/js/rmmz_core.js:1676
[   72380ms] [WARNING] The provided value 'undefined' is not a valid enum value of type CanvasTextAlign. @ http://localhost:8000/js/rmmz_core.js:1676
[   72392ms] [WARNING] The provided value 'undefined' is not a valid enum value of type CanvasTextAlign. @ http://localhost:8000/js/rmmz_core.js:1676
[   72404ms] [WARNING] The provided value 'undefined' is not a valid enum value of type CanvasTextAlign. @ http://localhost:8000/js/rmmz_core.js:1676
[   72428ms] [WARNING] The provided value 'undefined' is not a valid enum value of type CanvasTextAlign. @ http://localhost:8000/js/rmmz_core.js:1676
[   72440ms] [WARNING] The provided value 'undefined' is not a valid enum value of type CanvasTextAlign. @ http://localhost:8000/js/rmmz_core.js:1676
[   72452ms] [WARNING] The provided value 'undefined' is not a valid enum value of type CanvasTextAlign. @ http://localhost:8000/js/rmmz_core.js:1676
[   72477ms] [WARNING] The provided value 'undefined' is not a valid enum value of type CanvasTextAlign. @ http://localhost:8000/js/rmmz_core.js:1676
[   72489ms] [WARNING] The provided value 'undefined' is not a valid enum value of type CanvasTextAlign. @ http://localhost:8000/js/rmmz_core.js:1676
[   72514ms] [WARNING] The provided value 'undefined' is not a valid enum value of type CanvasTextAlign. @ http://localhost:8000/js/rmmz_core.js:1676
[   72525ms] [WARNING] The provided value 'undefined' is not a valid enum value of type CanvasTextAlign. @ http://localhost:8000/js/rmmz_core.js:1676
[   72537ms] [WARNING] The provided value 'undefined' is not a valid enum value of type CanvasTextAlign. @ http://localhost:8000/js/rmmz_core.js:1676
[   72562ms] [WARNING] The provided value 'undefined' is not a valid enum value of type CanvasTextAlign. @ http://localhost:8000/js/rmmz_core.js:1676
[   72574ms] [WARNING] The provided value 'undefined' is not a valid enum value of type CanvasTextAlign. @ http://localhost:8000/js/rmmz_core.js:1676
[   72586ms] [WARNING] The provided value 'undefined' is not a valid enum value of type CanvasTextAlign. @ http://localhost:8000/js/rmmz_core.js:1676
[   72611ms] [WARNING] The provided value 'undefined' is not a valid enum value of type CanvasTextAlign. @ http://localhost:8000/js/rmmz_core.js:1676
[   72622ms] [WARNING] The provided value 'undefined' is not a valid enum value of type CanvasTextAlign. @ http://localhost:8000/js/rmmz_core.js:1676
[   72646ms] [WARNING] The provided value 'undefined' is not a valid enum value of type CanvasTextAlign. @ http://localhost:8000/js/rmmz_core.js:1676
[   72658ms] [WARNING] The provided value 'undefined' is not a valid enum value of type CanvasTextAlign. @ http://localhost:8000/js/rmmz_core.js:1676
[   72670ms] [WARNING] The provided value 'undefined' is not a valid enum value of type CanvasTextAlign. @ http://localhost:8000/js/rmmz_core.js:1676
[   72694ms] [WARNING] The provided value 'undefined' is not a valid enum value of type CanvasTextAlign. @ http://localhost:8000/js/rmmz_core.js:1676
[   72707ms] [WARNING] The provided value 'undefined' is not a valid enum value of type CanvasTextAlign. @ http://localhost:8000/js/rmmz_core.js:1676
[   72718ms] [WARNING] The provided value 'undefined' is not a valid enum value of type CanvasTextAlign. @ http://localhost:8000/js/rmmz_core.js:1676
[   72742ms] [WARNING] The provided value 'undefined' is not a valid enum value of type CanvasTextAlign. @ http://localhost:8000/js/rmmz_core.js:1676
[   72754ms] [WARNING] The provided value 'undefined' is not a valid enum value of type CanvasTextAlign. @ http://localhost:8000/js/rmmz_core.js:1676
[   72779ms] [WARNING] The provided value 'undefined' is not a valid enum value of type CanvasTextAlign. @ http://localhost:8000/js/rmmz_core.js:1676
[   72791ms] [WARNING] The provided value 'undefined' is not a valid enum value of type CanvasTextAlign. @ http://localhost:8000/js/rmmz_core.js:1676
[   72803ms] [WARNING] The provided value 'undefined' is not a valid enum value of type CanvasTextAlign. @ http://localhost:8000/js/rmmz_core.js:1676
[   72827ms] [WARNING] The provided value 'undefined' is not a valid enum value of type CanvasTextAlign. @ http://localhost:8000/js/rmmz_core.js:1676
[   72839ms] [WARNING] The provided value 'undefined' is not a valid enum value of type CanvasTextAlign. @ http://localhost:8000/js/rmmz_core.js:1676
[   72864ms] [WARNING] The provided value 'undefined' is not a valid enum value of type CanvasTextAlign. @ http://localhost:8000/js/rmmz_core.js:1676
[   72876ms] [WARNING] The provided value 'undefined' is not a valid enum value of type CanvasTextAlign. @ http://localhost:8000/js/rmmz_core.js:1676
[   72888ms] [WARNING] The provided value 'undefined' is not a valid enum value of type CanvasTextAlign. @ http://localhost:8000/js/rmmz_core.js:1676
[   72912ms] [WARNING] The provided value 'undefined' is not a valid enum value of type CanvasTextAlign. @ http://localhost:8000/js/rmmz_core.js:1676
[   72923ms] [WARNING] The provided value 'undefined' is not a valid enum value of type CanvasTextAlign. @ http://localhost:8000/js/rmmz_core.js:1676
[   72947ms] [WARNING] The provided value 'undefined' is not a valid enum value of type CanvasTextAlign. @ http://localhost:8000/js/rmmz_core.js:1676
[   72959ms] [WARNING] The provided value 'undefined' is not a valid enum value of type CanvasTextAlign. @ http://localhost:8000/js/rmmz_core.js:1676
[   72971ms] [WARNING] The provided value 'undefined' is not a valid enum value of type CanvasTextAlign. @ http://localhost:8000/js/rmmz_core.js:1676
[   72995ms] [WARNING] The provided value 'undefined' is not a valid enum value of type CanvasTextAlign. @ http://localhost:8000/js/rmmz_core.js:1676
[   73008ms] [WARNING] The provided value 'undefined' is not a valid enum value of type CanvasTextAlign. @ http://localhost:8000/js/rmmz_core.js:1676
[   73020ms] [WARNING] The provided value 'undefined' is not a valid enum value of type CanvasTextAlign. @ http://localhost:8000/js/rmmz_core.js:1676
[   73044ms] [WARNING] The provided value 'undefined' is not a valid enum value of type CanvasTextAlign. @ http://localhost:8000/js/rmmz_core.js:1676
[   73055ms] [WARNING] The provided value 'undefined' is not a valid enum value of type CanvasTextAlign. @ http://localhost:8000/js/rmmz_core.js:1676
[   73080ms] [WARNING] The provided value 'undefined' is not a valid enum value of type CanvasTextAlign. @ http://localhost:8000/js/rmmz_core.js:1676
[   73092ms] [WARNING] The provided value 'undefined' is not a valid enum value of type CanvasTextAlign. @ http://localhost:8000/js/rmmz_core.js:1676
[   73104ms] [WARNING] The provided value 'undefined' is not a valid enum value of type CanvasTextAlign. @ http://localhost:8000/js/rmmz_core.js:1676
[   73129ms] [WARNING] The provided value 'undefined' is not a valid enum value of type CanvasTextAlign. @ http://localhost:8000/js/rmmz_core.js:1676
[   73140ms] [WARNING] The provided value 'undefined' is not a valid enum value of type CanvasTextAlign. @ http://localhost:8000/js/rmmz_core.js:1676
[   73140ms] [WARNING] The provided value 'undefined' is not a valid enum value of type CanvasTextAlign. @ http://localhost:8000/js/rmmz_core.js:1676
[   88063ms] [WARNING] The provided value 'undefined' is not a valid enum value of type CanvasTextAlign. @ http://localhost:8000/js/rmmz_core.js:1676
[   88063ms] [WARNING] The provided value 'undefined' is not a valid enum value of type CanvasTextAlign. @ http://localhost:8000/js/rmmz_core.js:1676
[   88064ms] [WARNING] The provided value 'undefined' is not a valid enum value of type CanvasTextAlign. @ http://localhost:8000/js/rmmz_core.js:1676
[   88064ms] [WARNING] The provided value 'undefined' is not a valid enum value of type CanvasTextAlign. @ http://localhost:8000/js/rmmz_core.js:1676
[   88064ms] [WARNING] The provided value 'undefined' is not a valid enum value of type CanvasTextAlign. @ http://localhost:8000/js/rmmz_core.js:1676
[   88064ms] [WARNING] The provided value 'undefined' is not a valid enum value of type CanvasTextAlign. @ http://localhost:8000/js/rmmz_core.js:1676
[   88064ms] [WARNING] The provided value 'undefined' is not a valid enum value of type CanvasTextAlign. @ http://localhost:8000/js/rmmz_core.js:1676
[   88064ms] [WARNING] The provided value 'undefined' is not a valid enum value of type CanvasTextAlign. @ http://localhost:8000/js/rmmz_core.js:1676
[   88064ms] [WARNING] The provided value 'undefined' is not a valid enum value of type CanvasTextAlign. @ http://localhost:8000/js/rmmz_core.js:1676
[   88065ms] [WARNING] The provided value 'undefined' is not a valid enum value of type CanvasTextAlign. @ http://localhost:8000/js/rmmz_core.js:1676
[   88065ms] [WARNING] The provided value 'undefined' is not a valid enum value of type CanvasTextAlign. @ http://localhost:8000/js/rmmz_core.js:1676
[   88065ms] [WARNING] The provided value 'undefined' is not a valid enum value of type CanvasTextAlign. @ http://localhost:8000/js/rmmz_core.js:1676
[   88065ms] [WARNING] The provided value 'undefined' is not a valid enum value of type CanvasTextAlign. @ http://localhost:8000/js/rmmz_core.js:1676
[   88065ms] [WARNING] The provided value 'undefined' is not a valid enum value of type CanvasTextAlign. @ http://localhost:8000/js/rmmz_core.js:1676
[   88065ms] [WARNING] The provided value 'undefined' is not a valid enum value of type CanvasTextAlign. @ http://localhost:8000/js/rmmz_core.js:1676
[   88066ms] [WARNING] The provided value 'undefined' is not a valid enum value of type CanvasTextAlign. @ http://localhost:8000/js/rmmz_core.js:1676
[   88066ms] [WARNING] The provided value 'undefined' is not a valid enum value of type CanvasTextAlign. @ http://localhost:8000/js/rmmz_core.js:1676
[   88066ms] [WARNING] The provided value 'undefined' is not a valid enum value of type CanvasTextAlign. @ http://localhost:8000/js/rmmz_core.js:1676
[   88066ms] [WARNING] The provided value 'undefined' is not a valid enum value of type CanvasTextAlign. @ http://localhost:8000/js/rmmz_core.js:1676
[   88066ms] [WARNING] The provided value 'undefined' is not a valid enum value of type CanvasTextAlign. @ http://localhost:8000/js/rmmz_core.js:1676
[   88066ms] [WARNING] The provided value 'undefined' is not a valid enum value of type CanvasTextAlign. @ http://localhost:8000/js/rmmz_core.js:1676
[   88066ms] [WARNING] The provided value 'undefined' is not a valid enum value of type CanvasTextAlign. @ http://localhost:8000/js/rmmz_core.js:1676
[   88067ms] [WARNING] The provided value 'undefined' is not a valid enum value of type CanvasTextAlign. @ http://localhost:8000/js/rmmz_core.js:1676
[   88067ms] [WARNING] The provided value 'undefined' is not a valid enum value of type CanvasTextAlign. @ http://localhost:8000/js/rmmz_core.js:1676
[   88067ms] [WARNING] The provided value 'undefined' is not a valid enum value of type CanvasTextAlign. @ http://localhost:8000/js/rmmz_core.js:1676
[   88067ms] [WARNING] The provided value 'undefined' is not a valid enum value of type CanvasTextAlign. @ http://localhost:8000/js/rmmz_core.js:1676
[   88067ms] [WARNING] The provided value 'undefined' is not a valid enum value of type CanvasTextAlign. @ http://localhost:8000/js/rmmz_core.js:1676
[   88067ms] [WARNING] The provided value 'undefined' is not a valid enum value of type CanvasTextAlign. @ http://localhost:8000/js/rmmz_core.js:1676
[   88067ms] [WARNING] The provided value 'undefined' is not a valid enum value of type CanvasTextAlign. @ http://localhost:8000/js/rmmz_core.js:1676
[   88068ms] [WARNING] The provided value 'undefined' is not a valid enum value of type CanvasTextAlign. @ http://localhost:8000/js/rmmz_core.js:1676
[   88068ms] [WARNING] The provided value 'undefined' is not a valid enum value of type CanvasTextAlign. @ http://localhost:8000/js/rmmz_core.js:1676
[   88068ms] [WARNING] The provided value 'undefined' is not a valid enum value of type CanvasTextAlign. @ http://localhost:8000/js/rmmz_core.js:1676
[   88068ms] [WARNING] The provided value 'undefined' is not a valid enum value of type CanvasTextAlign. @ http://localhost:8000/js/rmmz_core.js:1676
[   88068ms] [WARNING] The provided value 'undefined' is not a valid enum value of type CanvasTextAlign. @ http://localhost:8000/js/rmmz_core.js:1676
[   88068ms] [WARNING] The provided value 'undefined' is not a valid enum value of type CanvasTextAlign. @ http://localhost:8000/js/rmmz_core.js:1676
[   88068ms] [WARNING] The provided value 'undefined' is not a valid enum value of type CanvasTextAlign. @ http://localhost:8000/js/rmmz_core.js:1676
[   88068ms] [WARNING] The provided value 'undefined' is not a valid enum value of type CanvasTextAlign. @ http://localhost:8000/js/rmmz_core.js:1676
[   88069ms] [WARNING] The provided value 'undefined' is not a valid enum value of type CanvasTextAlign. @ http://localhost:8000/js/rmmz_core.js:1676
[   88069ms] [WARNING] The provided value 'undefined' is not a valid enum value of type CanvasTextAlign. @ http://localhost:8000/js/rmmz_core.js:1676
[   88069ms] [WARNING] The provided value 'undefined' is not a valid enum value of type CanvasTextAlign. @ http://localhost:8000/js/rmmz_core.js:1676
[   88069ms] [WARNING] The provided value 'undefined' is not a valid enum value of type CanvasTextAlign. @ http://localhost:8000/js/rmmz_core.js:1676
[   88069ms] [WARNING] The provided value 'undefined' is not a valid enum value of type CanvasTextAlign. @ http://localhost:8000/js/rmmz_core.js:1676
[   88069ms] [WARNING] The provided value 'undefined' is not a valid enum value of type CanvasTextAlign. @ http://localhost:8000/js/rmmz_core.js:1676
[   88069ms] [WARNING] The provided value 'undefined' is not a valid enum value of type CanvasTextAlign. @ http://localhost:8000/js/rmmz_core.js:1676
[   88069ms] [WARNING] The provided value 'undefined' is not a valid enum value of type CanvasTextAlign. @ http://localhost:8000/js/rmmz_core.js:1676
[   88078ms] [WARNING] The provided value 'undefined' is not a valid enum value of type CanvasTextAlign. @ http://localhost:8000/js/rmmz_core.js:1676
[   88078ms] [WARNING] The provided value 'undefined' is not a valid enum value of type CanvasTextAlign. @ http://localhost:8000/js/rmmz_core.js:1676
[   88079ms] [WARNING] The provided value 'undefined' is not a valid enum value of type CanvasTextAlign. @ http://localhost:8000/js/rmmz_core.js:1676
[   88079ms] [WARNING] The provided value 'undefined' is not a valid enum value of type CanvasTextAlign. @ http://localhost:8000/js/rmmz_core.js:1676
[   88079ms] [WARNING] The provided value 'undefined' is not a valid enum value of type CanvasTextAlign. @ http://localhost:8000/js/rmmz_core.js:1676
[   88079ms] [WARNING] The provided value 'undefined' is not a valid enum value of type CanvasTextAlign. @ http://localhost:8000/js/rmmz_core.js:1676
[   88079ms] [WARNING] The provided value 'undefined' is not a valid enum value of type CanvasTextAlign. @ http://localhost:8000/js/rmmz_core.js:1676
[   88079ms] [WARNING] The provided value 'undefined' is not a valid enum value of type CanvasTextAlign. @ http://localhost:8000/js/rmmz_core.js:1676
[   88080ms] [WARNING] The provided value 'undefined' is not a valid enum value of type CanvasTextAlign. @ http://localhost:8000/js/rmmz_core.js:1676
[   88080ms] [WARNING] The provided value 'undefined' is not a valid enum value of type CanvasTextAlign. @ http://localhost:8000/js/rmmz_core.js:1676
[   88080ms] [WARNING] The provided value 'undefined' is not a valid enum value of type CanvasTextAlign. @ http://localhost:8000/js/rmmz_core.js:1676
[   88080ms] [WARNING] The provided value 'undefined' is not a valid enum value of type CanvasTextAlign. @ http://localhost:8000/js/rmmz_core.js:1676
[   88080ms] [WARNING] The provided value 'undefined' is not a valid enum value of type CanvasTextAlign. @ http://localhost:8000/js/rmmz_core.js:1676
[   88080ms] [WARNING] The provided value 'undefined' is not a valid enum value of type CanvasTextAlign. @ http://localhost:8000/js/rmmz_core.js:1676
[   88081ms] [WARNING] The provided value 'undefined' is not a valid enum value of type CanvasTextAlign. @ http://localhost:8000/js/rmmz_core.js:1676
[   88081ms] [WARNING] The provided value 'undefined' is not a valid enum value of type CanvasTextAlign. @ http://localhost:8000/js/rmmz_core.js:1676
[   88081ms] [WARNING] The provided value 'undefined' is not a valid enum value of type CanvasTextAlign. @ http://localhost:8000/js/rmmz_core.js:1676
[   88081ms] [WARNING] The provided value 'undefined' is not a valid enum value of type CanvasTextAlign. @ http://localhost:8000/js/rmmz_core.js:1676
[   88081ms] [WARNING] The provided value 'undefined' is not a valid enum value of type CanvasTextAlign. @ http://localhost:8000/js/rmmz_core.js:1676
[   88081ms] [WARNING] The provided value 'undefined' is not a valid enum value of type CanvasTextAlign. @ http://localhost:8000/js/rmmz_core.js:1676
[   88081ms] [WARNING] The provided value 'undefined' is not a valid enum value of type CanvasTextAlign. @ http://localhost:8000/js/rmmz_core.js:1676
[   88082ms] [WARNING] The provided value 'undefined' is not a valid enum value of type CanvasTextAlign. @ http://localhost:8000/js/rmmz_core.js:1676
[   88082ms] [WARNING] The provided value 'undefined' is not a valid enum value of type CanvasTextAlign. @ http://localhost:8000/js/rmmz_core.js:1676
[   88082ms] [WARNING] The provided value 'undefined' is not a valid enum value of type CanvasTextAlign. @ http://localhost:8000/js/rmmz_core.js:1676
[   88082ms] [WARNING] The provided value 'undefined' is not a valid enum value of type CanvasTextAlign. @ http://localhost:8000/js/rmmz_core.js:1676
[   88082ms] [WARNING] The provided value 'undefined' is not a valid enum value of type CanvasTextAlign. @ http://localhost:8000/js/rmmz_core.js:1676
[   88082ms] [WARNING] The provided value 'undefined' is not a valid enum value of type CanvasTextAlign. @ http://localhost:8000/js/rmmz_core.js:1676
[   88082ms] [WARNING] The provided value 'undefined' is not a valid enum value of type CanvasTextAlign. @ http://localhost:8000/js/rmmz_core.js:1676
[   88082ms] [WARNING] The provided value 'undefined' is not a valid enum value of type CanvasTextAlign. @ http://localhost:8000/js/rmmz_core.js:1676
[   88083ms] [WARNING] The provided value 'undefined' is not a valid enum value of type CanvasTextAlign. @ http://localhost:8000/js/rmmz_core.js:1676
[   88083ms] [WARNING] The provided value 'undefined' is not a valid enum value of type CanvasTextAlign. @ http://localhost:8000/js/rmmz_core.js:1676
[   88083ms] [WARNING] The provided value 'undefined' is not a valid enum value of type CanvasTextAlign. @ http://localhost:8000/js/rmmz_core.js:1676
[   88083ms] [WARNING] The provided value 'undefined' is not a valid enum value of type CanvasTextAlign. @ http://localhost:8000/js/rmmz_core.js:1676
[   88083ms] [WARNING] The provided value 'undefined' is not a valid enum value of type CanvasTextAlign. @ http://localhost:8000/js/rmmz_core.js:1676
[   88083ms] [WARNING] The provided value 'undefined' is not a valid enum value of type CanvasTextAlign. @ http://localhost:8000/js/rmmz_core.js:1676
[   88083ms] [WARNING] The provided value 'undefined' is not a valid enum value of type CanvasTextAlign. @ http://localhost:8000/js/rmmz_core.js:1676
[   88083ms] [WARNING] The provided value 'undefined' is not a valid enum value of type CanvasTextAlign. @ http://localhost:8000/js/rmmz_core.js:1676
[   88084ms] [WARNING] The provided value 'undefined' is not a valid enum value of type CanvasTextAlign. @ http://localhost:8000/js/rmmz_core.js:1676
[   88084ms] [WARNING] The provided value 'undefined' is not a valid enum value of type CanvasTextAlign. @ http://localhost:8000/js/rmmz_core.js:1676
[   88084ms] [WARNING] The provided value 'undefined' is not a valid enum value of type CanvasTextAlign. @ http://localhost:8000/js/rmmz_core.js:1676
[   88084ms] [WARNING] The provided value 'undefined' is not a valid enum value of type CanvasTextAlign. @ http://localhost:8000/js/rmmz_core.js:1676
[   88084ms] [WARNING] The provided value 'undefined' is not a valid enum value of type CanvasTextAlign. @ http://localhost:8000/js/rmmz_core.js:1676
[   88084ms] [WARNING] The provided value 'undefined' is not a valid enum value of type CanvasTextAlign. @ http://localhost:8000/js/rmmz_core.js:1676
[   88084ms] [WARNING] The provided value 'undefined' is not a valid enum value of type CanvasTextAlign. @ http://localhost:8000/js/rmmz_core.js:1676
[   88084ms] [WARNING] The provided value 'undefined' is not a valid enum value of type CanvasTextAlign. @ http://localhost:8000/js/rmmz_core.js:1676
[   88085ms] [WARNING] The provided value 'undefined' is not a valid enum value of type CanvasTextAlign. @ http://localhost:8000/js/rmmz_core.js:1676
[   88086ms] [WARNING] The provided value 'undefined' is not a valid enum value of type CanvasTextAlign. @ http://localhost:8000/js/rmmz_core.js:1676
[   88086ms] [WARNING] The provided value 'undefined' is not a valid enum value of type CanvasTextAlign. @ http://localhost:8000/js/rmmz_core.js:1676
[   88086ms] [WARNING] The provided value 'undefined' is not a valid enum value of type CanvasTextAlign. @ http://localhost:8000/js/rmmz_core.js:1676
[   88086ms] [WARNING] The provided value 'undefined' is not a valid enum value of type CanvasTextAlign. @ http://localhost:8000/js/rmmz_core.js:1676
[   88086ms] [WARNING] The provided value 'undefined' is not a valid enum value of type CanvasTextAlign. @ http://localhost:8000/js/rmmz_core.js:1676
[   88086ms] [WARNING] The provided value 'undefined' is not a valid enum value of type CanvasTextAlign. @ http://localhost:8000/js/rmmz_core.js:1676
[   88086ms] [WARNING] The provided value 'undefined' is not a valid enum value of type CanvasTextAlign. @ http://localhost:8000/js/rmmz_core.js:1676
[   88086ms] [WARNING] The provided value 'undefined' is not a valid enum value of type CanvasTextAlign. @ http://localhost:8000/js/rmmz_core.js:1676
[   88087ms] [WARNING] The provided value 'undefined' is not a valid enum value of type CanvasTextAlign. @ http://localhost:8000/js/rmmz_core.js:1676
[   88087ms] [WARNING] The provided value 'undefined' is not a valid enum value of type CanvasTextAlign. @ http://localhost:8000/js/rmmz_core.js:1676
[   88087ms] [WARNING] The provided value 'undefined' is not a valid enum value of type CanvasTextAlign. @ http://localhost:8000/js/rmmz_core.js:1676
[   88087ms] [WARNING] The provided value 'undefined' is not a valid enum value of type CanvasTextAlign. @ http://localhost:8000/js/rmmz_core.js:1676
[   88088ms] [WARNING] The provided value 'undefined' is not a valid enum value of type CanvasTextAlign. @ http://localhost:8000/js/rmmz_core.js:1676
[   88088ms] [WARNING] The provided value 'undefined' is not a valid enum value of type CanvasTextAlign. @ http://localhost:8000/js/rmmz_core.js:1676
[   88088ms] [WARNING] The provided value 'undefined' is not a valid enum value of type CanvasTextAlign. @ http://localhost:8000/js/rmmz_core.js:1676
[   88088ms] [WARNING] The provided value 'undefined' is not a valid enum value of type CanvasTextAlign. @ http://localhost:8000/js/rmmz_core.js:1676
[   88088ms] [WARNING] The provided value 'undefined' is not a valid enum value of type CanvasTextAlign. @ http://localhost:8000/js/rmmz_core.js:1676
[   88088ms] [WARNING] The provided value 'undefined' is not a valid enum value of type CanvasTextAlign. @ http://localhost:8000/js/rmmz_core.js:1676
[   88088ms] [WARNING] The provided value 'undefined' is not a valid enum value of type CanvasTextAlign. @ http://localhost:8000/js/rmmz_core.js:1676
[   88089ms] [WARNING] The provided value 'undefined' is not a valid enum value of type CanvasTextAlign. @ http://localhost:8000/js/rmmz_core.js:1676
[   88089ms] [WARNING] The provided value 'undefined' is not a valid enum value of type CanvasTextAlign. @ http://localhost:8000/js/rmmz_core.js:1676
[   88089ms] [WARNING] The provided value 'undefined' is not a valid enum value of type CanvasTextAlign. @ http://localhost:8000/js/rmmz_core.js:1676
[   88089ms] [WARNING] The provided value 'undefined' is not a valid enum value of type CanvasTextAlign. @ http://localhost:8000/js/rmmz_core.js:1676
[   88089ms] [WARNING] The provided value 'undefined' is not a valid enum value of type CanvasTextAlign. @ http://localhost:8000/js/rmmz_core.js:1676
[   88089ms] [WARNING] The provided value 'undefined' is not a valid enum value of type CanvasTextAlign. @ http://localhost:8000/js/rmmz_core.js:1676
[   88089ms] [WARNING] The provided value 'undefined' is not a valid enum value of type CanvasTextAlign. @ http://localhost:8000/js/rmmz_core.js:1676
[   88089ms] [WARNING] The provided value 'undefined' is not a valid enum value of type CanvasTextAlign. @ http://localhost:8000/js/rmmz_core.js:1676
[   88090ms] [WARNING] The provided value 'undefined' is not a valid enum value of type CanvasTextAlign. @ http://localhost:8000/js/rmmz_core.js:1676
[   88090ms] [WARNING] The provided value 'undefined' is not a valid enum value of type CanvasTextAlign. @ http://localhost:8000/js/rmmz_core.js:1676
[   88090ms] [WARNING] The provided value 'undefined' is not a valid enum value of type CanvasTextAlign. @ http://localhost:8000/js/rmmz_core.js:1676
[   88090ms] [WARNING] The provided value 'undefined' is not a valid enum value of type CanvasTextAlign. @ http://localhost:8000/js/rmmz_core.js:1676
[   88090ms] [WARNING] The provided value 'undefined' is not a valid enum value of type CanvasTextAlign. @ http://localhost:8000/js/rmmz_core.js:1676
[   88090ms] [WARNING] The provided value 'undefined' is not a valid enum value of type CanvasTextAlign. @ http://localhost:8000/js/rmmz_core.js:1676
[   88090ms] [WARNING] The provided value 'undefined' is not a valid enum value of type CanvasTextAlign. @ http://localhost:8000/js/rmmz_core.js:1676
[   88090ms] [WARNING] The provided value 'undefined' is not a valid enum value of type CanvasTextAlign. @ http://localhost:8000/js/rmmz_core.js:1676
[   88091ms] [WARNING] The provided value 'undefined' is not a valid enum value of type CanvasTextAlign. @ http://localhost:8000/js/rmmz_core.js:1676
[   88091ms] [WARNING] The provided value 'undefined' is not a valid enum value of type CanvasTextAlign. @ http://localhost:8000/js/rmmz_core.js:1676
[   88091ms] [WARNING] The provided value 'undefined' is not a valid enum value of type CanvasTextAlign. @ http://localhost:8000/js/rmmz_core.js:1676
[   88091ms] [WARNING] The provided value 'undefined' is not a valid enum value of type CanvasTextAlign. @ http://localhost:8000/js/rmmz_core.js:1676
[   88091ms] [WARNING] The provided value 'undefined' is not a valid enum value of type CanvasTextAlign. @ http://localhost:8000/js/rmmz_core.js:1676
[   88092ms] [WARNING] The provided value 'undefined' is not a valid enum value of type CanvasTextAlign. @ http://localhost:8000/js/rmmz_core.js:1676
[   88092ms] [WARNING] The provided value 'undefined' is not a valid enum value of type CanvasTextAlign. @ http://localhost:8000/js/rmmz_core.js:1676
[   88092ms] [WARNING] The provided value 'undefined' is not a valid enum value of type CanvasTextAlign. @ http://localhost:8000/js/rmmz_core.js:1676
[   88092ms] [WARNING] The provided value 'undefined' is not a valid enum value of type CanvasTextAlign. @ http://localhost:8000/js/rmmz_core.js:1676
[   88092ms] [WARNING] The provided value 'undefined' is not a valid enum value of type CanvasTextAlign. @ http://localhost:8000/js/rmmz_core.js:1676
[   88092ms] [WARNING] The provided value 'undefined' is not a valid enum value of type CanvasTextAlign. @ http://localhost:8000/js/rmmz_core.js:1676
[   88092ms] [WARNING] The provided value 'undefined' is not a valid enum value of type CanvasTextAlign. @ http://localhost:8000/js/rmmz_core.js:1676
[   88092ms] [WARNING] The provided value 'undefined' is not a valid enum value of type CanvasTextAlign. @ http://localhost:8000/js/rmmz_core.js:1676
[   88093ms] [WARNING] The provided value 'undefined' is not a valid enum value of type CanvasTextAlign. @ http://localhost:8000/js/rmmz_core.js:1676
[   88093ms] [WARNING] The provided value 'undefined' is not a valid enum value of type CanvasTextAlign. @ http://localhost:8000/js/rmmz_core.js:1676
[   88093ms] [WARNING] The provided value 'undefined' is not a valid enum value of type CanvasTextAlign. @ http://localhost:8000/js/rmmz_core.js:1676
[   88093ms] [WARNING] The provided value 'undefined' is not a valid enum value of type CanvasTextAlign. @ http://localhost:8000/js/rmmz_core.js:1676
[   88093ms] [WARNING] The provided value 'undefined' is not a valid enum value of type CanvasTextAlign. @ http://localhost:8000/js/rmmz_core.js:1676
[   88093ms] [WARNING] The provided value 'undefined' is not a valid enum value of type CanvasTextAlign. @ http://localhost:8000/js/rmmz_core.js:1676
[   88094ms] [WARNING] The provided value 'undefined' is not a valid enum value of type CanvasTextAlign. @ http://localhost:8000/js/rmmz_core.js:1676
[   88094ms] [WARNING] The provided value 'undefined' is not a valid enum value of type CanvasTextAlign. @ http://localhost:8000/js/rmmz_core.js:1676
[   88094ms] [WARNING] The provided value 'undefined' is not a valid enum value of type CanvasTextAlign. @ http://localhost:8000/js/rmmz_core.js:1676
[   88094ms] [WARNING] The provided value 'undefined' is not a valid enum value of type CanvasTextAlign. @ http://localhost:8000/js/rmmz_core.js:1676
[   88094ms] [WARNING] The provided value 'undefined' is not a valid enum value of type CanvasTextAlign. @ http://localhost:8000/js/rmmz_core.js:1676
[   88095ms] [WARNING] The provided value 'undefined' is not a valid enum value of type CanvasTextAlign. @ http://localhost:8000/js/rmmz_core.js:1676
[   88095ms] [WARNING] The provided value 'undefined' is not a valid enum value of type CanvasTextAlign. @ http://localhost:8000/js/rmmz_core.js:1676
[   88095ms] [WARNING] The provided value 'undefined' is not a valid enum value of type CanvasTextAlign. @ http://localhost:8000/js/rmmz_core.js:1676
[   88095ms] [WARNING] The provided value 'undefined' is not a valid enum value of type CanvasTextAlign. @ http://localhost:8000/js/rmmz_core.js:1676
[   88095ms] [WARNING] The provided value 'undefined' is not a valid enum value of type CanvasTextAlign. @ http://localhost:8000/js/rmmz_core.js:1676
[   88095ms] [WARNING] The provided value 'undefined' is not a valid enum value of type CanvasTextAlign. @ http://localhost:8000/js/rmmz_core.js:1676
[   88095ms] [WARNING] The provided value 'undefined' is not a valid enum value of type CanvasTextAlign. @ http://localhost:8000/js/rmmz_core.js:1676
[   88095ms] [WARNING] The provided value 'undefined' is not a valid enum value of type CanvasTextAlign. @ http://localhost:8000/js/rmmz_core.js:1676
[   88096ms] [WARNING] The provided value 'undefined' is not a valid enum value of type CanvasTextAlign. @ http://localhost:8000/js/rmmz_core.js:1676
[   88096ms] [WARNING] The provided value 'undefined' is not a valid enum value of type CanvasTextAlign. @ http://localhost:8000/js/rmmz_core.js:1676
[   88096ms] [WARNING] The provided value 'undefined' is not a valid enum value of type CanvasTextAlign. @ http://localhost:8000/js/rmmz_core.js:1676
[   88097ms] [WARNING] The provided value 'undefined' is not a valid enum value of type CanvasTextAlign. @ http://localhost:8000/js/rmmz_core.js:1676
[   88097ms] [WARNING] The provided value 'undefined' is not a valid enum value of type CanvasTextAlign. @ http://localhost:8000/js/rmmz_core.js:1676
[   88097ms] [WARNING] The provided value 'undefined' is not a valid enum value of type CanvasTextAlign. @ http://localhost:8000/js/rmmz_core.js:1676
[   88097ms] [WARNING] The provided value 'undefined' is not a valid enum value of type CanvasTextAlign. @ http://localhost:8000/js/rmmz_core.js:1676
[   88097ms] [WARNING] The provided value 'undefined' is not a valid enum value of type CanvasTextAlign. @ http://localhost:8000/js/rmmz_core.js:1676
[   88097ms] [WARNING] The provided value 'undefined' is not a valid enum value of type CanvasTextAlign. @ http://localhost:8000/js/rmmz_core.js:1676
[   88098ms] [WARNING] The provided value 'undefined' is not a valid enum value of type CanvasTextAlign. @ http://localhost:8000/js/rmmz_core.js:1676
[   88098ms] [WARNING] The provided value 'undefined' is not a valid enum value of type CanvasTextAlign. @ http://localhost:8000/js/rmmz_core.js:1676
[   88098ms] [WARNING] The provided value 'undefined' is not a valid enum value of type CanvasTextAlign. @ http://localhost:8000/js/rmmz_core.js:1676
[   88098ms] [WARNING] The provided value 'undefined' is not a valid enum value of type CanvasTextAlign. @ http://localhost:8000/js/rmmz_core.js:1676
[   88098ms] [WARNING] The provided value 'undefined' is not a valid enum value of type CanvasTextAlign. @ http://localhost:8000/js/rmmz_core.js:1676
[   88372ms] [WARNING] The provided value 'undefined' is not a valid enum value of type CanvasTextAlign. @ http://localhost:8000/js/rmmz_core.js:1676
[   88372ms] [WARNING] The provided value 'undefined' is not a valid enum value of type CanvasTextAlign. @ http://localhost:8000/js/rmmz_core.js:1676
[   88372ms] [WARNING] The provided value 'undefined' is not a valid enum value of type CanvasTextAlign. @ http://localhost:8000/js/rmmz_core.js:1676
[   88372ms] [WARNING] The provided value 'undefined' is not a valid enum value of type CanvasTextAlign. @ http://localhost:8000/js/rmmz_core.js:1676
[   88372ms] [WARNING] The provided value 'undefined' is not a valid enum value of type CanvasTextAlign. @ http://localhost:8000/js/rmmz_core.js:1676
[   88373ms] [WARNING] The provided value 'undefined' is not a valid enum value of type CanvasTextAlign. @ http://localhost:8000/js/rmmz_core.js:1676
[   88373ms] [WARNING] The provided value 'undefined' is not a valid enum value of type CanvasTextAlign. @ http://localhost:8000/js/rmmz_core.js:1676
[   88373ms] [WARNING] The provided value 'undefined' is not a valid enum value of type CanvasTextAlign. @ http://localhost:8000/js/rmmz_core.js:1676
[   88373ms] [WARNING] The provided value 'undefined' is not a valid enum value of type CanvasTextAlign. @ http://localhost:8000/js/rmmz_core.js:1676
[   88373ms] [WARNING] The provided value 'undefined' is not a valid enum value of type CanvasTextAlign. @ http://localhost:8000/js/rmmz_core.js:1676
[   88373ms] [WARNING] The provided value 'undefined' is not a valid enum value of type CanvasTextAlign. @ http://localhost:8000/js/rmmz_core.js:1676
[   88373ms] [WARNING] The provided value 'undefined' is not a valid enum value of type CanvasTextAlign. @ http://localhost:8000/js/rmmz_core.js:1676
[   88374ms] [WARNING] The provided value 'undefined' is not a valid enum value of type CanvasTextAlign. @ http://localhost:8000/js/rmmz_core.js:1676
[   88374ms] [WARNING] The provided value 'undefined' is not a valid enum value of type CanvasTextAlign. @ http://localhost:8000/js/rmmz_core.js:1676
[   88374ms] [WARNING] The provided value 'undefined' is not a valid enum value of type CanvasTextAlign. @ http://localhost:8000/js/rmmz_core.js:1676
[   88374ms] [WARNING] The provided value 'undefined' is not a valid enum value of type CanvasTextAlign. @ http://localhost:8000/js/rmmz_core.js:1676
[   88374ms] [WARNING] The provided value 'undefined' is not a valid enum value of type CanvasTextAlign. @ http://localhost:8000/js/rmmz_core.js:1676
[   88374ms] [WARNING] The provided value 'undefined' is not a valid enum value of type CanvasTextAlign. @ http://localhost:8000/js/rmmz_core.js:1676
[   88374ms] [WARNING] The provided value 'undefined' is not a valid enum value of type CanvasTextAlign. @ http://localhost:8000/js/rmmz_core.js:1676
[   88375ms] [WARNING] The provided value 'undefined' is not a valid enum value of type CanvasTextAlign. @ http://localhost:8000/js/rmmz_core.js:1676
[   88375ms] [WARNING] The provided value 'undefined' is not a valid enum value of type CanvasTextAlign. @ http://localhost:8000/js/rmmz_core.js:1676
[   88375ms] [WARNING] The provided value 'undefined' is not a valid enum value of type CanvasTextAlign. @ http://localhost:8000/js/rmmz_core.js:1676
[   88375ms] [WARNING] The provided value 'undefined' is not a valid enum value of type CanvasTextAlign. @ http://localhost:8000/js/rmmz_core.js:1676
[   88375ms] [WARNING] The provided value 'undefined' is not a valid enum value of type CanvasTextAlign. @ http://localhost:8000/js/rmmz_core.js:1676
[   88375ms] [WARNING] The provided value 'undefined' is not a valid enum value of type CanvasTextAlign. @ http://localhost:8000/js/rmmz_core.js:1676
[   88375ms] [WARNING] The provided value 'undefined' is not a valid enum value of type CanvasTextAlign. @ http://localhost:8000/js/rmmz_core.js:1676
[   88375ms] [WARNING] The provided value 'undefined' is not a valid enum value of type CanvasTextAlign. @ http://localhost:8000/js/rmmz_core.js:1676
[   88376ms] [WARNING] The provided value 'undefined' is not a valid enum value of type CanvasTextAlign. @ http://localhost:8000/js/rmmz_core.js:1676
[   88376ms] [WARNING] The provided value 'undefined' is not a valid enum value of type CanvasTextAlign. @ http://localhost:8000/js/rmmz_core.js:1676
[   88376ms] [WARNING] The provided value 'undefined' is not a valid enum value of type CanvasTextAlign. @ http://localhost:8000/js/rmmz_core.js:1676
[   88376ms] [WARNING] The provided value 'undefined' is not a valid enum value of type CanvasTextAlign. @ http://localhost:8000/js/rmmz_core.js:1676
[   88376ms] [WARNING] The provided value 'undefined' is not a valid enum value of type CanvasTextAlign. @ http://localhost:8000/js/rmmz_core.js:1676
[   88376ms] [WARNING] The provided value 'undefined' is not a valid enum value of type CanvasTextAlign. @ http://localhost:8000/js/rmmz_core.js:1676
[   88376ms] [WARNING] The provided value 'undefined' is not a valid enum value of type CanvasTextAlign. @ http://localhost:8000/js/rmmz_core.js:1676
[   88376ms] [WARNING] The provided value 'undefined' is not a valid enum value of type CanvasTextAlign. @ http://localhost:8000/js/rmmz_core.js:1676
[   88376ms] [WARNING] The provided value 'undefined' is not a valid enum value of type CanvasTextAlign. @ http://localhost:8000/js/rmmz_core.js:1676
[   88377ms] [WARNING] The provided value 'undefined' is not a valid enum value of type CanvasTextAlign. @ http://localhost:8000/js/rmmz_core.js:1676
[   88377ms] [WARNING] The provided value 'undefined' is not a valid enum value of type CanvasTextAlign. @ http://localhost:8000/js/rmmz_core.js:1676
[   88377ms] [WARNING] The provided value 'undefined' is not a valid enum value of type CanvasTextAlign. @ http://localhost:8000/js/rmmz_core.js:1676
[   88377ms] [WARNING] The provided value 'undefined' is not a valid enum value of type CanvasTextAlign. @ http://localhost:8000/js/rmmz_core.js:1676
[   88377ms] [WARNING] The provided value 'undefined' is not a valid enum value of type CanvasTextAlign. @ http://localhost:8000/js/rmmz_core.js:1676
[   88377ms] [WARNING] The provided value 'undefined' is not a valid enum value of type CanvasTextAlign. @ http://localhost:8000/js/rmmz_core.js:1676
[   88377ms] [WARNING] The provided value 'undefined' is not a valid enum value of type CanvasTextAlign. @ http://localhost:8000/js/rmmz_core.js:1676
[   88378ms] [WARNING] The provided value 'undefined' is not a valid enum value of type CanvasTextAlign. @ http://localhost:8000/js/rmmz_core.js:1676
[   88378ms] [WARNING] The provided value 'undefined' is not a valid enum value of type CanvasTextAlign. @ http://localhost:8000/js/rmmz_core.js:1676
[   88378ms] [WARNING] The provided value 'undefined' is not a valid enum value of type CanvasTextAlign. @ http://localhost:8000/js/rmmz_core.js:1676
[   88378ms] [WARNING] The provided value 'undefined' is not a valid enum value of type CanvasTextAlign. @ http://localhost:8000/js/rmmz_core.js:1676
[   88378ms] [WARNING] The provided value 'undefined' is not a valid enum value of type CanvasTextAlign. @ http://localhost:8000/js/rmmz_core.js:1676
[   88378ms] [WARNING] The provided value 'undefined' is not a valid enum value of type CanvasTextAlign. @ http://localhost:8000/js/rmmz_core.js:1676
[   88378ms] [WARNING] The provided value 'undefined' is not a valid enum value of type CanvasTextAlign. @ http://localhost:8000/js/rmmz_core.js:1676
[   88378ms] [WARNING] The provided value 'undefined' is not a valid enum value of type CanvasTextAlign. @ http://localhost:8000/js/rmmz_core.js:1676
[   88378ms] [WARNING] The provided value 'undefined' is not a valid enum value of type CanvasTextAlign. @ http://localhost:8000/js/rmmz_core.js:1676
[   88379ms] [WARNING] The provided value 'undefined' is not a valid enum value of type CanvasTextAlign. @ http://localhost:8000/js/rmmz_core.js:1676
[   88379ms] [WARNING] The provided value 'undefined' is not a valid enum value of type CanvasTextAlign. @ http://localhost:8000/js/rmmz_core.js:1676
[   88379ms] [WARNING] The provided value 'undefined' is not a valid enum value of type CanvasTextAlign. @ http://localhost:8000/js/rmmz_core.js:1676
[   88379ms] [WARNING] The provided value 'undefined' is not a valid enum value of type CanvasTextAlign. @ http://localhost:8000/js/rmmz_core.js:1676
[   88379ms] [WARNING] The provided value 'undefined' is not a valid enum value of type CanvasTextAlign. @ http://localhost:8000/js/rmmz_core.js:1676
[   88379ms] [WARNING] The provided value 'undefined' is not a valid enum value of type CanvasTextAlign. @ http://localhost:8000/js/rmmz_core.js:1676
[   88379ms] [WARNING] The provided value 'undefined' is not a valid enum value of type CanvasTextAlign. @ http://localhost:8000/js/rmmz_core.js:1676
[   88379ms] [WARNING] The provided value 'undefined' is not a valid enum value of type CanvasTextAlign. @ http://localhost:8000/js/rmmz_core.js:1676
[   88380ms] [WARNING] The provided value 'undefined' is not a valid enum value of type CanvasTextAlign. @ http://localhost:8000/js/rmmz_core.js:1676
[   88380ms] [WARNING] The provided value 'undefined' is not a valid enum value of type CanvasTextAlign. @ http://localhost:8000/js/rmmz_core.js:1676
[   88380ms] [WARNING] The provided value 'undefined' is not a valid enum value of type CanvasTextAlign. @ http://localhost:8000/js/rmmz_core.js:1676
[   88380ms] [WARNING] The provided value 'undefined' is not a valid enum value of type CanvasTextAlign. @ http://localhost:8000/js/rmmz_core.js:1676
[   88380ms] [WARNING] The provided value 'undefined' is not a valid enum value of type CanvasTextAlign. @ http://localhost:8000/js/rmmz_core.js:1676
[   88380ms] [WARNING] The provided value 'undefined' is not a valid enum value of type CanvasTextAlign. @ http://localhost:8000/js/rmmz_core.js:1676
[   88380ms] [WARNING] The provided value 'undefined' is not a valid enum value of type CanvasTextAlign. @ http://localhost:8000/js/rmmz_core.js:1676
[   88380ms] [WARNING] The provided value 'undefined' is not a valid enum value of type CanvasTextAlign. @ http://localhost:8000/js/rmmz_core.js:1676
[   88380ms] [WARNING] The provided value 'undefined' is not a valid enum value of type CanvasTextAlign. @ http://localhost:8000/js/rmmz_core.js:1676
[   88381ms] [WARNING] The provided value 'undefined' is not a valid enum value of type CanvasTextAlign. @ http://localhost:8000/js/rmmz_core.js:1676
[   88381ms] [WARNING] The provided value 'undefined' is not a valid enum value of type CanvasTextAlign. @ http://localhost:8000/js/rmmz_core.js:1676
[   88381ms] [WARNING] The provided value 'undefined' is not a valid enum value of type CanvasTextAlign. @ http://localhost:8000/js/rmmz_core.js:1676
[   88434ms] [WARNING] The provided value 'undefined' is not a valid enum value of type CanvasTextAlign. @ http://localhost:8000/js/rmmz_core.js:1676
[   88435ms] [WARNING] The provided value 'undefined' is not a valid enum value of type CanvasTextAlign. @ http://localhost:8000/js/rmmz_core.js:1676
[   88435ms] [WARNING] The provided value 'undefined' is not a valid enum value of type CanvasTextAlign. @ http://localhost:8000/js/rmmz_core.js:1676
[   88435ms] [WARNING] The provided value 'undefined' is not a valid enum value of type CanvasTextAlign. @ http://localhost:8000/js/rmmz_core.js:1676
[   88435ms] [WARNING] The provided value 'undefined' is not a valid enum value of type CanvasTextAlign. @ http://localhost:8000/js/rmmz_core.js:1676
[   88436ms] [WARNING] The provided value 'undefined' is not a valid enum value of type CanvasTextAlign. @ http://localhost:8000/js/rmmz_core.js:1676
[   88436ms] [WARNING] The provided value 'undefined' is not a valid enum value of type CanvasTextAlign. @ http://localhost:8000/js/rmmz_core.js:1676
[   88436ms] [WARNING] The provided value 'undefined' is not a valid enum value of type CanvasTextAlign. @ http://localhost:8000/js/rmmz_core.js:1676
[   88436ms] [WARNING] The provided value 'undefined' is not a valid enum value of type CanvasTextAlign. @ http://localhost:8000/js/rmmz_core.js:1676
[   88436ms] [WARNING] The provided value 'undefined' is not a valid enum value of type CanvasTextAlign. @ http://localhost:8000/js/rmmz_core.js:1676
[   88436ms] [WARNING] The provided value 'undefined' is not a valid enum value of type CanvasTextAlign. @ http://localhost:8000/js/rmmz_core.js:1676
[   88437ms] [WARNING] The provided value 'undefined' is not a valid enum value of type CanvasTextAlign. @ http://localhost:8000/js/rmmz_core.js:1676
[   88437ms] [WARNING] The provided value 'undefined' is not a valid enum value of type CanvasTextAlign. @ http://localhost:8000/js/rmmz_core.js:1676
[   88437ms] [WARNING] The provided value 'undefined' is not a valid enum value of type CanvasTextAlign. @ http://localhost:8000/js/rmmz_core.js:1676
[   88437ms] [WARNING] The provided value 'undefined' is not a valid enum value of type CanvasTextAlign. @ http://localhost:8000/js/rmmz_core.js:1676
[   88437ms] [WARNING] The provided value 'undefined' is not a valid enum value of type CanvasTextAlign. @ http://localhost:8000/js/rmmz_core.js:1676
[   88438ms] [WARNING] The provided value 'undefined' is not a valid enum value of type CanvasTextAlign. @ http://localhost:8000/js/rmmz_core.js:1676
[   88438ms] [WARNING] The provided value 'undefined' is not a valid enum value of type CanvasTextAlign. @ http://localhost:8000/js/rmmz_core.js:1676
[   88538ms] [WARNING] The provided value 'undefined' is not a valid enum value of type CanvasTextAlign. @ http://localhost:8000/js/rmmz_core.js:1676
[   88538ms] [WARNING] The provided value 'undefined' is not a valid enum value of type CanvasTextAlign. @ http://localhost:8000/js/rmmz_core.js:1676
[   88538ms] [WARNING] The provided value 'undefined' is not a valid enum value of type CanvasTextAlign. @ http://localhost:8000/js/rmmz_core.js:1676
[   88538ms] [WARNING] The provided value 'undefined' is not a valid enum value of type CanvasTextAlign. @ http://localhost:8000/js/rmmz_core.js:1676
[   88539ms] [WARNING] The provided value 'undefined' is not a valid enum value of type CanvasTextAlign. @ http://localhost:8000/js/rmmz_core.js:1676
[   88540ms] [WARNING] The provided value 'undefined' is not a valid enum value of type CanvasTextAlign. @ http://localhost:8000/js/rmmz_core.js:1676
[   88540ms] [WARNING] The provided value 'undefined' is not a valid enum value of type CanvasTextAlign. @ http://localhost:8000/js/rmmz_core.js:1676
[   88540ms] [WARNING] The provided value 'undefined' is not a valid enum value of type CanvasTextAlign. @ http://localhost:8000/js/rmmz_core.js:1676
[   88540ms] [WARNING] The provided value 'undefined' is not a valid enum value of type CanvasTextAlign. @ http://localhost:8000/js/rmmz_core.js:1676
[   88671ms] [WARNING] The provided value 'undefined' is not a valid enum value of type CanvasTextAlign. @ http://localhost:8000/js/rmmz_core.js:1676
[   88672ms] [WARNING] The provided value 'undefined' is not a valid enum value of type CanvasTextAlign. @ http://localhost:8000/js/rmmz_core.js:1676
[   88672ms] [WARNING] The provided value 'undefined' is not a valid enum value of type CanvasTextAlign. @ http://localhost:8000/js/rmmz_core.js:1676
[   88672ms] [WARNING] The provided value 'undefined' is not a valid enum value of type CanvasTextAlign. @ http://localhost:8000/js/rmmz_core.js:1676
[   88673ms] [WARNING] The provided value 'undefined' is not a valid enum value of type CanvasTextAlign. @ http://localhost:8000/js/rmmz_core.js:1676
[   88673ms] [WARNING] The provided value 'undefined' is not a valid enum value of type CanvasTextAlign. @ http://localhost:8000/js/rmmz_core.js:1676
[   88673ms] [WARNING] The provided value 'undefined' is not a valid enum value of type CanvasTextAlign. @ http://localhost:8000/js/rmmz_core.js:1676
[   88674ms] [WARNING] The provided value 'undefined' is not a valid enum value of type CanvasTextAlign. @ http://localhost:8000/js/rmmz_core.js:1676
[   88674ms] [WARNING] The provided value 'undefined' is not a valid enum value of type CanvasTextAlign. @ http://localhost:8000/js/rmmz_core.js:1676
[   88760ms] [WARNING] The provided value 'undefined' is not a valid enum value of type CanvasTextAlign. @ http://localhost:8000/js/rmmz_core.js:1676
[   88761ms] [WARNING] The provided value 'undefined' is not a valid enum value of type CanvasTextAlign. @ http://localhost:8000/js/rmmz_core.js:1676
[   88761ms] [WARNING] The provided value 'undefined' is not a valid enum value of type CanvasTextAlign. @ http://localhost:8000/js/rmmz_core.js:1676
[   88761ms] [WARNING] The provided value 'undefined' is not a valid enum value of type CanvasTextAlign. @ http://localhost:8000/js/rmmz_core.js:1676
[   88762ms] [WARNING] The provided value 'undefined' is not a valid enum value of type CanvasTextAlign. @ http://localhost:8000/js/rmmz_core.js:1676
[   88762ms] [WARNING] The provided value 'undefined' is not a valid enum value of type CanvasTextAlign. @ http://localhost:8000/js/rmmz_core.js:1676
[   88762ms] [WARNING] The provided value 'undefined' is not a valid enum value of type CanvasTextAlign. @ http://localhost:8000/js/rmmz_core.js:1676
[   88763ms] [WARNING] The provided value 'undefined' is not a valid enum value of type CanvasTextAlign. @ http://localhost:8000/js/rmmz_core.js:1676
[   88763ms] [WARNING] The provided value 'undefined' is not a valid enum value of type CanvasTextAlign. @ http://localhost:8000/js/rmmz_core.js:1676
[   88863ms] [WARNING] The provided value 'undefined' is not a valid enum value of type CanvasTextAlign. @ http://localhost:8000/js/rmmz_core.js:1676
[   88864ms] [WARNING] The provided value 'undefined' is not a valid enum value of type CanvasTextAlign. @ http://localhost:8000/js/rmmz_core.js:1676
[   88864ms] [WARNING] The provided value 'undefined' is not a valid enum value of type CanvasTextAlign. @ http://localhost:8000/js/rmmz_core.js:1676
[   88864ms] [WARNING] The provided value 'undefined' is not a valid enum value of type CanvasTextAlign. @ http://localhost:8000/js/rmmz_core.js:1676
[   88864ms] [WARNING] The provided value 'undefined' is not a valid enum value of type CanvasTextAlign. @ http://localhost:8000/js/rmmz_core.js:1676
[   88865ms] [WARNING] The provided value 'undefined' is not a valid enum value of type CanvasTextAlign. @ http://localhost:8000/js/rmmz_core.js:1676
[   88865ms] [WARNING] The provided value 'undefined' is not a valid enum value of type CanvasTextAlign. @ http://localhost:8000/js/rmmz_core.js:1676
[   88865ms] [WARNING] The provided value 'undefined' is not a valid enum value of type CanvasTextAlign. @ http://localhost:8000/js/rmmz_core.js:1676
[   88865ms] [WARNING] The provided value 'undefined' is not a valid enum value of type CanvasTextAlign. @ http://localhost:8000/js/rmmz_core.js:1676
[   88966ms] [WARNING] The provided value 'undefined' is not a valid enum value of type CanvasTextAlign. @ http://localhost:8000/js/rmmz_core.js:1676
[   88967ms] [WARNING] The provided value 'undefined' is not a valid enum value of type CanvasTextAlign. @ http://localhost:8000/js/rmmz_core.js:1676
[   88967ms] [WARNING] The provided value 'undefined' is not a valid enum value of type CanvasTextAlign. @ http://localhost:8000/js/rmmz_core.js:1676
[   88967ms] [WARNING] The provided value 'undefined' is not a valid enum value of type CanvasTextAlign. @ http://localhost:8000/js/rmmz_core.js:1676
[   88967ms] [WARNING] The provided value 'undefined' is not a valid enum value of type CanvasTextAlign. @ http://localhost:8000/js/rmmz_core.js:1676
[   88968ms] [WARNING] The provided value 'undefined' is not a valid enum value of type CanvasTextAlign. @ http://localhost:8000/js/rmmz_core.js:1676
[   88968ms] [WARNING] The provided value 'undefined' is not a valid enum value of type CanvasTextAlign. @ http://localhost:8000/js/rmmz_core.js:1676
[   88968ms] [WARNING] The provided value 'undefined' is not a valid enum value of type CanvasTextAlign. @ http://localhost:8000/js/rmmz_core.js:1676
[   88968ms] [WARNING] The provided value 'undefined' is not a valid enum value of type CanvasTextAlign. @ http://localhost:8000/js/rmmz_core.js:1676
[   89068ms] [WARNING] The provided value 'undefined' is not a valid enum value of type CanvasTextAlign. @ http://localhost:8000/js/rmmz_core.js:1676
[   89069ms] [WARNING] The provided value 'undefined' is not a valid enum value of type CanvasTextAlign. @ http://localhost:8000/js/rmmz_core.js:1676
[   89069ms] [WARNING] The provided value 'undefined' is not a valid enum value of type CanvasTextAlign. @ http://localhost:8000/js/rmmz_core.js:1676
[   89069ms] [WARNING] The provided value 'undefined' is not a valid enum value of type CanvasTextAlign. @ http://localhost:8000/js/rmmz_core.js:1676
[   89070ms] [WARNING] The provided value 'undefined' is not a valid enum value of type CanvasTextAlign. @ http://localhost:8000/js/rmmz_core.js:1676
[   89070ms] [WARNING] The provided value 'undefined' is not a valid enum value of type CanvasTextAlign. @ http://localhost:8000/js/rmmz_core.js:1676
[   89070ms] [WARNING] The provided value 'undefined' is not a valid enum value of type CanvasTextAlign. @ http://localhost:8000/js/rmmz_core.js:1676
[   89070ms] [WARNING] The provided value 'undefined' is not a valid enum value of type CanvasTextAlign. @ http://localhost:8000/js/rmmz_core.js:1676
[   89071ms] [WARNING] The provided value 'undefined' is not a valid enum value of type CanvasTextAlign. @ http://localhost:8000/js/rmmz_core.js:1676
[   89161ms] [WARNING] The provided value 'undefined' is not a valid enum value of type CanvasTextAlign. @ http://localhost:8000/js/rmmz_core.js:1676
[   89161ms] [WARNING] The provided value 'undefined' is not a valid enum value of type CanvasTextAlign. @ http://localhost:8000/js/rmmz_core.js:1676
[   89161ms] [WARNING] The provided value 'undefined' is not a valid enum value of type CanvasTextAlign. @ http://localhost:8000/js/rmmz_core.js:1676
[   89161ms] [WARNING] The provided value 'undefined' is not a valid enum value of type CanvasTextAlign. @ http://localhost:8000/js/rmmz_core.js:1676
[   89162ms] [WARNING] The provided value 'undefined' is not a valid enum value of type CanvasTextAlign. @ http://localhost:8000/js/rmmz_core.js:1676
[   89162ms] [WARNING] The provided value 'undefined' is not a valid enum value of type CanvasTextAlign. @ http://localhost:8000/js/rmmz_core.js:1676
[   89162ms] [WARNING] The provided value 'undefined' is not a valid enum value of type CanvasTextAlign. @ http://localhost:8000/js/rmmz_core.js:1676
[   89163ms] [WARNING] The provided value 'undefined' is not a valid enum value of type CanvasTextAlign. @ http://localhost:8000/js/rmmz_core.js:1676
[   89163ms] [WARNING] The provided value 'undefined' is not a valid enum value of type CanvasTextAlign. @ http://localhost:8000/js/rmmz_core.js:1676
[   89267ms] [WARNING] The provided value 'undefined' is not a valid enum value of type CanvasTextAlign. @ http://localhost:8000/js/rmmz_core.js:1676
[   89268ms] [WARNING] The provided value 'undefined' is not a valid enum value of type CanvasTextAlign. @ http://localhost:8000/js/rmmz_core.js:1676
[   89268ms] [WARNING] The provided value 'undefined' is not a valid enum value of type CanvasTextAlign. @ http://localhost:8000/js/rmmz_core.js:1676
[   89268ms] [WARNING] The provided value 'undefined' is not a valid enum value of type CanvasTextAlign. @ http://localhost:8000/js/rmmz_core.js:1676
[   89268ms] [WARNING] The provided value 'undefined' is not a valid enum value of type CanvasTextAlign. @ http://localhost:8000/js/rmmz_core.js:1676
[   89269ms] [WARNING] The provided value 'undefined' is not a valid enum value of type CanvasTextAlign. @ http://localhost:8000/js/rmmz_core.js:1676
[   89269ms] [WARNING] The provided value 'undefined' is not a valid enum value of type CanvasTextAlign. @ http://localhost:8000/js/rmmz_core.js:1676
[   89269ms] [WARNING] The provided value 'undefined' is not a valid enum value of type CanvasTextAlign. @ http://localhost:8000/js/rmmz_core.js:1676
[   89269ms] [WARNING] The provided value 'undefined' is not a valid enum value of type CanvasTextAlign. @ http://localhost:8000/js/rmmz_core.js:1676
[   89356ms] [WARNING] The provided value 'undefined' is not a valid enum value of type CanvasTextAlign. @ http://localhost:8000/js/rmmz_core.js:1676
[   89357ms] [WARNING] The provided value 'undefined' is not a valid enum value of type CanvasTextAlign. @ http://localhost:8000/js/rmmz_core.js:1676
[   89357ms] [WARNING] The provided value 'undefined' is not a valid enum value of type CanvasTextAlign. @ http://localhost:8000/js/rmmz_core.js:1676
[   89357ms] [WARNING] The provided value 'undefined' is not a valid enum value of type CanvasTextAlign. @ http://localhost:8000/js/rmmz_core.js:1676
[   89357ms] [WARNING] The provided value 'undefined' is not a valid enum value of type CanvasTextAlign. @ http://localhost:8000/js/rmmz_core.js:1676
[   89358ms] [WARNING] The provided value 'undefined' is not a valid enum value of type CanvasTextAlign. @ http://localhost:8000/js/rmmz_core.js:1676
[   89358ms] [WARNING] The provided value 'undefined' is not a valid enum value of type CanvasTextAlign. @ http://localhost:8000/js/rmmz_core.js:1676
[   89358ms] [WARNING] The provided value 'undefined' is not a valid enum value of type CanvasTextAlign. @ http://localhost:8000/js/rmmz_core.js:1676
[   89358ms] [WARNING] The provided value 'undefined' is not a valid enum value of type CanvasTextAlign. @ http://localhost:8000/js/rmmz_core.js:1676
[   89459ms] [WARNING] The provided value 'undefined' is not a valid enum value of type CanvasTextAlign. @ http://localhost:8000/js/rmmz_core.js:1676
[   89460ms] [WARNING] The provided value 'undefined' is not a valid enum value of type CanvasTextAlign. @ http://localhost:8000/js/rmmz_core.js:1676
[   89460ms] [WARNING] The provided value 'undefined' is not a valid enum value of type CanvasTextAlign. @ http://localhost:8000/js/rmmz_core.js:1676
[   89460ms] [WARNING] The provided value 'undefined' is not a valid enum value of type CanvasTextAlign. @ http://localhost:8000/js/rmmz_core.js:1676
[   89460ms] [WARNING] The provided value 'undefined' is not a valid enum value of type CanvasTextAlign. @ http://localhost:8000/js/rmmz_core.js:1676
[   89460ms] [WARNING] The provided value 'undefined' is not a valid enum value of type CanvasTextAlign. @ http://localhost:8000/js/rmmz_core.js:1676
[   89461ms] [WARNING] The provided value 'undefined' is not a valid enum value of type CanvasTextAlign. @ http://localhost:8000/js/rmmz_core.js:1676
[   89461ms] [WARNING] The provided value 'undefined' is not a valid enum value of type CanvasTextAlign. @ http://localhost:8000/js/rmmz_core.js:1676
[   89461ms] [WARNING] The provided value 'undefined' is not a valid enum value of type CanvasTextAlign. @ http://localhost:8000/js/rmmz_core.js:1676
[   89560ms] [WARNING] The provided value 'undefined' is not a valid enum value of type CanvasTextAlign. @ http://localhost:8000/js/rmmz_core.js:1676
[   89561ms] [WARNING] The provided value 'undefined' is not a valid enum value of type CanvasTextAlign. @ http://localhost:8000/js/rmmz_core.js:1676
[   89561ms] [WARNING] The provided value 'undefined' is not a valid enum value of type CanvasTextAlign. @ http://localhost:8000/js/rmmz_core.js:1676
[   89561ms] [WARNING] The provided value 'undefined' is not a valid enum value of type CanvasTextAlign. @ http://localhost:8000/js/rmmz_core.js:1676
[   89561ms] [WARNING] The provided value 'undefined' is not a valid enum value of type CanvasTextAlign. @ http://localhost:8000/js/rmmz_core.js:1676
[   89562ms] [WARNING] The provided value 'undefined' is not a valid enum value of type CanvasTextAlign. @ http://localhost:8000/js/rmmz_core.js:1676
[   89562ms] [WARNING] The provided value 'undefined' is not a valid enum value of type CanvasTextAlign. @ http://localhost:8000/js/rmmz_core.js:1676
[   89562ms] [WARNING] The provided value 'undefined' is not a valid enum value of type CanvasTextAlign. @ http://localhost:8000/js/rmmz_core.js:1676
[   89562ms] [WARNING] The provided value 'undefined' is not a valid enum value of type CanvasTextAlign. @ http://localhost:8000/js/rmmz_core.js:1676
[   89661ms] [WARNING] The provided value 'undefined' is not a valid enum value of type CanvasTextAlign. @ http://localhost:8000/js/rmmz_core.js:1676
[   89662ms] [WARNING] The provided value 'undefined' is not a valid enum value of type CanvasTextAlign. @ http://localhost:8000/js/rmmz_core.js:1676
[   89662ms] [WARNING] The provided value 'undefined' is not a valid enum value of type CanvasTextAlign. @ http://localhost:8000/js/rmmz_core.js:1676
[   89662ms] [WARNING] The provided value 'undefined' is not a valid enum value of type CanvasTextAlign. @ http://localhost:8000/js/rmmz_core.js:1676
[   89663ms] [WARNING] The provided value 'undefined' is not a valid enum value of type CanvasTextAlign. @ http://localhost:8000/js/rmmz_core.js:1676
[   89663ms] [WARNING] The provided value 'undefined' is not a valid enum value of type CanvasTextAlign. @ http://localhost:8000/js/rmmz_core.js:1676
[   89663ms] [WARNING] The provided value 'undefined' is not a valid enum value of type CanvasTextAlign. @ http://localhost:8000/js/rmmz_core.js:1676
[   89663ms] [WARNING] The provided value 'undefined' is not a valid enum value of type CanvasTextAlign. @ http://localhost:8000/js/rmmz_core.js:1676
[   89663ms] [WARNING] The provided value 'undefined' is not a valid enum value of type CanvasTextAlign. @ http://localhost:8000/js/rmmz_core.js:1676
[   89663ms] [WARNING] The provided value 'undefined' is not a valid enum value of type CanvasTextAlign. @ http://localhost:8000/js/rmmz_core.js:1676
[   89664ms] [WARNING] The provided value 'undefined' is not a valid enum value of type CanvasTextAlign. @ http://localhost:8000/js/rmmz_core.js:1676
[   89664ms] [WARNING] The provided value 'undefined' is not a valid enum value of type CanvasTextAlign. @ http://localhost:8000/js/rmmz_core.js:1676
[   89664ms] [WARNING] The provided value 'undefined' is not a valid enum value of type CanvasTextAlign. @ http://localhost:8000/js/rmmz_core.js:1676
[   89664ms] [WARNING] The provided value 'undefined' is not a valid enum value of type CanvasTextAlign. @ http://localhost:8000/js/rmmz_core.js:1676
[   89664ms] [WARNING] The provided value 'undefined' is not a valid enum value of type CanvasTextAlign. @ http://localhost:8000/js/rmmz_core.js:1676
[   89664ms] [WARNING] The provided value 'undefined' is not a valid enum value of type CanvasTextAlign. @ http://localhost:8000/js/rmmz_core.js:1676
[   89665ms] [WARNING] The provided value 'undefined' is not a valid enum value of type CanvasTextAlign. @ http://localhost:8000/js/rmmz_core.js:1676
[   89665ms] [WARNING] The provided value 'undefined' is not a valid enum value of type CanvasTextAlign. @ http://localhost:8000/js/rmmz_core.js:1676
[   89761ms] [WARNING] The provided value 'undefined' is not a valid enum value of type CanvasTextAlign. @ http://localhost:8000/js/rmmz_core.js:1676
[   89761ms] [WARNING] The provided value 'undefined' is not a valid enum value of type CanvasTextAlign. @ http://localhost:8000/js/rmmz_core.js:1676
[   89761ms] [WARNING] The provided value 'undefined' is not a valid enum value of type CanvasTextAlign. @ http://localhost:8000/js/rmmz_core.js:1676
[   89762ms] [WARNING] The provided value 'undefined' is not a valid enum value of type CanvasTextAlign. @ http://localhost:8000/js/rmmz_core.js:1676
[   89762ms] [WARNING] The provided value 'undefined' is not a valid enum value of type CanvasTextAlign. @ http://localhost:8000/js/rmmz_core.js:1676
[   89762ms] [WARNING] The provided value 'undefined' is not a valid enum value of type CanvasTextAlign. @ http://localhost:8000/js/rmmz_core.js:1676
[   89762ms] [WARNING] The provided value 'undefined' is not a valid enum value of type CanvasTextAlign. @ http://localhost:8000/js/rmmz_core.js:1676
[   89763ms] [WARNING] The provided value 'undefined' is not a valid enum value of type CanvasTextAlign. @ http://localhost:8000/js/rmmz_core.js:1676
[   89763ms] [WARNING] The provided value 'undefined' is not a valid enum value of type CanvasTextAlign. @ http://localhost:8000/js/rmmz_core.js:1676
[   89865ms] [WARNING] The provided value 'undefined' is not a valid enum value of type CanvasTextAlign. @ http://localhost:8000/js/rmmz_core.js:1676
[   89866ms] [WARNING] The provided value 'undefined' is not a valid enum value of type CanvasTextAlign. @ http://localhost:8000/js/rmmz_core.js:1676
[   89866ms] [WARNING] The provided value 'undefined' is not a valid enum value of type CanvasTextAlign. @ http://localhost:8000/js/rmmz_core.js:1676
[   89866ms] [WARNING] The provided value 'undefined' is not a valid enum value of type CanvasTextAlign. @ http://localhost:8000/js/rmmz_core.js:1676
[   89867ms] [WARNING] The provided value 'undefined' is not a valid enum value of type CanvasTextAlign. @ http://localhost:8000/js/rmmz_core.js:1676
[   89867ms] [WARNING] The provided value 'undefined' is not a valid enum value of type CanvasTextAlign. @ http://localhost:8000/js/rmmz_core.js:1676
[   89867ms] [WARNING] The provided value 'undefined' is not a valid enum value of type CanvasTextAlign. @ http://localhost:8000/js/rmmz_core.js:1676
[   89868ms] [WARNING] The provided value 'undefined' is not a valid enum value of type CanvasTextAlign. @ http://localhost:8000/js/rmmz_core.js:1676
[   89868ms] [WARNING] The provided value 'undefined' is not a valid enum value of type CanvasTextAlign. @ http://localhost:8000/js/rmmz_core.js:1676
[   89983ms] [WARNING] The provided value 'undefined' is not a valid enum value of type CanvasTextAlign. @ http://localhost:8000/js/rmmz_core.js:1676
[   89983ms] [WARNING] The provided value 'undefined' is not a valid enum value of type CanvasTextAlign. @ http://localhost:8000/js/rmmz_core.js:1676
[   89983ms] [WARNING] The provided value 'undefined' is not a valid enum value of type CanvasTextAlign. @ http://localhost:8000/js/rmmz_core.js:1676
[   89983ms] [WARNING] The provided value 'undefined' is not a valid enum value of type CanvasTextAlign. @ http://localhost:8000/js/rmmz_core.js:1676
[   89984ms] [WARNING] The provided value 'undefined' is not a valid enum value of type CanvasTextAlign. @ http://localhost:8000/js/rmmz_core.js:1676
[   89984ms] [WARNING] The provided value 'undefined' is not a valid enum value of type CanvasTextAlign. @ http://localhost:8000/js/rmmz_core.js:1676
[   89984ms] [WARNING] The provided value 'undefined' is not a valid enum value of type CanvasTextAlign. @ http://localhost:8000/js/rmmz_core.js:1676
[   89985ms] [WARNING] The provided value 'undefined' is not a valid enum value of type CanvasTextAlign. @ http://localhost:8000/js/rmmz_core.js:1676
[   89985ms] [WARNING] The provided value 'undefined' is not a valid enum value of type CanvasTextAlign. @ http://localhost:8000/js/rmmz_core.js:1676
[   90087ms] [WARNING] The provided value 'undefined' is not a valid enum value of type CanvasTextAlign. @ http://localhost:8000/js/rmmz_core.js:1676
[   90087ms] [WARNING] The provided value 'undefined' is not a valid enum value of type CanvasTextAlign. @ http://localhost:8000/js/rmmz_core.js:1676
[   90087ms] [WARNING] The provided value 'undefined' is not a valid enum value of type CanvasTextAlign. @ http://localhost:8000/js/rmmz_core.js:1676
[   90088ms] [WARNING] The provided value 'undefined' is not a valid enum value of type CanvasTextAlign. @ http://localhost:8000/js/rmmz_core.js:1676
[   90088ms] [WARNING] The provided value 'undefined' is not a valid enum value of type CanvasTextAlign. @ http://localhost:8000/js/rmmz_core.js:1676
[   90088ms] [WARNING] The provided value 'undefined' is not a valid enum value of type CanvasTextAlign. @ http://localhost:8000/js/rmmz_core.js:1676
[   90089ms] [WARNING] The provided value 'undefined' is not a valid enum value of type CanvasTextAlign. @ http://localhost:8000/js/rmmz_core.js:1676
[   90089ms] [WARNING] The provided value 'undefined' is not a valid enum value of type CanvasTextAlign. @ http://localhost:8000/js/rmmz_core.js:1676
[   90089ms] [WARNING] The provided value 'undefined' is not a valid enum value of type CanvasTextAlign. @ http://localhost:8000/js/rmmz_core.js:1676
[   90204ms] [WARNING] The provided value 'undefined' is not a valid enum value of type CanvasTextAlign. @ http://localhost:8000/js/rmmz_core.js:1676
[   90205ms] [WARNING] The provided value 'undefined' is not a valid enum value of type CanvasTextAlign. @ http://localhost:8000/js/rmmz_core.js:1676
[   90205ms] [WARNING] The provided value 'undefined' is not a valid enum value of type CanvasTextAlign. @ http://localhost:8000/js/rmmz_core.js:1676
[   90205ms] [WARNING] The provided value 'undefined' is not a valid enum value of type CanvasTextAlign. @ http://localhost:8000/js/rmmz_core.js:1676
[   90205ms] [WARNING] The provided value 'undefined' is not a valid enum value of type CanvasTextAlign. @ http://localhost:8000/js/rmmz_core.js:1676
[   90206ms] [WARNING] The provided value 'undefined' is not a valid enum value of type CanvasTextAlign. @ http://localhost:8000/js/rmmz_core.js:1676
[   90206ms] [WARNING] The provided value 'undefined' is not a valid enum value of type CanvasTextAlign. @ http://localhost:8000/js/rmmz_core.js:1676
[   90206ms] [WARNING] The provided value 'undefined' is not a valid enum value of type CanvasTextAlign. @ http://localhost:8000/js/rmmz_core.js:1676
[   90206ms] [WARNING] The provided value 'undefined' is not a valid enum value of type CanvasTextAlign. @ http://localhost:8000/js/rmmz_core.js:1676
[   90314ms] [WARNING] The provided value 'undefined' is not a valid enum value of type CanvasTextAlign. @ http://localhost:8000/js/rmmz_core.js:1676
[   90314ms] [WARNING] The provided value 'undefined' is not a valid enum value of type CanvasTextAlign. @ http://localhost:8000/js/rmmz_core.js:1676
[   90314ms] [WARNING] The provided value 'undefined' is not a valid enum value of type CanvasTextAlign. @ http://localhost:8000/js/rmmz_core.js:1676
[   90315ms] [WARNING] The provided value 'undefined' is not a valid enum value of type CanvasTextAlign. @ http://localhost:8000/js/rmmz_core.js:1676
[   90315ms] [WARNING] The provided value 'undefined' is not a valid enum value of type CanvasTextAlign. @ http://localhost:8000/js/rmmz_core.js:1676
[   90315ms] [WARNING] The provided value 'undefined' is not a valid enum value of type CanvasTextAlign. @ http://localhost:8000/js/rmmz_core.js:1676
[   90315ms] [WARNING] The provided value 'undefined' is not a valid enum value of type CanvasTextAlign. @ http://localhost:8000/js/rmmz_core.js:1676
[   90316ms] [WARNING] The provided value 'undefined' is not a valid enum value of type CanvasTextAlign. @ http://localhost:8000/js/rmmz_core.js:1676
[   90316ms] [WARNING] The provided value 'undefined' is not a valid enum value of type CanvasTextAlign. @ http://localhost:8000/js/rmmz_core.js:1676
[   90405ms] [WARNING] The provided value 'undefined' is not a valid enum value of type CanvasTextAlign. @ http://localhost:8000/js/rmmz_core.js:1676
[   90405ms] [WARNING] The provided value 'undefined' is not a valid enum value of type CanvasTextAlign. @ http://localhost:8000/js/rmmz_core.js:1676
[   90405ms] [WARNING] The provided value 'undefined' is not a valid enum value of type CanvasTextAlign. @ http://localhost:8000/js/rmmz_core.js:1676
[   90405ms] [WARNING] The provided value 'undefined' is not a valid enum value of type CanvasTextAlign. @ http://localhost:8000/js/rmmz_core.js:1676
[   90406ms] [WARNING] The provided value 'undefined' is not a valid enum value of type CanvasTextAlign. @ http://localhost:8000/js/rmmz_core.js:1676
[   90406ms] [WARNING] The provided value 'undefined' is not a valid enum value of type CanvasTextAlign. @ http://localhost:8000/js/rmmz_core.js:1676
[   90407ms] [WARNING] The provided value 'undefined' is not a valid enum value of type CanvasTextAlign. @ http://localhost:8000/js/rmmz_core.js:1676
[   90407ms] [WARNING] The provided value 'undefined' is not a valid enum value of type CanvasTextAlign. @ http://localhost:8000/js/rmmz_core.js:1676
[   90407ms] [WARNING] The provided value 'undefined' is not a valid enum value of type CanvasTextAlign. @ http://localhost:8000/js/rmmz_core.js:1676
[   90507ms] [WARNING] The provided value 'undefined' is not a valid enum value of type CanvasTextAlign. @ http://localhost:8000/js/rmmz_core.js:1676
[   90508ms] [WARNING] The provided value 'undefined' is not a valid enum value of type CanvasTextAlign. @ http://localhost:8000/js/rmmz_core.js:1676
[   90508ms] [WARNING] The provided value 'undefined' is not a valid enum value of type CanvasTextAlign. @ http://localhost:8000/js/rmmz_core.js:1676
[   90508ms] [WARNING] The provided value 'undefined' is not a valid enum value of type CanvasTextAlign. @ http://localhost:8000/js/rmmz_core.js:1676
[   90508ms] [WARNING] The provided value 'undefined' is not a valid enum value of type CanvasTextAlign. @ http://localhost:8000/js/rmmz_core.js:1676
[   90509ms] [WARNING] The provided value 'undefined' is not a valid enum value of type CanvasTextAlign. @ http://localhost:8000/js/rmmz_core.js:1676
[   90509ms] [WARNING] The provided value 'undefined' is not a valid enum value of type CanvasTextAlign. @ http://localhost:8000/js/rmmz_core.js:1676
[   90509ms] [WARNING] The provided value 'undefined' is not a valid enum value of type CanvasTextAlign. @ http://localhost:8000/js/rmmz_core.js:1676
[   90509ms] [WARNING] The provided value 'undefined' is not a valid enum value of type CanvasTextAlign. @ http://localhost:8000/js/rmmz_core.js:1676
[   90612ms] [WARNING] The provided value 'undefined' is not a valid enum value of type CanvasTextAlign. @ http://localhost:8000/js/rmmz_core.js:1676
[   90612ms] [WARNING] The provided value 'undefined' is not a valid enum value of type CanvasTextAlign. @ http://localhost:8000/js/rmmz_core.js:1676
[   90612ms] [WARNING] The provided value 'undefined' is not a valid enum value of type CanvasTextAlign. @ http://localhost:8000/js/rmmz_core.js:1676
[   90612ms] [WARNING] The provided value 'undefined' is not a valid enum value of type CanvasTextAlign. @ http://localhost:8000/js/rmmz_core.js:1676
[   90613ms] [WARNING] The provided value 'undefined' is not a valid enum value of type CanvasTextAlign. @ http://localhost:8000/js/rmmz_core.js:1676
[   90613ms] [WARNING] The provided value 'undefined' is not a valid enum value of type CanvasTextAlign. @ http://localhost:8000/js/rmmz_core.js:1676
[   90613ms] [WARNING] The provided value 'undefined' is not a valid enum value of type CanvasTextAlign. @ http://localhost:8000/js/rmmz_core.js:1676
[   90614ms] [WARNING] The provided value 'undefined' is not a valid enum value of type CanvasTextAlign. @ http://localhost:8000/js/rmmz_core.js:1676
[   90614ms] [WARNING] The provided value 'undefined' is not a valid enum value of type CanvasTextAlign. @ http://localhost:8000/js/rmmz_core.js:1676
[   90713ms] [WARNING] The provided value 'undefined' is not a valid enum value of type CanvasTextAlign. @ http://localhost:8000/js/rmmz_core.js:1676
[   90714ms] [WARNING] The provided value 'undefined' is not a valid enum value of type CanvasTextAlign. @ http://localhost:8000/js/rmmz_core.js:1676
[   90714ms] [WARNING] The provided value 'undefined' is not a valid enum value of type CanvasTextAlign. @ http://localhost:8000/js/rmmz_core.js:1676
[   90714ms] [WARNING] The provided value 'undefined' is not a valid enum value of type CanvasTextAlign. @ http://localhost:8000/js/rmmz_core.js:1676
[   90714ms] [WARNING] The provided value 'undefined' is not a valid enum value of type CanvasTextAlign. @ http://localhost:8000/js/rmmz_core.js:1676
[   90715ms] [WARNING] The provided value 'undefined' is not a valid enum value of type CanvasTextAlign. @ http://localhost:8000/js/rmmz_core.js:1676
[   90715ms] [WARNING] The provided value 'undefined' is not a valid enum value of type CanvasTextAlign. @ http://localhost:8000/js/rmmz_core.js:1676
[   90715ms] [WARNING] The provided value 'undefined' is not a valid enum value of type CanvasTextAlign. @ http://localhost:8000/js/rmmz_core.js:1676
[   90715ms] [WARNING] The provided value 'undefined' is not a valid enum value of type CanvasTextAlign. @ http://localhost:8000/js/rmmz_core.js:1676
[   90815ms] [WARNING] The provided value 'undefined' is not a valid enum value of type CanvasTextAlign. @ http://localhost:8000/js/rmmz_core.js:1676
[   90815ms] [WARNING] The provided value 'undefined' is not a valid enum value of type CanvasTextAlign. @ http://localhost:8000/js/rmmz_core.js:1676
[   90815ms] [WARNING] The provided value 'undefined' is not a valid enum value of type CanvasTextAlign. @ http://localhost:8000/js/rmmz_core.js:1676
[   90815ms] [WARNING] The provided value 'undefined' is not a valid enum value of type CanvasTextAlign. @ http://localhost:8000/js/rmmz_core.js:1676
[   90816ms] [WARNING] The provided value 'undefined' is not a valid enum value of type CanvasTextAlign. @ http://localhost:8000/js/rmmz_core.js:1676
[   90816ms] [WARNING] The provided value 'undefined' is not a valid enum value of type CanvasTextAlign. @ http://localhost:8000/js/rmmz_core.js:1676
[   90817ms] [WARNING] The provided value 'undefined' is not a valid enum value of type CanvasTextAlign. @ http://localhost:8000/js/rmmz_core.js:1676
[   90817ms] [WARNING] The provided value 'undefined' is not a valid enum value of type CanvasTextAlign. @ http://localhost:8000/js/rmmz_core.js:1676
[   90817ms] [WARNING] The provided value 'undefined' is not a valid enum value of type CanvasTextAlign. @ http://localhost:8000/js/rmmz_core.js:1676
[   90916ms] [WARNING] The provided value 'undefined' is not a valid enum value of type CanvasTextAlign. @ http://localhost:8000/js/rmmz_core.js:1676
[   90917ms] [WARNING] The provided value 'undefined' is not a valid enum value of type CanvasTextAlign. @ http://localhost:8000/js/rmmz_core.js:1676
[   90917ms] [WARNING] The provided value 'undefined' is not a valid enum value of type CanvasTextAlign. @ http://localhost:8000/js/rmmz_core.js:1676
[   90917ms] [WARNING] The provided value 'undefined' is not a valid enum value of type CanvasTextAlign. @ http://localhost:8000/js/rmmz_core.js:1676
[   90918ms] [WARNING] The provided value 'undefined' is not a valid enum value of type CanvasTextAlign. @ http://localhost:8000/js/rmmz_core.js:1676
[   90918ms] [WARNING] The provided value 'undefined' is not a valid enum value of type CanvasTextAlign. @ http://localhost:8000/js/rmmz_core.js:1676
[   90918ms] [WARNING] The provided value 'undefined' is not a valid enum value of type CanvasTextAlign. @ http://localhost:8000/js/rmmz_core.js:1676
[   90918ms] [WARNING] The provided value 'undefined' is not a valid enum value of type CanvasTextAlign. @ http://localhost:8000/js/rmmz_core.js:1676
[   90919ms] [WARNING] The provided value 'undefined' is not a valid enum value of type CanvasTextAlign. @ http://localhost:8000/js/rmmz_core.js:1676
[   91008ms] [WARNING] The provided value 'undefined' is not a valid enum value of type CanvasTextAlign. @ http://localhost:8000/js/rmmz_core.js:1676
[   91008ms] [WARNING] The provided value 'undefined' is not a valid enum value of type CanvasTextAlign. @ http://localhost:8000/js/rmmz_core.js:1676
[   91008ms] [WARNING] The provided value 'undefined' is not a valid enum value of type CanvasTextAlign. @ http://localhost:8000/js/rmmz_core.js:1676
[   91008ms] [WARNING] The provided value 'undefined' is not a valid enum value of type CanvasTextAlign. @ http://localhost:8000/js/rmmz_core.js:1676
[   91009ms] [WARNING] The provided value 'undefined' is not a valid enum value of type CanvasTextAlign. @ http://localhost:8000/js/rmmz_core.js:1676
[   91009ms] [WARNING] The provided value 'undefined' is not a valid enum value of type CanvasTextAlign. @ http://localhost:8000/js/rmmz_core.js:1676
[   91009ms] [WARNING] The provided value 'undefined' is not a valid enum value of type CanvasTextAlign. @ http://localhost:8000/js/rmmz_core.js:1676
[   91010ms] [WARNING] The provided value 'undefined' is not a valid enum value of type CanvasTextAlign. @ http://localhost:8000/js/rmmz_core.js:1676
[   91010ms] [WARNING] The provided value 'undefined' is not a valid enum value of type CanvasTextAlign. @ http://localhost:8000/js/rmmz_core.js:1676
[   91112ms] [WARNING] The provided value 'undefined' is not a valid enum value of type CanvasTextAlign. @ http://localhost:8000/js/rmmz_core.js:1676
[   91113ms] [WARNING] The provided value 'undefined' is not a valid enum value of type CanvasTextAlign. @ http://localhost:8000/js/rmmz_core.js:1676
[   91113ms] [WARNING] The provided value 'undefined' is not a valid enum value of type CanvasTextAlign. @ http://localhost:8000/js/rmmz_core.js:1676
[   91113ms] [WARNING] The provided value 'undefined' is not a valid enum value of type CanvasTextAlign. @ http://localhost:8000/js/rmmz_core.js:1676
[   91113ms] [WARNING] The provided value 'undefined' is not a valid enum value of type CanvasTextAlign. @ http://localhost:8000/js/rmmz_core.js:1676
[   91114ms] [WARNING] The provided value 'undefined' is not a valid enum value of type CanvasTextAlign. @ http://localhost:8000/js/rmmz_core.js:1676
[   91114ms] [WARNING] The provided value 'undefined' is not a valid enum value of type CanvasTextAlign. @ http://localhost:8000/js/rmmz_core.js:1676
[   91114ms] [WARNING] The provided value 'undefined' is not a valid enum value of type CanvasTextAlign. @ http://localhost:8000/js/rmmz_core.js:1676
[   91114ms] [WARNING] The provided value 'undefined' is not a valid enum value of type CanvasTextAlign. @ http://localhost:8000/js/rmmz_core.js:1676
[   91204ms] [WARNING] The provided value 'undefined' is not a valid enum value of type CanvasTextAlign. @ http://localhost:8000/js/rmmz_core.js:1676
[   91204ms] [WARNING] The provided value 'undefined' is not a valid enum value of type CanvasTextAlign. @ http://localhost:8000/js/rmmz_core.js:1676
[   91204ms] [WARNING] The provided value 'undefined' is not a valid enum value of type CanvasTextAlign. @ http://localhost:8000/js/rmmz_core.js:1676
[   91204ms] [WARNING] The provided value 'undefined' is not a valid enum value of type CanvasTextAlign. @ http://localhost:8000/js/rmmz_core.js:1676
[   91205ms] [WARNING] The provided value 'undefined' is not a valid enum value of type CanvasTextAlign. @ http://localhost:8000/js/rmmz_core.js:1676
[   91205ms] [WARNING] The provided value 'undefined' is not a valid enum value of type CanvasTextAlign. @ http://localhost:8000/js/rmmz_core.js:1676
[   91205ms] [WARNING] The provided value 'undefined' is not a valid enum value of type CanvasTextAlign. @ http://localhost:8000/js/rmmz_core.js:1676
[   91206ms] [WARNING] The provided value 'undefined' is not a valid enum value of type CanvasTextAlign. @ http://localhost:8000/js/rmmz_core.js:1676
[   91206ms] [WARNING] The provided value 'undefined' is not a valid enum value of type CanvasTextAlign. @ http://localhost:8000/js/rmmz_core.js:1676
[   91307ms] [WARNING] The provided value 'undefined' is not a valid enum value of type CanvasTextAlign. @ http://localhost:8000/js/rmmz_core.js:1676
[   91308ms] [WARNING] The provided value 'undefined' is not a valid enum value of type CanvasTextAlign. @ http://localhost:8000/js/rmmz_core.js:1676
[   91308ms] [WARNING] The provided value 'undefined' is not a valid enum value of type CanvasTextAlign. @ http://localhost:8000/js/rmmz_core.js:1676
[   91308ms] [WARNING] The provided value 'undefined' is not a valid enum value of type CanvasTextAlign. @ http://localhost:8000/js/rmmz_core.js:1676
[   91308ms] [WARNING] The provided value 'undefined' is not a valid enum value of type CanvasTextAlign. @ http://localhost:8000/js/rmmz_core.js:1676
[   91308ms] [WARNING] The provided value 'undefined' is not a valid enum value of type CanvasTextAlign. @ http://localhost:8000/js/rmmz_core.js:1676
[   91309ms] [WARNING] The provided value 'undefined' is not a valid enum value of type CanvasTextAlign. @ http://localhost:8000/js/rmmz_core.js:1676
[   91309ms] [WARNING] The provided value 'undefined' is not a valid enum value of type CanvasTextAlign. @ http://localhost:8000/js/rmmz_core.js:1676
[   91309ms] [WARNING] The provided value 'undefined' is not a valid enum value of type CanvasTextAlign. @ http://localhost:8000/js/rmmz_core.js:1676
[   91409ms] [WARNING] The provided value 'undefined' is not a valid enum value of type CanvasTextAlign. @ http://localhost:8000/js/rmmz_core.js:1676
[   91410ms] [WARNING] The provided value 'undefined' is not a valid enum value of type CanvasTextAlign. @ http://localhost:8000/js/rmmz_core.js:1676
[   91410ms] [WARNING] The provided value 'undefined' is not a valid enum value of type CanvasTextAlign. @ http://localhost:8000/js/rmmz_core.js:1676
[   91410ms] [WARNING] The provided value 'undefined' is not a valid enum value of type CanvasTextAlign. @ http://localhost:8000/js/rmmz_core.js:1676
[   91410ms] [WARNING] The provided value 'undefined' is not a valid enum value of type CanvasTextAlign. @ http://localhost:8000/js/rmmz_core.js:1676
[   91411ms] [WARNING] The provided value 'undefined' is not a valid enum value of type CanvasTextAlign. @ http://localhost:8000/js/rmmz_core.js:1676
[   91411ms] [WARNING] The provided value 'undefined' is not a valid enum value of type CanvasTextAlign. @ http://localhost:8000/js/rmmz_core.js:1676
[   91411ms] [WARNING] The provided value 'undefined' is not a valid enum value of type CanvasTextAlign. @ http://localhost:8000/js/rmmz_core.js:1676
[   91411ms] [WARNING] The provided value 'undefined' is not a valid enum value of type CanvasTextAlign. @ http://localhost:8000/js/rmmz_core.js:1676
[   91513ms] [WARNING] The provided value 'undefined' is not a valid enum value of type CanvasTextAlign. @ http://localhost:8000/js/rmmz_core.js:1676
[   91514ms] [WARNING] The provided value 'undefined' is not a valid enum value of type CanvasTextAlign. @ http://localhost:8000/js/rmmz_core.js:1676
[   91514ms] [WARNING] The provided value 'undefined' is not a valid enum value of type CanvasTextAlign. @ http://localhost:8000/js/rmmz_core.js:1676
[   91514ms] [WARNING] The provided value 'undefined' is not a valid enum value of type CanvasTextAlign. @ http://localhost:8000/js/rmmz_core.js:1676
[   91514ms] [WARNING] The provided value 'undefined' is not a valid enum value of type CanvasTextAlign. @ http://localhost:8000/js/rmmz_core.js:1676
[   91515ms] [WARNING] The provided value 'undefined' is not a valid enum value of type CanvasTextAlign. @ http://localhost:8000/js/rmmz_core.js:1676
[   91515ms] [WARNING] The provided value 'undefined' is not a valid enum value of type CanvasTextAlign. @ http://localhost:8000/js/rmmz_core.js:1676
[   91515ms] [WARNING] The provided value 'undefined' is not a valid enum value of type CanvasTextAlign. @ http://localhost:8000/js/rmmz_core.js:1676
[   91516ms] [WARNING] The provided value 'undefined' is not a valid enum value of type CanvasTextAlign. @ http://localhost:8000/js/rmmz_core.js:1676
[   91616ms] [WARNING] The provided value 'undefined' is not a valid enum value of type CanvasTextAlign. @ http://localhost:8000/js/rmmz_core.js:1676
[   91617ms] [WARNING] The provided value 'undefined' is not a valid enum value of type CanvasTextAlign. @ http://localhost:8000/js/rmmz_core.js:1676
[   91617ms] [WARNING] The provided value 'undefined' is not a valid enum value of type CanvasTextAlign. @ http://localhost:8000/js/rmmz_core.js:1676
[   91617ms] [WARNING] The provided value 'undefined' is not a valid enum value of type CanvasTextAlign. @ http://localhost:8000/js/rmmz_core.js:1676
[   91617ms] [WARNING] The provided value 'undefined' is not a valid enum value of type CanvasTextAlign. @ http://localhost:8000/js/rmmz_core.js:1676
[   91618ms] [WARNING] The provided value 'undefined' is not a valid enum value of type CanvasTextAlign. @ http://localhost:8000/js/rmmz_core.js:1676
[   91618ms] [WARNING] The provided value 'undefined' is not a valid enum value of type CanvasTextAlign. @ http://localhost:8000/js/rmmz_core.js:1676
[   91618ms] [WARNING] The provided value 'undefined' is not a valid enum value of type CanvasTextAlign. @ http://localhost:8000/js/rmmz_core.js:1676
[   91618ms] [WARNING] The provided value 'undefined' is not a valid enum value of type CanvasTextAlign. @ http://localhost:8000/js/rmmz_core.js:1676
[   91704ms] [WARNING] The provided value 'undefined' is not a valid enum value of type CanvasTextAlign. @ http://localhost:8000/js/rmmz_core.js:1676
[   91705ms] [WARNING] The provided value 'undefined' is not a valid enum value of type CanvasTextAlign. @ http://localhost:8000/js/rmmz_core.js:1676
[   91705ms] [WARNING] The provided value 'undefined' is not a valid enum value of type CanvasTextAlign. @ http://localhost:8000/js/rmmz_core.js:1676
[   91705ms] [WARNING] The provided value 'undefined' is not a valid enum value of type CanvasTextAlign. @ http://localhost:8000/js/rmmz_core.js:1676
[   91705ms] [WARNING] The provided value 'undefined' is not a valid enum value of type CanvasTextAlign. @ http://localhost:8000/js/rmmz_core.js:1676
[   91706ms] [WARNING] The provided value 'undefined' is not a valid enum value of type CanvasTextAlign. @ http://localhost:8000/js/rmmz_core.js:1676
[   91706ms] [WARNING] The provided value 'undefined' is not a valid enum value of type CanvasTextAlign. @ http://localhost:8000/js/rmmz_core.js:1676
[   91706ms] [WARNING] The provided value 'undefined' is not a valid enum value of type CanvasTextAlign. @ http://localhost:8000/js/rmmz_core.js:1676
[   91706ms] [WARNING] The provided value 'undefined' is not a valid enum value of type CanvasTextAlign. @ http://localhost:8000/js/rmmz_core.js:1676
[   91706ms] [WARNING] The provided value 'undefined' is not a valid enum value of type CanvasTextAlign. @ http://localhost:8000/js/rmmz_core.js:1676
[   91706ms] [WARNING] The provided value 'undefined' is not a valid enum value of type CanvasTextAlign. @ http://localhost:8000/js/rmmz_core.js:1676
[   91707ms] [WARNING] The provided value 'undefined' is not a valid enum value of type CanvasTextAlign. @ http://localhost:8000/js/rmmz_core.js:1676
[   91707ms] [WARNING] The provided value 'undefined' is not a valid enum value of type CanvasTextAlign. @ http://localhost:8000/js/rmmz_core.js:1676
[   91707ms] [WARNING] The provided value 'undefined' is not a valid enum value of type CanvasTextAlign. @ http://localhost:8000/js/rmmz_core.js:1676
[   91707ms] [WARNING] The provided value 'undefined' is not a valid enum value of type CanvasTextAlign. @ http://localhost:8000/js/rmmz_core.js:1676
[   91707ms] [WARNING] The provided value 'undefined' is not a valid enum value of type CanvasTextAlign. @ http://localhost:8000/js/rmmz_core.js:1676
[   91708ms] [WARNING] The provided value 'undefined' is not a valid enum value of type CanvasTextAlign. @ http://localhost:8000/js/rmmz_core.js:1676
[   91708ms] [WARNING] The provided value 'undefined' is not a valid enum value of type CanvasTextAlign. @ http://localhost:8000/js/rmmz_core.js:1676
[   91817ms] [WARNING] The provided value 'undefined' is not a valid enum value of type CanvasTextAlign. @ http://localhost:8000/js/rmmz_core.js:1676
[   91818ms] [WARNING] The provided value 'undefined' is not a valid enum value of type CanvasTextAlign. @ http://localhost:8000/js/rmmz_core.js:1676
[   91818ms] [WARNING] The provided value 'undefined' is not a valid enum value of type CanvasTextAlign. @ http://localhost:8000/js/rmmz_core.js:1676
[   91818ms] [WARNING] The provided value 'undefined' is not a valid enum value of type CanvasTextAlign. @ http://localhost:8000/js/rmmz_core.js:1676
[   91818ms] [WARNING] The provided value 'undefined' is not a valid enum value of type CanvasTextAlign. @ http://localhost:8000/js/rmmz_core.js:1676
[   91818ms] [WARNING] The provided value 'undefined' is not a valid enum value of type CanvasTextAlign. @ http://localhost:8000/js/rmmz_core.js:1676
[   91818ms] [WARNING] The provided value 'undefined' is not a valid enum value of type CanvasTextAlign. @ http://localhost:8000/js/rmmz_core.js:1676
[   91819ms] [WARNING] The provided value 'undefined' is not a valid enum value of type CanvasTextAlign. @ http://localhost:8000/js/rmmz_core.js:1676
[   91819ms] [WARNING] The provided value 'undefined' is not a valid enum value of type CanvasTextAlign. @ http://localhost:8000/js/rmmz_core.js:1676
[   91917ms] [WARNING] The provided value 'undefined' is not a valid enum value of type CanvasTextAlign. @ http://localhost:8000/js/rmmz_core.js:1676
[   91918ms] [WARNING] The provided value 'undefined' is not a valid enum value of type CanvasTextAlign. @ http://localhost:8000/js/rmmz_core.js:1676
[   91918ms] [WARNING] The provided value 'undefined' is not a valid enum value of type CanvasTextAlign. @ http://localhost:8000/js/rmmz_core.js:1676
[   91918ms] [WARNING] The provided value 'undefined' is not a valid enum value of type CanvasTextAlign. @ http://localhost:8000/js/rmmz_core.js:1676
[   91919ms] [WARNING] The provided value 'undefined' is not a valid enum value of type CanvasTextAlign. @ http://localhost:8000/js/rmmz_core.js:1676
[   91919ms] [WARNING] The provided value 'undefined' is not a valid enum value of type CanvasTextAlign. @ http://localhost:8000/js/rmmz_core.js:1676
[   91919ms] [WARNING] The provided value 'undefined' is not a valid enum value of type CanvasTextAlign. @ http://localhost:8000/js/rmmz_core.js:1676
[   91919ms] [WARNING] The provided value 'undefined' is not a valid enum value of type CanvasTextAlign. @ http://localhost:8000/js/rmmz_core.js:1676
[   91919ms] [WARNING] The provided value 'undefined' is not a valid enum value of type CanvasTextAlign. @ http://localhost:8000/js/rmmz_core.js:1676
[   92005ms] [WARNING] The provided value 'undefined' is not a valid enum value of type CanvasTextAlign. @ http://localhost:8000/js/rmmz_core.js:1676
[   92006ms] [WARNING] The provided value 'undefined' is not a valid enum value of type CanvasTextAlign. @ http://localhost:8000/js/rmmz_core.js:1676
[   92006ms] [WARNING] The provided value 'undefined' is not a valid enum value of type CanvasTextAlign. @ http://localhost:8000/js/rmmz_core.js:1676
[   92006ms] [WARNING] The provided value 'undefined' is not a valid enum value of type CanvasTextAlign. @ http://localhost:8000/js/rmmz_core.js:1676
[   92006ms] [WARNING] The provided value 'undefined' is not a valid enum value of type CanvasTextAlign. @ http://localhost:8000/js/rmmz_core.js:1676
[   92007ms] [WARNING] The provided value 'undefined' is not a valid enum value of type CanvasTextAlign. @ http://localhost:8000/js/rmmz_core.js:1676
[   92007ms] [WARNING] The provided value 'undefined' is not a valid enum value of type CanvasTextAlign. @ http://localhost:8000/js/rmmz_core.js:1676
[   92007ms] [WARNING] The provided value 'undefined' is not a valid enum value of type CanvasTextAlign. @ http://localhost:8000/js/rmmz_core.js:1676
[   92007ms] [WARNING] The provided value 'undefined' is not a valid enum value of type CanvasTextAlign. @ http://localhost:8000/js/rmmz_core.js:1676
[   92122ms] [WARNING] The provided value 'undefined' is not a valid enum value of type CanvasTextAlign. @ http://localhost:8000/js/rmmz_core.js:1676
[   92122ms] [WARNING] The provided value 'undefined' is not a valid enum value of type CanvasTextAlign. @ http://localhost:8000/js/rmmz_core.js:1676
[   92123ms] [WARNING] The provided value 'undefined' is not a valid enum value of type CanvasTextAlign. @ http://localhost:8000/js/rmmz_core.js:1676
[   92123ms] [WARNING] The provided value 'undefined' is not a valid enum value of type CanvasTextAlign. @ http://localhost:8000/js/rmmz_core.js:1676
[   92123ms] [WARNING] The provided value 'undefined' is not a valid enum value of type CanvasTextAlign. @ http://localhost:8000/js/rmmz_core.js:1676
[   92123ms] [WARNING] The provided value 'undefined' is not a valid enum value of type CanvasTextAlign. @ http://localhost:8000/js/rmmz_core.js:1676
[   92123ms] [WARNING] The provided value 'undefined' is not a valid enum value of type CanvasTextAlign. @ http://localhost:8000/js/rmmz_core.js:1676
[   92124ms] [WARNING] The provided value 'undefined' is not a valid enum value of type CanvasTextAlign. @ http://localhost:8000/js/rmmz_core.js:1676
[   92124ms] [WARNING] The provided value 'undefined' is not a valid enum value of type CanvasTextAlign. @ http://localhost:8000/js/rmmz_core.js:1676
[   92210ms] [WARNING] The provided value 'undefined' is not a valid enum value of type CanvasTextAlign. @ http://localhost:8000/js/rmmz_core.js:1676
[   92211ms] [WARNING] The provided value 'undefined' is not a valid enum value of type CanvasTextAlign. @ http://localhost:8000/js/rmmz_core.js:1676
[   92211ms] [WARNING] The provided value 'undefined' is not a valid enum value of type CanvasTextAlign. @ http://localhost:8000/js/rmmz_core.js:1676
[   92211ms] [WARNING] The provided value 'undefined' is not a valid enum value of type CanvasTextAlign. @ http://localhost:8000/js/rmmz_core.js:1676
[   92212ms] [WARNING] The provided value 'undefined' is not a valid enum value of type CanvasTextAlign. @ http://localhost:8000/js/rmmz_core.js:1676
[   92212ms] [WARNING] The provided value 'undefined' is not a valid enum value of type CanvasTextAlign. @ http://localhost:8000/js/rmmz_core.js:1676
[   92212ms] [WARNING] The provided value 'undefined' is not a valid enum value of type CanvasTextAlign. @ http://localhost:8000/js/rmmz_core.js:1676
[   92212ms] [WARNING] The provided value 'undefined' is not a valid enum value of type CanvasTextAlign. @ http://localhost:8000/js/rmmz_core.js:1676
[   92212ms] [WARNING] The provided value 'undefined' is not a valid enum value of type CanvasTextAlign. @ http://localhost:8000/js/rmmz_core.js:1676
[   92312ms] [WARNING] The provided value 'undefined' is not a valid enum value of type CanvasTextAlign. @ http://localhost:8000/js/rmmz_core.js:1676
[   92313ms] [WARNING] The provided value 'undefined' is not a valid enum value of type CanvasTextAlign. @ http://localhost:8000/js/rmmz_core.js:1676
[   92313ms] [WARNING] The provided value 'undefined' is not a valid enum value of type CanvasTextAlign. @ http://localhost:8000/js/rmmz_core.js:1676
[   92313ms] [WARNING] The provided value 'undefined' is not a valid enum value of type CanvasTextAlign. @ http://localhost:8000/js/rmmz_core.js:1676
[   92313ms] [WARNING] The provided value 'undefined' is not a valid enum value of type CanvasTextAlign. @ http://localhost:8000/js/rmmz_core.js:1676
[   92314ms] [WARNING] The provided value 'undefined' is not a valid enum value of type CanvasTextAlign. @ http://localhost:8000/js/rmmz_core.js:1676
[   92314ms] [WARNING] The provided value 'undefined' is not a valid enum value of type CanvasTextAlign. @ http://localhost:8000/js/rmmz_core.js:1676
[   92314ms] [WARNING] The provided value 'undefined' is not a valid enum value of type CanvasTextAlign. @ http://localhost:8000/js/rmmz_core.js:1676
[   92314ms] [WARNING] The provided value 'undefined' is not a valid enum value of type CanvasTextAlign. @ http://localhost:8000/js/rmmz_core.js:1676
[   92414ms] [WARNING] The provided value 'undefined' is not a valid enum value of type CanvasTextAlign. @ http://localhost:8000/js/rmmz_core.js:1676
[   92415ms] [WARNING] The provided value 'undefined' is not a valid enum value of type CanvasTextAlign. @ http://localhost:8000/js/rmmz_core.js:1676
[   92415ms] [WARNING] The provided value 'undefined' is not a valid enum value of type CanvasTextAlign. @ http://localhost:8000/js/rmmz_core.js:1676
[   92415ms] [WARNING] The provided value 'undefined' is not a valid enum value of type CanvasTextAlign. @ http://localhost:8000/js/rmmz_core.js:1676
[   92415ms] [WARNING] The provided value 'undefined' is not a valid enum value of type CanvasTextAlign. @ http://localhost:8000/js/rmmz_core.js:1676
[   92415ms] [WARNING] The provided value 'undefined' is not a valid enum value of type CanvasTextAlign. @ http://localhost:8000/js/rmmz_core.js:1676
[   92415ms] [WARNING] The provided value 'undefined' is not a valid enum value of type CanvasTextAlign. @ http://localhost:8000/js/rmmz_core.js:1676
[   92416ms] [WARNING] The provided value 'undefined' is not a valid enum value of type CanvasTextAlign. @ http://localhost:8000/js/rmmz_core.js:1676
[   92416ms] [WARNING] The provided value 'undefined' is not a valid enum value of type CanvasTextAlign. @ http://localhost:8000/js/rmmz_core.js:1676
[   92504ms] [WARNING] The provided value 'undefined' is not a valid enum value of type CanvasTextAlign. @ http://localhost:8000/js/rmmz_core.js:1676
[   92504ms] [WARNING] The provided value 'undefined' is not a valid enum value of type CanvasTextAlign. @ http://localhost:8000/js/rmmz_core.js:1676
[   92504ms] [WARNING] The provided value 'undefined' is not a valid enum value of type CanvasTextAlign. @ http://localhost:8000/js/rmmz_core.js:1676
[   92504ms] [WARNING] The provided value 'undefined' is not a valid enum value of type CanvasTextAlign. @ http://localhost:8000/js/rmmz_core.js:1676
[   92505ms] [WARNING] The provided value 'undefined' is not a valid enum value of type CanvasTextAlign. @ http://localhost:8000/js/rmmz_core.js:1676
[   92505ms] [WARNING] The provided value 'undefined' is not a valid enum value of type CanvasTextAlign. @ http://localhost:8000/js/rmmz_core.js:1676
[   92505ms] [WARNING] The provided value 'undefined' is not a valid enum value of type CanvasTextAlign. @ http://localhost:8000/js/rmmz_core.js:1676
[   92506ms] [WARNING] The provided value 'undefined' is not a valid enum value of type CanvasTextAlign. @ http://localhost:8000/js/rmmz_core.js:1676
[   92506ms] [WARNING] The provided value 'undefined' is not a valid enum value of type CanvasTextAlign. @ http://localhost:8000/js/rmmz_core.js:1676
[   92619ms] [WARNING] The provided value 'undefined' is not a valid enum value of type CanvasTextAlign. @ http://localhost:8000/js/rmmz_core.js:1676
[   92620ms] [WARNING] The provided value 'undefined' is not a valid enum value of type CanvasTextAlign. @ http://localhost:8000/js/rmmz_core.js:1676
[   92620ms] [WARNING] The provided value 'undefined' is not a valid enum value of type CanvasTextAlign. @ http://localhost:8000/js/rmmz_core.js:1676
[   92620ms] [WARNING] The provided value 'undefined' is not a valid enum value of type CanvasTextAlign. @ http://localhost:8000/js/rmmz_core.js:1676
[   92621ms] [WARNING] The provided value 'undefined' is not a valid enum value of type CanvasTextAlign. @ http://localhost:8000/js/rmmz_core.js:1676
[   92621ms] [WARNING] The provided value 'undefined' is not a valid enum value of type CanvasTextAlign. @ http://localhost:8000/js/rmmz_core.js:1676
[   92621ms] [WARNING] The provided value 'undefined' is not a valid enum value of type CanvasTextAlign. @ http://localhost:8000/js/rmmz_core.js:1676
[   92622ms] [WARNING] The provided value 'undefined' is not a valid enum value of type CanvasTextAlign. @ http://localhost:8000/js/rmmz_core.js:1676
[   92622ms] [WARNING] The provided value 'undefined' is not a valid enum value of type CanvasTextAlign. @ http://localhost:8000/js/rmmz_core.js:1676
[   92671ms] [LOG] RACE_EVENT: {
  "type": "SAFE_CLICK",
  "frame": 1421,
  "vars": {
    "RACE_ID": 1,
    "SCENE_INDEX": 2,
    "SCENE_TYPE": 0,
    "P_CENA": 0,
    "CONSCIENCIA": 50,
    "PONTOS_GLORIA": 150,
    "TAXA_SUCESSO": 0,
    "ROLL_RESULT": 0,
    "TIMER_FRAMES": 0,
    "SCENE_START": 1164,
    "SEED": 0,
    "RACE_N_CENAS": 6,
    "ATTEMPT_N": 7,
    "LAST_RENDERED_INDEX": 1,
    "HOVER_LEVEL": 0,
    "TIMER_TIMEOUT_FLAG": 1,
    "VITORIA_PASSOU": 0,
    "GLORIA_META": 200,
    "TIMER_SECONDS": 1,
    "SCENE_DISPLAY": 2
  },
  "switches": {
    "RACE_ACTIVE": true,
    "INPUT_LOCKED": true,
    "CRASH_FLAG": false,
    "LAST_ACTION_SAFE": true,
    "PAUSED": false,
    "IS_CURVA_DIABO": false
  },
  "timestamp": "2026-07-07T07:25:44.952Z"
} @ http://localhost:8000/js/plugins/Jhonny_RaceHelper.js:234
[   92707ms] [WARNING] The provided value 'undefined' is not a valid enum value of type CanvasTextAlign. @ http://localhost:8000/js/rmmz_core.js:1676
[   92707ms] [WARNING] The provided value 'undefined' is not a valid enum value of type CanvasTextAlign. @ http://localhost:8000/js/rmmz_core.js:1676
[   92707ms] [WARNING] The provided value 'undefined' is not a valid enum value of type CanvasTextAlign. @ http://localhost:8000/js/rmmz_core.js:1676
[   92707ms] [WARNING] The provided value 'undefined' is not a valid enum value of type CanvasTextAlign. @ http://localhost:8000/js/rmmz_core.js:1676
[   92707ms] [WARNING] The provided value 'undefined' is not a valid enum value of type CanvasTextAlign. @ http://localhost:8000/js/rmmz_core.js:1676
[   92708ms] [WARNING] The provided value 'undefined' is not a valid enum value of type CanvasTextAlign. @ http://localhost:8000/js/rmmz_core.js:1676
[   92708ms] [WARNING] The provided value 'undefined' is not a valid enum value of type CanvasTextAlign. @ http://localhost:8000/js/rmmz_core.js:1676
[   92708ms] [WARNING] The provided value 'undefined' is not a valid enum value of type CanvasTextAlign. @ http://localhost:8000/js/rmmz_core.js:1676
[   92708ms] [WARNING] The provided value 'undefined' is not a valid enum value of type CanvasTextAlign. @ http://localhost:8000/js/rmmz_core.js:1676
[   92708ms] [WARNING] The provided value 'undefined' is not a valid enum value of type CanvasTextAlign. @ http://localhost:8000/js/rmmz_core.js:1676
[   92708ms] [WARNING] The provided value 'undefined' is not a valid enum value of type CanvasTextAlign. @ http://localhost:8000/js/rmmz_core.js:1676
[   92708ms] [WARNING] The provided value 'undefined' is not a valid enum value of type CanvasTextAlign. @ http://localhost:8000/js/rmmz_core.js:1676
[   92708ms] [WARNING] The provided value 'undefined' is not a valid enum value of type CanvasTextAlign. @ http://localhost:8000/js/rmmz_core.js:1676
[   92709ms] [WARNING] The provided value 'undefined' is not a valid enum value of type CanvasTextAlign. @ http://localhost:8000/js/rmmz_core.js:1676
[   92709ms] [WARNING] The provided value 'undefined' is not a valid enum value of type CanvasTextAlign. @ http://localhost:8000/js/rmmz_core.js:1676
[   92709ms] [WARNING] The provided value 'undefined' is not a valid enum value of type CanvasTextAlign. @ http://localhost:8000/js/rmmz_core.js:1676
[   92709ms] [WARNING] The provided value 'undefined' is not a valid enum value of type CanvasTextAlign. @ http://localhost:8000/js/rmmz_core.js:1676
[   92709ms] [WARNING] The provided value 'undefined' is not a valid enum value of type CanvasTextAlign. @ http://localhost:8000/js/rmmz_core.js:1676
[   92709ms] [WARNING] The provided value 'undefined' is not a valid enum value of type CanvasTextAlign. @ http://localhost:8000/js/rmmz_core.js:1676
[   92709ms] [WARNING] The provided value 'undefined' is not a valid enum value of type CanvasTextAlign. @ http://localhost:8000/js/rmmz_core.js:1676
[   92709ms] [WARNING] The provided value 'undefined' is not a valid enum value of type CanvasTextAlign. @ http://localhost:8000/js/rmmz_core.js:1676
[   92709ms] [WARNING] The provided value 'undefined' is not a valid enum value of type CanvasTextAlign. @ http://localhost:8000/js/rmmz_core.js:1676
[   92710ms] [WARNING] The provided value 'undefined' is not a valid enum value of type CanvasTextAlign. @ http://localhost:8000/js/rmmz_core.js:1676
[   92710ms] [WARNING] The provided value 'undefined' is not a valid enum value of type CanvasTextAlign. @ http://localhost:8000/js/rmmz_core.js:1676
[   92710ms] [WARNING] The provided value 'undefined' is not a valid enum value of type CanvasTextAlign. @ http://localhost:8000/js/rmmz_core.js:1676
[   92710ms] [WARNING] The provided value 'undefined' is not a valid enum value of type CanvasTextAlign. @ http://localhost:8000/js/rmmz_core.js:1676
[   92710ms] [WARNING] The provided value 'undefined' is not a valid enum value of type CanvasTextAlign. @ http://localhost:8000/js/rmmz_core.js:1676
[   92710ms] [WARNING] The provided value 'undefined' is not a valid enum value of type CanvasTextAlign. @ http://localhost:8000/js/rmmz_core.js:1676
[   92710ms] [WARNING] The provided value 'undefined' is not a valid enum value of type CanvasTextAlign. @ http://localhost:8000/js/rmmz_core.js:1676
[   92710ms] [WARNING] The provided value 'undefined' is not a valid enum value of type CanvasTextAlign. @ http://localhost:8000/js/rmmz_core.js:1676
[   92711ms] [WARNING] The provided value 'undefined' is not a valid enum value of type CanvasTextAlign. @ http://localhost:8000/js/rmmz_core.js:1676
[   92711ms] [WARNING] The provided value 'undefined' is not a valid enum value of type CanvasTextAlign. @ http://localhost:8000/js/rmmz_core.js:1676
[   92711ms] [WARNING] The provided value 'undefined' is not a valid enum value of type CanvasTextAlign. @ http://localhost:8000/js/rmmz_core.js:1676
[   92711ms] [WARNING] The provided value 'undefined' is not a valid enum value of type CanvasTextAlign. @ http://localhost:8000/js/rmmz_core.js:1676
[   92711ms] [WARNING] The provided value 'undefined' is not a valid enum value of type CanvasTextAlign. @ http://localhost:8000/js/rmmz_core.js:1676
[   92711ms] [WARNING] The provided value 'undefined' is not a valid enum value of type CanvasTextAlign. @ http://localhost:8000/js/rmmz_core.js:1676
[   92712ms] [WARNING] The provided value 'undefined' is not a valid enum value of type CanvasTextAlign. @ http://localhost:8000/js/rmmz_core.js:1676
[   92712ms] [WARNING] The provided value 'undefined' is not a valid enum value of type CanvasTextAlign. @ http://localhost:8000/js/rmmz_core.js:1676
[   92712ms] [WARNING] The provided value 'undefined' is not a valid enum value of type CanvasTextAlign. @ http://localhost:8000/js/rmmz_core.js:1676
[   92712ms] [WARNING] The provided value 'undefined' is not a valid enum value of type CanvasTextAlign. @ http://localhost:8000/js/rmmz_core.js:1676
[   92712ms] [WARNING] The provided value 'undefined' is not a valid enum value of type CanvasTextAlign. @ http://localhost:8000/js/rmmz_core.js:1676
[   92713ms] [WARNING] The provided value 'undefined' is not a valid enum value of type CanvasTextAlign. @ http://localhost:8000/js/rmmz_core.js:1676
[   92713ms] [WARNING] The provided value 'undefined' is not a valid enum value of type CanvasTextAlign. @ http://localhost:8000/js/rmmz_core.js:1676
[   92713ms] [WARNING] The provided value 'undefined' is not a valid enum value of type CanvasTextAlign. @ http://localhost:8000/js/rmmz_core.js:1676
[   92713ms] [WARNING] The provided value 'undefined' is not a valid enum value of type CanvasTextAlign. @ http://localhost:8000/js/rmmz_core.js:1676
[   92713ms] [WARNING] The provided value 'undefined' is not a valid enum value of type CanvasTextAlign. @ http://localhost:8000/js/rmmz_core.js:1676
[   92713ms] [WARNING] The provided value 'undefined' is not a valid enum value of type CanvasTextAlign. @ http://localhost:8000/js/rmmz_core.js:1676
[   92714ms] [WARNING] The provided value 'undefined' is not a valid enum value of type CanvasTextAlign. @ http://localhost:8000/js/rmmz_core.js:1676
[   92714ms] [WARNING] The provided value 'undefined' is not a valid enum value of type CanvasTextAlign. @ http://localhost:8000/js/rmmz_core.js:1676
[   92714ms] [WARNING] The provided value 'undefined' is not a valid enum value of type CanvasTextAlign. @ http://localhost:8000/js/rmmz_core.js:1676
[   92714ms] [WARNING] The provided value 'undefined' is not a valid enum value of type CanvasTextAlign. @ http://localhost:8000/js/rmmz_core.js:1676
[   92714ms] [WARNING] The provided value 'undefined' is not a valid enum value of type CanvasTextAlign. @ http://localhost:8000/js/rmmz_core.js:1676
[   92714ms] [WARNING] The provided value 'undefined' is not a valid enum value of type CanvasTextAlign. @ http://localhost:8000/js/rmmz_core.js:1676
[   92714ms] [WARNING] The provided value 'undefined' is not a valid enum value of type CanvasTextAlign. @ http://localhost:8000/js/rmmz_core.js:1676
[   92714ms] [WARNING] The provided value 'undefined' is not a valid enum value of type CanvasTextAlign. @ http://localhost:8000/js/rmmz_core.js:1676
[   92715ms] [WARNING] The provided value 'undefined' is not a valid enum value of type CanvasTextAlign. @ http://localhost:8000/js/rmmz_core.js:1676
[   92715ms] [WARNING] The provided value 'undefined' is not a valid enum value of type CanvasTextAlign. @ http://localhost:8000/js/rmmz_core.js:1676
[   92715ms] [WARNING] The provided value 'undefined' is not a valid enum value of type CanvasTextAlign. @ http://localhost:8000/js/rmmz_core.js:1676
[   92715ms] [WARNING] The provided value 'undefined' is not a valid enum value of type CanvasTextAlign. @ http://localhost:8000/js/rmmz_core.js:1676
[   92715ms] [WARNING] The provided value 'undefined' is not a valid enum value of type CanvasTextAlign. @ http://localhost:8000/js/rmmz_core.js:1676
[   92715ms] [WARNING] The provided value 'undefined' is not a valid enum value of type CanvasTextAlign. @ http://localhost:8000/js/rmmz_core.js:1676
[   92715ms] [WARNING] The provided value 'undefined' is not a valid enum value of type CanvasTextAlign. @ http://localhost:8000/js/rmmz_core.js:1676
[   92716ms] [WARNING] The provided value 'undefined' is not a valid enum value of type CanvasTextAlign. @ http://localhost:8000/js/rmmz_core.js:1676
[   92716ms] [WARNING] The provided value 'undefined' is not a valid enum value of type CanvasTextAlign. @ http://localhost:8000/js/rmmz_core.js:1676
[   92812ms] [WARNING] The provided value 'undefined' is not a valid enum value of type CanvasTextAlign. @ http://localhost:8000/js/rmmz_core.js:1676
[   92813ms] [WARNING] The provided value 'undefined' is not a valid enum value of type CanvasTextAlign. @ http://localhost:8000/js/rmmz_core.js:1676
[   92813ms] [WARNING] The provided value 'undefined' is not a valid enum value of type CanvasTextAlign. @ http://localhost:8000/js/rmmz_core.js:1676
[   92813ms] [WARNING] The provided value 'undefined' is not a valid enum value of type CanvasTextAlign. @ http://localhost:8000/js/rmmz_core.js:1676
[   92813ms] [WARNING] The provided value 'undefined' is not a valid enum value of type CanvasTextAlign. @ http://localhost:8000/js/rmmz_core.js:1676
[   92814ms] [WARNING] The provided value 'undefined' is not a valid enum value of type CanvasTextAlign. @ http://localhost:8000/js/rmmz_core.js:1676
[   92814ms] [WARNING] The provided value 'undefined' is not a valid enum value of type CanvasTextAlign. @ http://localhost:8000/js/rmmz_core.js:1676
[   92814ms] [WARNING] The provided value 'undefined' is not a valid enum value of type CanvasTextAlign. @ http://localhost:8000/js/rmmz_core.js:1676
[   92814ms] [WARNING] The provided value 'undefined' is not a valid enum value of type CanvasTextAlign. @ http://localhost:8000/js/rmmz_core.js:1676
[   92913ms] [WARNING] The provided value 'undefined' is not a valid enum value of type CanvasTextAlign. @ http://localhost:8000/js/rmmz_core.js:1676
[   92914ms] [WARNING] The provided value 'undefined' is not a valid enum value of type CanvasTextAlign. @ http://localhost:8000/js/rmmz_core.js:1676
[   92914ms] [WARNING] The provided value 'undefined' is not a valid enum value of type CanvasTextAlign. @ http://localhost:8000/js/rmmz_core.js:1676
[   92914ms] [WARNING] The provided value 'undefined' is not a valid enum value of type CanvasTextAlign. @ http://localhost:8000/js/rmmz_core.js:1676
[   92914ms] [WARNING] The provided value 'undefined' is not a valid enum value of type CanvasTextAlign. @ http://localhost:8000/js/rmmz_core.js:1676
[   92915ms] [WARNING] The provided value 'undefined' is not a valid enum value of type CanvasTextAlign. @ http://localhost:8000/js/rmmz_core.js:1676
[   92915ms] [WARNING] The provided value 'undefined' is not a valid enum value of type CanvasTextAlign. @ http://localhost:8000/js/rmmz_core.js:1676
[   92915ms] [WARNING] The provided value 'undefined' is not a valid enum value of type CanvasTextAlign. @ http://localhost:8000/js/rmmz_core.js:1676
[   92915ms] [WARNING] The provided value 'undefined' is not a valid enum value of type CanvasTextAlign. @ http://localhost:8000/js/rmmz_core.js:1676
[   93016ms] [WARNING] The provided value 'undefined' is not a valid enum value of type CanvasTextAlign. @ http://localhost:8000/js/rmmz_core.js:1676
[   93017ms] [WARNING] The provided value 'undefined' is not a valid enum value of type CanvasTextAlign. @ http://localhost:8000/js/rmmz_core.js:1676
[   93017ms] [WARNING] The provided value 'undefined' is not a valid enum value of type CanvasTextAlign. @ http://localhost:8000/js/rmmz_core.js:1676
[   93017ms] [WARNING] The provided value 'undefined' is not a valid enum value of type CanvasTextAlign. @ http://localhost:8000/js/rmmz_core.js:1676
[   93017ms] [WARNING] The provided value 'undefined' is not a valid enum value of type CanvasTextAlign. @ http://localhost:8000/js/rmmz_core.js:1676
[   93018ms] [WARNING] The provided value 'undefined' is not a valid enum value of type CanvasTextAlign. @ http://localhost:8000/js/rmmz_core.js:1676
[   93018ms] [WARNING] The provided value 'undefined' is not a valid enum value of type CanvasTextAlign. @ http://localhost:8000/js/rmmz_core.js:1676
[   93018ms] [WARNING] The provided value 'undefined' is not a valid enum value of type CanvasTextAlign. @ http://localhost:8000/js/rmmz_core.js:1676
[   93018ms] [WARNING] The provided value 'undefined' is not a valid enum value of type CanvasTextAlign. @ http://localhost:8000/js/rmmz_core.js:1676
[   93119ms] [WARNING] The provided value 'undefined' is not a valid enum value of type CanvasTextAlign. @ http://localhost:8000/js/rmmz_core.js:1676
[   93119ms] [WARNING] The provided value 'undefined' is not a valid enum value of type CanvasTextAlign. @ http://localhost:8000/js/rmmz_core.js:1676
[   93119ms] [WARNING] The provided value 'undefined' is not a valid enum value of type CanvasTextAlign. @ http://localhost:8000/js/rmmz_core.js:1676
[   93119ms] [WARNING] The provided value 'undefined' is not a valid enum value of type CanvasTextAlign. @ http://localhost:8000/js/rmmz_core.js:1676
[   93120ms] [WARNING] The provided value 'undefined' is not a valid enum value of type CanvasTextAlign. @ http://localhost:8000/js/rmmz_core.js:1676
[   93120ms] [WARNING] The provided value 'undefined' is not a valid enum value of type CanvasTextAlign. @ http://localhost:8000/js/rmmz_core.js:1676
[   93120ms] [WARNING] The provided value 'undefined' is not a valid enum value of type CanvasTextAlign. @ http://localhost:8000/js/rmmz_core.js:1676
[   93120ms] [WARNING] The provided value 'undefined' is not a valid enum value of type CanvasTextAlign. @ http://localhost:8000/js/rmmz_core.js:1676
[   93121ms] [WARNING] The provided value 'undefined' is not a valid enum value of type CanvasTextAlign. @ http://localhost:8000/js/rmmz_core.js:1676
[   93222ms] [WARNING] The provided value 'undefined' is not a valid enum value of type CanvasTextAlign. @ http://localhost:8000/js/rmmz_core.js:1676
[   93222ms] [WARNING] The provided value 'undefined' is not a valid enum value of type CanvasTextAlign. @ http://localhost:8000/js/rmmz_core.js:1676
[   93222ms] [WARNING] The provided value 'undefined' is not a valid enum value of type CanvasTextAlign. @ http://localhost:8000/js/rmmz_core.js:1676
[   93222ms] [WARNING] The provided value 'undefined' is not a valid enum value of type CanvasTextAlign. @ http://localhost:8000/js/rmmz_core.js:1676
[   93223ms] [WARNING] The provided value 'undefined' is not a valid enum value of type CanvasTextAlign. @ http://localhost:8000/js/rmmz_core.js:1676
[   93223ms] [WARNING] The provided value 'undefined' is not a valid enum value of type CanvasTextAlign. @ http://localhost:8000/js/rmmz_core.js:1676
[   93223ms] [WARNING] The provided value 'undefined' is not a valid enum value of type CanvasTextAlign. @ http://localhost:8000/js/rmmz_core.js:1676
[   93224ms] [WARNING] The provided value 'undefined' is not a valid enum value of type CanvasTextAlign. @ http://localhost:8000/js/rmmz_core.js:1676
[   93224ms] [WARNING] The provided value 'undefined' is not a valid enum value of type CanvasTextAlign. @ http://localhost:8000/js/rmmz_core.js:1676
[   93312ms] [WARNING] The provided value 'undefined' is not a valid enum value of type CanvasTextAlign. @ http://localhost:8000/js/rmmz_core.js:1676
[   93312ms] [WARNING] The provided value 'undefined' is not a valid enum value of type CanvasTextAlign. @ http://localhost:8000/js/rmmz_core.js:1676
[   93312ms] [WARNING] The provided value 'undefined' is not a valid enum value of type CanvasTextAlign. @ http://localhost:8000/js/rmmz_core.js:1676
[   93312ms] [WARNING] The provided value 'undefined' is not a valid enum value of type CanvasTextAlign. @ http://localhost:8000/js/rmmz_core.js:1676
[   93313ms] [WARNING] The provided value 'undefined' is not a valid enum value of type CanvasTextAlign. @ http://localhost:8000/js/rmmz_core.js:1676
[   93313ms] [WARNING] The provided value 'undefined' is not a valid enum value of type CanvasTextAlign. @ http://localhost:8000/js/rmmz_core.js:1676
[   93313ms] [WARNING] The provided value 'undefined' is not a valid enum value of type CanvasTextAlign. @ http://localhost:8000/js/rmmz_core.js:1676
[   93313ms] [WARNING] The provided value 'undefined' is not a valid enum value of type CanvasTextAlign. @ http://localhost:8000/js/rmmz_core.js:1676
[   93314ms] [WARNING] The provided value 'undefined' is not a valid enum value of type CanvasTextAlign. @ http://localhost:8000/js/rmmz_core.js:1676
[   93403ms] [WARNING] The provided value 'undefined' is not a valid enum value of type CanvasTextAlign. @ http://localhost:8000/js/rmmz_core.js:1676
[   93404ms] [WARNING] The provided value 'undefined' is not a valid enum value of type CanvasTextAlign. @ http://localhost:8000/js/rmmz_core.js:1676
[   93404ms] [WARNING] The provided value 'undefined' is not a valid enum value of type CanvasTextAlign. @ http://localhost:8000/js/rmmz_core.js:1676
[   93404ms] [WARNING] The provided value 'undefined' is not a valid enum value of type CanvasTextAlign. @ http://localhost:8000/js/rmmz_core.js:1676
[   93405ms] [WARNING] The provided value 'undefined' is not a valid enum value of type CanvasTextAlign. @ http://localhost:8000/js/rmmz_core.js:1676
[   93405ms] [WARNING] The provided value 'undefined' is not a valid enum value of type CanvasTextAlign. @ http://localhost:8000/js/rmmz_core.js:1676
[   93405ms] [WARNING] The provided value 'undefined' is not a valid enum value of type CanvasTextAlign. @ http://localhost:8000/js/rmmz_core.js:1676
[   93405ms] [WARNING] The provided value 'undefined' is not a valid enum value of type CanvasTextAlign. @ http://localhost:8000/js/rmmz_core.js:1676
[   93405ms] [WARNING] The provided value 'undefined' is not a valid enum value of type CanvasTextAlign. @ http://localhost:8000/js/rmmz_core.js:1676
[   93519ms] [WARNING] The provided value 'undefined' is not a valid enum value of type CanvasTextAlign. @ http://localhost:8000/js/rmmz_core.js:1676
[   93519ms] [WARNING] The provided value 'undefined' is not a valid enum value of type CanvasTextAlign. @ http://localhost:8000/js/rmmz_core.js:1676
[   93519ms] [WARNING] The provided value 'undefined' is not a valid enum value of type CanvasTextAlign. @ http://localhost:8000/js/rmmz_core.js:1676
[   93520ms] [WARNING] The provided value 'undefined' is not a valid enum value of type CanvasTextAlign. @ http://localhost:8000/js/rmmz_core.js:1676
[   93520ms] [WARNING] The provided value 'undefined' is not a valid enum value of type CanvasTextAlign. @ http://localhost:8000/js/rmmz_core.js:1676
[   93520ms] [WARNING] The provided value 'undefined' is not a valid enum value of type CanvasTextAlign. @ http://localhost:8000/js/rmmz_core.js:1676
[   93520ms] [WARNING] The provided value 'undefined' is not a valid enum value of type CanvasTextAlign. @ http://localhost:8000/js/rmmz_core.js:1676
[   93521ms] [WARNING] The provided value 'undefined' is not a valid enum value of type CanvasTextAlign. @ http://localhost:8000/js/rmmz_core.js:1676
[   93521ms] [WARNING] The provided value 'undefined' is not a valid enum value of type CanvasTextAlign. @ http://localhost:8000/js/rmmz_core.js:1676
[   93609ms] [WARNING] The provided value 'undefined' is not a valid enum value of type CanvasTextAlign. @ http://localhost:8000/js/rmmz_core.js:1676
[   93609ms] [WARNING] The provided value 'undefined' is not a valid enum value of type CanvasTextAlign. @ http://localhost:8000/js/rmmz_core.js:1676
[   93609ms] [WARNING] The provided value 'undefined' is not a valid enum value of type CanvasTextAlign. @ http://localhost:8000/js/rmmz_core.js:1676
[   93609ms] [WARNING] The provided value 'undefined' is not a valid enum value of type CanvasTextAlign. @ http://localhost:8000/js/rmmz_core.js:1676
[   93610ms] [WARNING] The provided value 'undefined' is not a valid enum value of type CanvasTextAlign. @ http://localhost:8000/js/rmmz_core.js:1676
[   93610ms] [WARNING] The provided value 'undefined' is not a valid enum value of type CanvasTextAlign. @ http://localhost:8000/js/rmmz_core.js:1676
[   93610ms] [WARNING] The provided value 'undefined' is not a valid enum value of type CanvasTextAlign. @ http://localhost:8000/js/rmmz_core.js:1676
[   93611ms] [WARNING] The provided value 'undefined' is not a valid enum value of type CanvasTextAlign. @ http://localhost:8000/js/rmmz_core.js:1676
[   93611ms] [WARNING] The provided value 'undefined' is not a valid enum value of type CanvasTextAlign. @ http://localhost:8000/js/rmmz_core.js:1676
[   93710ms] [WARNING] The provided value 'undefined' is not a valid enum value of type CanvasTextAlign. @ http://localhost:8000/js/rmmz_core.js:1676
[   93711ms] [WARNING] The provided value 'undefined' is not a valid enum value of type CanvasTextAlign. @ http://localhost:8000/js/rmmz_core.js:1676
[   93711ms] [WARNING] The provided value 'undefined' is not a valid enum value of type CanvasTextAlign. @ http://localhost:8000/js/rmmz_core.js:1676
[   93711ms] [WARNING] The provided value 'undefined' is not a valid enum value of type CanvasTextAlign. @ http://localhost:8000/js/rmmz_core.js:1676
[   93711ms] [WARNING] The provided value 'undefined' is not a valid enum value of type CanvasTextAlign. @ http://localhost:8000/js/rmmz_core.js:1676
[   93712ms] [WARNING] The provided value 'undefined' is not a valid enum value of type CanvasTextAlign. @ http://localhost:8000/js/rmmz_core.js:1676
[   93712ms] [WARNING] The provided value 'undefined' is not a valid enum value of type CanvasTextAlign. @ http://localhost:8000/js/rmmz_core.js:1676
[   93712ms] [WARNING] The provided value 'undefined' is not a valid enum value of type CanvasTextAlign. @ http://localhost:8000/js/rmmz_core.js:1676
[   93713ms] [WARNING] The provided value 'undefined' is not a valid enum value of type CanvasTextAlign. @ http://localhost:8000/js/rmmz_core.js:1676
[   93811ms] [WARNING] The provided value 'undefined' is not a valid enum value of type CanvasTextAlign. @ http://localhost:8000/js/rmmz_core.js:1676
[   93812ms] [WARNING] The provided value 'undefined' is not a valid enum value of type CanvasTextAlign. @ http://localhost:8000/js/rmmz_core.js:1676
[   93812ms] [WARNING] The provided value 'undefined' is not a valid enum value of type CanvasTextAlign. @ http://localhost:8000/js/rmmz_core.js:1676
[   93812ms] [WARNING] The provided value 'undefined' is not a valid enum value of type CanvasTextAlign. @ http://localhost:8000/js/rmmz_core.js:1676
[   93812ms] [WARNING] The provided value 'undefined' is not a valid enum value of type CanvasTextAlign. @ http://localhost:8000/js/rmmz_core.js:1676
[   93813ms] [WARNING] The provided value 'undefined' is not a valid enum value of type CanvasTextAlign. @ http://localhost:8000/js/rmmz_core.js:1676
[   93813ms] [WARNING] The provided value 'undefined' is not a valid enum value of type CanvasTextAlign. @ http://localhost:8000/js/rmmz_core.js:1676
[   93813ms] [WARNING] The provided value 'undefined' is not a valid enum value of type CanvasTextAlign. @ http://localhost:8000/js/rmmz_core.js:1676
[   93813ms] [WARNING] The provided value 'undefined' is not a valid enum value of type CanvasTextAlign. @ http://localhost:8000/js/rmmz_core.js:1676
[   93914ms] [WARNING] The provided value 'undefined' is not a valid enum value of type CanvasTextAlign. @ http://localhost:8000/js/rmmz_core.js:1676
[   93914ms] [WARNING] The provided value 'undefined' is not a valid enum value of type CanvasTextAlign. @ http://localhost:8000/js/rmmz_core.js:1676
[   93914ms] [WARNING] The provided value 'undefined' is not a valid enum value of type CanvasTextAlign. @ http://localhost:8000/js/rmmz_core.js:1676
[   93914ms] [WARNING] The provided value 'undefined' is not a valid enum value of type CanvasTextAlign. @ http://localhost:8000/js/rmmz_core.js:1676
[   93915ms] [WARNING] The provided value 'undefined' is not a valid enum value of type CanvasTextAlign. @ http://localhost:8000/js/rmmz_core.js:1676
[   93915ms] [WARNING] The provided value 'undefined' is not a valid enum value of type CanvasTextAlign. @ http://localhost:8000/js/rmmz_core.js:1676
[   93915ms] [WARNING] The provided value 'undefined' is not a valid enum value of type CanvasTextAlign. @ http://localhost:8000/js/rmmz_core.js:1676
[   93916ms] [WARNING] The provided value 'undefined' is not a valid enum value of type CanvasTextAlign. @ http://localhost:8000/js/rmmz_core.js:1676
[   93916ms] [WARNING] The provided value 'undefined' is not a valid enum value of type CanvasTextAlign. @ http://localhost:8000/js/rmmz_core.js:1676
[   93916ms] [WARNING] The provided value 'undefined' is not a valid enum value of type CanvasTextAlign. @ http://localhost:8000/js/rmmz_core.js:1676
[   93916ms] [WARNING] The provided value 'undefined' is not a valid enum value of type CanvasTextAlign. @ http://localhost:8000/js/rmmz_core.js:1676
[   93916ms] [WARNING] The provided value 'undefined' is not a valid enum value of type CanvasTextAlign. @ http://localhost:8000/js/rmmz_core.js:1676
[   93916ms] [WARNING] The provided value 'undefined' is not a valid enum value of type CanvasTextAlign. @ http://localhost:8000/js/rmmz_core.js:1676
[   93916ms] [WARNING] The provided value 'undefined' is not a valid enum value of type CanvasTextAlign. @ http://localhost:8000/js/rmmz_core.js:1676
[   93916ms] [WARNING] The provided value 'undefined' is not a valid enum value of type CanvasTextAlign. @ http://localhost:8000/js/rmmz_core.js:1676
[   93916ms] [WARNING] The provided value 'undefined' is not a valid enum value of type CanvasTextAlign. @ http://localhost:8000/js/rmmz_core.js:1676
[   93917ms] [WARNING] The provided value 'undefined' is not a valid enum value of type CanvasTextAlign. @ http://localhost:8000/js/rmmz_core.js:1676
[   93917ms] [WARNING] The provided value 'undefined' is not a valid enum value of type CanvasTextAlign. @ http://localhost:8000/js/rmmz_core.js:1676
[   94017ms] [WARNING] The provided value 'undefined' is not a valid enum value of type CanvasTextAlign. @ http://localhost:8000/js/rmmz_core.js:1676
[   94017ms] [WARNING] The provided value 'undefined' is not a valid enum value of type CanvasTextAlign. @ http://localhost:8000/js/rmmz_core.js:1676
[   94017ms] [WARNING] The provided value 'undefined' is not a valid enum value of type CanvasTextAlign. @ http://localhost:8000/js/rmmz_core.js:1676
[   94017ms] [WARNING] The provided value 'undefined' is not a valid enum value of type CanvasTextAlign. @ http://localhost:8000/js/rmmz_core.js:1676
[   94018ms] [WARNING] The provided value 'undefined' is not a valid enum value of type CanvasTextAlign. @ http://localhost:8000/js/rmmz_core.js:1676
[   94018ms] [WARNING] The provided value 'undefined' is not a valid enum value of type CanvasTextAlign. @ http://localhost:8000/js/rmmz_core.js:1676
[   94018ms] [WARNING] The provided value 'undefined' is not a valid enum value of type CanvasTextAlign. @ http://localhost:8000/js/rmmz_core.js:1676
[   94018ms] [WARNING] The provided value 'undefined' is not a valid enum value of type CanvasTextAlign. @ http://localhost:8000/js/rmmz_core.js:1676
[   94018ms] [WARNING] The provided value 'undefined' is not a valid enum value of type CanvasTextAlign. @ http://localhost:8000/js/rmmz_core.js:1676
[   94108ms] [WARNING] The provided value 'undefined' is not a valid enum value of type CanvasTextAlign. @ http://localhost:8000/js/rmmz_core.js:1676
[   94108ms] [WARNING] The provided value 'undefined' is not a valid enum value of type CanvasTextAlign. @ http://localhost:8000/js/rmmz_core.js:1676
[   94108ms] [WARNING] The provided value 'undefined' is not a valid enum value of type CanvasTextAlign. @ http://localhost:8000/js/rmmz_core.js:1676
[   94109ms] [WARNING] The provided value 'undefined' is not a valid enum value of type CanvasTextAlign. @ http://localhost:8000/js/rmmz_core.js:1676
[   94109ms] [WARNING] The provided value 'undefined' is not a valid enum value of type CanvasTextAlign. @ http://localhost:8000/js/rmmz_core.js:1676
[   94109ms] [WARNING] The provided value 'undefined' is not a valid enum value of type CanvasTextAlign. @ http://localhost:8000/js/rmmz_core.js:1676
[   94109ms] [WARNING] The provided value 'undefined' is not a valid enum value of type CanvasTextAlign. @ http://localhost:8000/js/rmmz_core.js:1676
[   94110ms] [WARNING] The provided value 'undefined' is not a valid enum value of type CanvasTextAlign. @ http://localhost:8000/js/rmmz_core.js:1676
[   94110ms] [WARNING] The provided value 'undefined' is not a valid enum value of type CanvasTextAlign. @ http://localhost:8000/js/rmmz_core.js:1676
[   94211ms] [WARNING] The provided value 'undefined' is not a valid enum value of type CanvasTextAlign. @ http://localhost:8000/js/rmmz_core.js:1676
[   94211ms] [WARNING] The provided value 'undefined' is not a valid enum value of type CanvasTextAlign. @ http://localhost:8000/js/rmmz_core.js:1676
[   94211ms] [WARNING] The provided value 'undefined' is not a valid enum value of type CanvasTextAlign. @ http://localhost:8000/js/rmmz_core.js:1676
[   94211ms] [WARNING] The provided value 'undefined' is not a valid enum value of type CanvasTextAlign. @ http://localhost:8000/js/rmmz_core.js:1676
[   94212ms] [WARNING] The provided value 'undefined' is not a valid enum value of type CanvasTextAlign. @ http://localhost:8000/js/rmmz_core.js:1676
[   94212ms] [WARNING] The provided value 'undefined' is not a valid enum value of type CanvasTextAlign. @ http://localhost:8000/js/rmmz_core.js:1676
[   94212ms] [WARNING] The provided value 'undefined' is not a valid enum value of type CanvasTextAlign. @ http://localhost:8000/js/rmmz_core.js:1676
[   94213ms] [WARNING] The provided value 'undefined' is not a valid enum value of type CanvasTextAlign. @ http://localhost:8000/js/rmmz_core.js:1676
[   94213ms] [WARNING] The provided value 'undefined' is not a valid enum value of type CanvasTextAlign. @ http://localhost:8000/js/rmmz_core.js:1676
[   94312ms] [WARNING] The provided value 'undefined' is not a valid enum value of type CanvasTextAlign. @ http://localhost:8000/js/rmmz_core.js:1676
[   94313ms] [WARNING] The provided value 'undefined' is not a valid enum value of type CanvasTextAlign. @ http://localhost:8000/js/rmmz_core.js:1676
[   94313ms] [WARNING] The provided value 'undefined' is not a valid enum value of type CanvasTextAlign. @ http://localhost:8000/js/rmmz_core.js:1676
[   94313ms] [WARNING] The provided value 'undefined' is not a valid enum value of type CanvasTextAlign. @ http://localhost:8000/js/rmmz_core.js:1676
[   94314ms] [WARNING] The provided value 'undefined' is not a valid enum value of type CanvasTextAlign. @ http://localhost:8000/js/rmmz_core.js:1676
[   94314ms] [WARNING] The provided value 'undefined' is not a valid enum value of type CanvasTextAlign. @ http://localhost:8000/js/rmmz_core.js:1676
[   94314ms] [WARNING] The provided value 'undefined' is not a valid enum value of type CanvasTextAlign. @ http://localhost:8000/js/rmmz_core.js:1676
[   94314ms] [WARNING] The provided value 'undefined' is not a valid enum value of type CanvasTextAlign. @ http://localhost:8000/js/rmmz_core.js:1676
[   94314ms] [WARNING] The provided value 'undefined' is not a valid enum value of type CanvasTextAlign. @ http://localhost:8000/js/rmmz_core.js:1676
[   94417ms] [WARNING] The provided value 'undefined' is not a valid enum value of type CanvasTextAlign. @ http://localhost:8000/js/rmmz_core.js:1676
[   94417ms] [WARNING] The provided value 'undefined' is not a valid enum value of type CanvasTextAlign. @ http://localhost:8000/js/rmmz_core.js:1676
[   94417ms] [WARNING] The provided value 'undefined' is not a valid enum value of type CanvasTextAlign. @ http://localhost:8000/js/rmmz_core.js:1676
[   94417ms] [WARNING] The provided value 'undefined' is not a valid enum value of type CanvasTextAlign. @ http://localhost:8000/js/rmmz_core.js:1676
[   94418ms] [WARNING] The provided value 'undefined' is not a valid enum value of type CanvasTextAlign. @ http://localhost:8000/js/rmmz_core.js:1676
[   94418ms] [WARNING] The provided value 'undefined' is not a valid enum value of type CanvasTextAlign. @ http://localhost:8000/js/rmmz_core.js:1676
[   94418ms] [WARNING] The provided value 'undefined' is not a valid enum value of type CanvasTextAlign. @ http://localhost:8000/js/rmmz_core.js:1676
[   94419ms] [WARNING] The provided value 'undefined' is not a valid enum value of type CanvasTextAlign. @ http://localhost:8000/js/rmmz_core.js:1676
[   94419ms] [WARNING] The provided value 'undefined' is not a valid enum value of type CanvasTextAlign. @ http://localhost:8000/js/rmmz_core.js:1676
[   94507ms] [WARNING] The provided value 'undefined' is not a valid enum value of type CanvasTextAlign. @ http://localhost:8000/js/rmmz_core.js:1676
[   94508ms] [WARNING] The provided value 'undefined' is not a valid enum value of type CanvasTextAlign. @ http://localhost:8000/js/rmmz_core.js:1676
[   94508ms] [WARNING] The provided value 'undefined' is not a valid enum value of type CanvasTextAlign. @ http://localhost:8000/js/rmmz_core.js:1676
[   94508ms] [WARNING] The provided value 'undefined' is not a valid enum value of type CanvasTextAlign. @ http://localhost:8000/js/rmmz_core.js:1676
[   94509ms] [WARNING] The provided value 'undefined' is not a valid enum value of type CanvasTextAlign. @ http://localhost:8000/js/rmmz_core.js:1676
[   94509ms] [WARNING] The provided value 'undefined' is not a valid enum value of type CanvasTextAlign. @ http://localhost:8000/js/rmmz_core.js:1676
[   94509ms] [WARNING] The provided value 'undefined' is not a valid enum value of type CanvasTextAlign. @ http://localhost:8000/js/rmmz_core.js:1676
[   94509ms] [WARNING] The provided value 'undefined' is not a valid enum value of type CanvasTextAlign. @ http://localhost:8000/js/rmmz_core.js:1676
[   94509ms] [WARNING] The provided value 'undefined' is not a valid enum value of type CanvasTextAlign. @ http://localhost:8000/js/rmmz_core.js:1676
[   94610ms] [WARNING] The provided value 'undefined' is not a valid enum value of type CanvasTextAlign. @ http://localhost:8000/js/rmmz_core.js:1676
[   94611ms] [WARNING] The provided value 'undefined' is not a valid enum value of type CanvasTextAlign. @ http://localhost:8000/js/rmmz_core.js:1676
[   94611ms] [WARNING] The provided value 'undefined' is not a valid enum value of type CanvasTextAlign. @ http://localhost:8000/js/rmmz_core.js:1676
[   94611ms] [WARNING] The provided value 'undefined' is not a valid enum value of type CanvasTextAlign. @ http://localhost:8000/js/rmmz_core.js:1676
[   94611ms] [WARNING] The provided value 'undefined' is not a valid enum value of type CanvasTextAlign. @ http://localhost:8000/js/rmmz_core.js:1676
[   94611ms] [WARNING] The provided value 'undefined' is not a valid enum value of type CanvasTextAlign. @ http://localhost:8000/js/rmmz_core.js:1676
[   94612ms] [WARNING] The provided value 'undefined' is not a valid enum value of type CanvasTextAlign. @ http://localhost:8000/js/rmmz_core.js:1676
[   94612ms] [WARNING] The provided value 'undefined' is not a valid enum value of type CanvasTextAlign. @ http://localhost:8000/js/rmmz_core.js:1676
[   94612ms] [WARNING] The provided value 'undefined' is not a valid enum value of type CanvasTextAlign. @ http://localhost:8000/js/rmmz_core.js:1676
[   94712ms] [WARNING] The provided value 'undefined' is not a valid enum value of type CanvasTextAlign. @ http://localhost:8000/js/rmmz_core.js:1676
[   94712ms] [WARNING] The provided value 'undefined' is not a valid enum value of type CanvasTextAlign. @ http://localhost:8000/js/rmmz_core.js:1676
[   94712ms] [WARNING] The provided value 'undefined' is not a valid enum value of type CanvasTextAlign. @ http://localhost:8000/js/rmmz_core.js:1676
[   94713ms] [WARNING] The provided value 'undefined' is not a valid enum value of type CanvasTextAlign. @ http://localhost:8000/js/rmmz_core.js:1676
[   94713ms] [WARNING] The provided value 'undefined' is not a valid enum value of type CanvasTextAlign. @ http://localhost:8000/js/rmmz_core.js:1676
[   94713ms] [WARNING] The provided value 'undefined' is not a valid enum value of type CanvasTextAlign. @ http://localhost:8000/js/rmmz_core.js:1676
[   94713ms] [WARNING] The provided value 'undefined' is not a valid enum value of type CanvasTextAlign. @ http://localhost:8000/js/rmmz_core.js:1676
[   94714ms] [WARNING] The provided value 'undefined' is not a valid enum value of type CanvasTextAlign. @ http://localhost:8000/js/rmmz_core.js:1676
[   94714ms] [WARNING] The provided value 'undefined' is not a valid enum value of type CanvasTextAlign. @ http://localhost:8000/js/rmmz_core.js:1676
[   94813ms] [WARNING] The provided value 'undefined' is not a valid enum value of type CanvasTextAlign. @ http://localhost:8000/js/rmmz_core.js:1676
[   94814ms] [WARNING] The provided value 'undefined' is not a valid enum value of type CanvasTextAlign. @ http://localhost:8000/js/rmmz_core.js:1676
[   94814ms] [WARNING] The provided value 'undefined' is not a valid enum value of type CanvasTextAlign. @ http://localhost:8000/js/rmmz_core.js:1676
[   94814ms] [WARNING] The provided value 'undefined' is not a valid enum value of type CanvasTextAlign. @ http://localhost:8000/js/rmmz_core.js:1676
[   94814ms] [WARNING] The provided value 'undefined' is not a valid enum value of type CanvasTextAlign. @ http://localhost:8000/js/rmmz_core.js:1676
[   94815ms] [WARNING] The provided value 'undefined' is not a valid enum value of type CanvasTextAlign. @ http://localhost:8000/js/rmmz_core.js:1676
[   94815ms] [WARNING] The provided value 'undefined' is not a valid enum value of type CanvasTextAlign. @ http://localhost:8000/js/rmmz_core.js:1676
[   94815ms] [WARNING] The provided value 'undefined' is not a valid enum value of type CanvasTextAlign. @ http://localhost:8000/js/rmmz_core.js:1676
[   94815ms] [WARNING] The provided value 'undefined' is not a valid enum value of type CanvasTextAlign. @ http://localhost:8000/js/rmmz_core.js:1676
[   94904ms] [WARNING] The provided value 'undefined' is not a valid enum value of type CanvasTextAlign. @ http://localhost:8000/js/rmmz_core.js:1676
[   94904ms] [WARNING] The provided value 'undefined' is not a valid enum value of type CanvasTextAlign. @ http://localhost:8000/js/rmmz_core.js:1676
[   94904ms] [WARNING] The provided value 'undefined' is not a valid enum value of type CanvasTextAlign. @ http://localhost:8000/js/rmmz_core.js:1676
[   94905ms] [WARNING] The provided value 'undefined' is not a valid enum value of type CanvasTextAlign. @ http://localhost:8000/js/rmmz_core.js:1676
[   94905ms] [WARNING] The provided value 'undefined' is not a valid enum value of type CanvasTextAlign. @ http://localhost:8000/js/rmmz_core.js:1676
[   94905ms] [WARNING] The provided value 'undefined' is not a valid enum value of type CanvasTextAlign. @ http://localhost:8000/js/rmmz_core.js:1676
[   94905ms] [WARNING] The provided value 'undefined' is not a valid enum value of type CanvasTextAlign. @ http://localhost:8000/js/rmmz_core.js:1676
[   94906ms] [WARNING] The provided value 'undefined' is not a valid enum value of type CanvasTextAlign. @ http://localhost:8000/js/rmmz_core.js:1676
[   94906ms] [WARNING] The provided value 'undefined' is not a valid enum value of type CanvasTextAlign. @ http://localhost:8000/js/rmmz_core.js:1676
[   95018ms] [WARNING] The provided value 'undefined' is not a valid enum value of type CanvasTextAlign. @ http://localhost:8000/js/rmmz_core.js:1676
[   95019ms] [WARNING] The provided value 'undefined' is not a valid enum value of type CanvasTextAlign. @ http://localhost:8000/js/rmmz_core.js:1676
[   95019ms] [WARNING] The provided value 'undefined' is not a valid enum value of type CanvasTextAlign. @ http://localhost:8000/js/rmmz_core.js:1676
[   95019ms] [WARNING] The provided value 'undefined' is not a valid enum value of type CanvasTextAlign. @ http://localhost:8000/js/rmmz_core.js:1676
[   95020ms] [WARNING] The provided value 'undefined' is not a valid enum value of type CanvasTextAlign. @ http://localhost:8000/js/rmmz_core.js:1676
[   95020ms] [WARNING] The provided value 'undefined' is not a valid enum value of type CanvasTextAlign. @ http://localhost:8000/js/rmmz_core.js:1676
[   95020ms] [WARNING] The provided value 'undefined' is not a valid enum value of type CanvasTextAlign. @ http://localhost:8000/js/rmmz_core.js:1676
[   95020ms] [WARNING] The provided value 'undefined' is not a valid enum value of type CanvasTextAlign. @ http://localhost:8000/js/rmmz_core.js:1676
[   95021ms] [WARNING] The provided value 'undefined' is not a valid enum value of type CanvasTextAlign. @ http://localhost:8000/js/rmmz_core.js:1676
[   95110ms] [WARNING] The provided value 'undefined' is not a valid enum value of type CanvasTextAlign. @ http://localhost:8000/js/rmmz_core.js:1676
[   95110ms] [WARNING] The provided value 'undefined' is not a valid enum value of type CanvasTextAlign. @ http://localhost:8000/js/rmmz_core.js:1676
[   95110ms] [WARNING] The provided value 'undefined' is not a valid enum value of type CanvasTextAlign. @ http://localhost:8000/js/rmmz_core.js:1676
[   95110ms] [WARNING] The provided value 'undefined' is not a valid enum value of type CanvasTextAlign. @ http://localhost:8000/js/rmmz_core.js:1676
[   95111ms] [WARNING] The provided value 'undefined' is not a valid enum value of type CanvasTextAlign. @ http://localhost:8000/js/rmmz_core.js:1676
[   95111ms] [WARNING] The provided value 'undefined' is not a valid enum value of type CanvasTextAlign. @ http://localhost:8000/js/rmmz_core.js:1676
[   95111ms] [WARNING] The provided value 'undefined' is not a valid enum value of type CanvasTextAlign. @ http://localhost:8000/js/rmmz_core.js:1676
[   95112ms] [WARNING] The provided value 'undefined' is not a valid enum value of type CanvasTextAlign. @ http://localhost:8000/js/rmmz_core.js:1676
[   95112ms] [WARNING] The provided value 'undefined' is not a valid enum value of type CanvasTextAlign. @ http://localhost:8000/js/rmmz_core.js:1676
[   95213ms] [WARNING] The provided value 'undefined' is not a valid enum value of type CanvasTextAlign. @ http://localhost:8000/js/rmmz_core.js:1676
[   95214ms] [WARNING] The provided value 'undefined' is not a valid enum value of type CanvasTextAlign. @ http://localhost:8000/js/rmmz_core.js:1676
[   95214ms] [WARNING] The provided value 'undefined' is not a valid enum value of type CanvasTextAlign. @ http://localhost:8000/js/rmmz_core.js:1676
[   95214ms] [WARNING] The provided value 'undefined' is not a valid enum value of type CanvasTextAlign. @ http://localhost:8000/js/rmmz_core.js:1676
[   95214ms] [WARNING] The provided value 'undefined' is not a valid enum value of type CanvasTextAlign. @ http://localhost:8000/js/rmmz_core.js:1676
[   95215ms] [WARNING] The provided value 'undefined' is not a valid enum value of type CanvasTextAlign. @ http://localhost:8000/js/rmmz_core.js:1676
[   95215ms] [WARNING] The provided value 'undefined' is not a valid enum value of type CanvasTextAlign. @ http://localhost:8000/js/rmmz_core.js:1676
[   95215ms] [WARNING] The provided value 'undefined' is not a valid enum value of type CanvasTextAlign. @ http://localhost:8000/js/rmmz_core.js:1676
[   95215ms] [WARNING] The provided value 'undefined' is not a valid enum value of type CanvasTextAlign. @ http://localhost:8000/js/rmmz_core.js:1676
[   95304ms] [WARNING] The provided value 'undefined' is not a valid enum value of type CanvasTextAlign. @ http://localhost:8000/js/rmmz_core.js:1676
[   95305ms] [WARNING] The provided value 'undefined' is not a valid enum value of type CanvasTextAlign. @ http://localhost:8000/js/rmmz_core.js:1676
[   95305ms] [WARNING] The provided value 'undefined' is not a valid enum value of type CanvasTextAlign. @ http://localhost:8000/js/rmmz_core.js:1676
[   95305ms] [WARNING] The provided value 'undefined' is not a valid enum value of type CanvasTextAlign. @ http://localhost:8000/js/rmmz_core.js:1676
[   95306ms] [WARNING] The provided value 'undefined' is not a valid enum value of type CanvasTextAlign. @ http://localhost:8000/js/rmmz_core.js:1676
[   95306ms] [WARNING] The provided value 'undefined' is not a valid enum value of type CanvasTextAlign. @ http://localhost:8000/js/rmmz_core.js:1676
[   95306ms] [WARNING] The provided value 'undefined' is not a valid enum value of type CanvasTextAlign. @ http://localhost:8000/js/rmmz_core.js:1676
[   95306ms] [WARNING] The provided value 'undefined' is not a valid enum value of type CanvasTextAlign. @ http://localhost:8000/js/rmmz_core.js:1676
[   95306ms] [WARNING] The provided value 'undefined' is not a valid enum value of type CanvasTextAlign. @ http://localhost:8000/js/rmmz_core.js:1676
[   95421ms] [WARNING] The provided value 'undefined' is not a valid enum value of type CanvasTextAlign. @ http://localhost:8000/js/rmmz_core.js:1676
[   95421ms] [WARNING] The provided value 'undefined' is not a valid enum value of type CanvasTextAlign. @ http://localhost:8000/js/rmmz_core.js:1676
[   95421ms] [WARNING] The provided value 'undefined' is not a valid enum value of type CanvasTextAlign. @ http://localhost:8000/js/rmmz_core.js:1676
[   95422ms] [WARNING] The provided value 'undefined' is not a valid enum value of type CanvasTextAlign. @ http://localhost:8000/js/rmmz_core.js:1676
[   95422ms] [WARNING] The provided value 'undefined' is not a valid enum value of type CanvasTextAlign. @ http://localhost:8000/js/rmmz_core.js:1676
[   95422ms] [WARNING] The provided value 'undefined' is not a valid enum value of type CanvasTextAlign. @ http://localhost:8000/js/rmmz_core.js:1676
[   95422ms] [WARNING] The provided value 'undefined' is not a valid enum value of type CanvasTextAlign. @ http://localhost:8000/js/rmmz_core.js:1676
[   95423ms] [WARNING] The provided value 'undefined' is not a valid enum value of type CanvasTextAlign. @ http://localhost:8000/js/rmmz_core.js:1676
[   95423ms] [WARNING] The provided value 'undefined' is not a valid enum value of type CanvasTextAlign. @ http://localhost:8000/js/rmmz_core.js:1676
[   95511ms] [WARNING] The provided value 'undefined' is not a valid enum value of type CanvasTextAlign. @ http://localhost:8000/js/rmmz_core.js:1676
[   95512ms] [WARNING] The provided value 'undefined' is not a valid enum value of type CanvasTextAlign. @ http://localhost:8000/js/rmmz_core.js:1676
[   95512ms] [WARNING] The provided value 'undefined' is not a valid enum value of type CanvasTextAlign. @ http://localhost:8000/js/rmmz_core.js:1676
[   95512ms] [WARNING] The provided value 'undefined' is not a valid enum value of type CanvasTextAlign. @ http://localhost:8000/js/rmmz_core.js:1676
[   95513ms] [WARNING] The provided value 'undefined' is not a valid enum value of type CanvasTextAlign. @ http://localhost:8000/js/rmmz_core.js:1676
[   95513ms] [WARNING] The provided value 'undefined' is not a valid enum value of type CanvasTextAlign. @ http://localhost:8000/js/rmmz_core.js:1676
[   95513ms] [WARNING] The provided value 'undefined' is not a valid enum value of type CanvasTextAlign. @ http://localhost:8000/js/rmmz_core.js:1676
[   95513ms] [WARNING] The provided value 'undefined' is not a valid enum value of type CanvasTextAlign. @ http://localhost:8000/js/rmmz_core.js:1676
[   95513ms] [WARNING] The provided value 'undefined' is not a valid enum value of type CanvasTextAlign. @ http://localhost:8000/js/rmmz_core.js:1676
[   95613ms] [WARNING] The provided value 'undefined' is not a valid enum value of type CanvasTextAlign. @ http://localhost:8000/js/rmmz_core.js:1676
[   95614ms] [WARNING] The provided value 'undefined' is not a valid enum value of type CanvasTextAlign. @ http://localhost:8000/js/rmmz_core.js:1676
[   95614ms] [WARNING] The provided value 'undefined' is not a valid enum value of type CanvasTextAlign. @ http://localhost:8000/js/rmmz_core.js:1676
[   95614ms] [WARNING] The provided value 'undefined' is not a valid enum value of type CanvasTextAlign. @ http://localhost:8000/js/rmmz_core.js:1676
[   95615ms] [WARNING] The provided value 'undefined' is not a valid enum value of type CanvasTextAlign. @ http://localhost:8000/js/rmmz_core.js:1676
[   95615ms] [WARNING] The provided value 'undefined' is not a valid enum value of type CanvasTextAlign. @ http://localhost:8000/js/rmmz_core.js:1676
[   95615ms] [WARNING] The provided value 'undefined' is not a valid enum value of type CanvasTextAlign. @ http://localhost:8000/js/rmmz_core.js:1676
[   95615ms] [WARNING] The provided value 'undefined' is not a valid enum value of type CanvasTextAlign. @ http://localhost:8000/js/rmmz_core.js:1676
[   95615ms] [WARNING] The provided value 'undefined' is not a valid enum value of type CanvasTextAlign. @ http://localhost:8000/js/rmmz_core.js:1676
[   95715ms] [WARNING] The provided value 'undefined' is not a valid enum value of type CanvasTextAlign. @ http://localhost:8000/js/rmmz_core.js:1676
[   95716ms] [WARNING] The provided value 'undefined' is not a valid enum value of type CanvasTextAlign. @ http://localhost:8000/js/rmmz_core.js:1676
[   95716ms] [WARNING] The provided value 'undefined' is not a valid enum value of type CanvasTextAlign. @ http://localhost:8000/js/rmmz_core.js:1676
[   95716ms] [WARNING] The provided value 'undefined' is not a valid enum value of type CanvasTextAlign. @ http://localhost:8000/js/rmmz_core.js:1676
[   95716ms] [WARNING] The provided value 'undefined' is not a valid enum value of type CanvasTextAlign. @ http://localhost:8000/js/rmmz_core.js:1676
[   95717ms] [WARNING] The provided value 'undefined' is not a valid enum value of type CanvasTextAlign. @ http://localhost:8000/js/rmmz_core.js:1676
[   95717ms] [WARNING] The provided value 'undefined' is not a valid enum value of type CanvasTextAlign. @ http://localhost:8000/js/rmmz_core.js:1676
[   95717ms] [WARNING] The provided value 'undefined' is not a valid enum value of type CanvasTextAlign. @ http://localhost:8000/js/rmmz_core.js:1676
[   95717ms] [WARNING] The provided value 'undefined' is not a valid enum value of type CanvasTextAlign. @ http://localhost:8000/js/rmmz_core.js:1676
[   95816ms] [WARNING] The provided value 'undefined' is not a valid enum value of type CanvasTextAlign. @ http://localhost:8000/js/rmmz_core.js:1676
[   95817ms] [WARNING] The provided value 'undefined' is not a valid enum value of type CanvasTextAlign. @ http://localhost:8000/js/rmmz_core.js:1676
[   95817ms] [WARNING] The provided value 'undefined' is not a valid enum value of type CanvasTextAlign. @ http://localhost:8000/js/rmmz_core.js:1676
[   95817ms] [WARNING] The provided value 'undefined' is not a valid enum value of type CanvasTextAlign. @ http://localhost:8000/js/rmmz_core.js:1676
[   95817ms] [WARNING] The provided value 'undefined' is not a valid enum value of type CanvasTextAlign. @ http://localhost:8000/js/rmmz_core.js:1676
[   95818ms] [WARNING] The provided value 'undefined' is not a valid enum value of type CanvasTextAlign. @ http://localhost:8000/js/rmmz_core.js:1676
[   95818ms] [WARNING] The provided value 'undefined' is not a valid enum value of type CanvasTextAlign. @ http://localhost:8000/js/rmmz_core.js:1676
[   95818ms] [WARNING] The provided value 'undefined' is not a valid enum value of type CanvasTextAlign. @ http://localhost:8000/js/rmmz_core.js:1676
[   95818ms] [WARNING] The provided value 'undefined' is not a valid enum value of type CanvasTextAlign. @ http://localhost:8000/js/rmmz_core.js:1676
[   95906ms] [WARNING] The provided value 'undefined' is not a valid enum value of type CanvasTextAlign. @ http://localhost:8000/js/rmmz_core.js:1676
[   95907ms] [WARNING] The provided value 'undefined' is not a valid enum value of type CanvasTextAlign. @ http://localhost:8000/js/rmmz_core.js:1676
[   95907ms] [WARNING] The provided value 'undefined' is not a valid enum value of type CanvasTextAlign. @ http://localhost:8000/js/rmmz_core.js:1676
[   95907ms] [WARNING] The provided value 'undefined' is not a valid enum value of type CanvasTextAlign. @ http://localhost:8000/js/rmmz_core.js:1676
[   95907ms] [WARNING] The provided value 'undefined' is not a valid enum value of type CanvasTextAlign. @ http://localhost:8000/js/rmmz_core.js:1676
[   95907ms] [WARNING] The provided value 'undefined' is not a valid enum value of type CanvasTextAlign. @ http://localhost:8000/js/rmmz_core.js:1676
[   95907ms] [WARNING] The provided value 'undefined' is not a valid enum value of type CanvasTextAlign. @ http://localhost:8000/js/rmmz_core.js:1676
[   95908ms] [WARNING] The provided value 'undefined' is not a valid enum value of type CanvasTextAlign. @ http://localhost:8000/js/rmmz_core.js:1676
[   95908ms] [WARNING] The provided value 'undefined' is not a valid enum value of type CanvasTextAlign. @ http://localhost:8000/js/rmmz_core.js:1676
[   95908ms] [WARNING] The provided value 'undefined' is not a valid enum value of type CanvasTextAlign. @ http://localhost:8000/js/rmmz_core.js:1676
[   95908ms] [WARNING] The provided value 'undefined' is not a valid enum value of type CanvasTextAlign. @ http://localhost:8000/js/rmmz_core.js:1676
[   95908ms] [WARNING] The provided value 'undefined' is not a valid enum value of type CanvasTextAlign. @ http://localhost:8000/js/rmmz_core.js:1676
[   95908ms] [WARNING] The provided value 'undefined' is not a valid enum value of type CanvasTextAlign. @ http://localhost:8000/js/rmmz_core.js:1676
[   95908ms] [WARNING] The provided value 'undefined' is not a valid enum value of type CanvasTextAlign. @ http://localhost:8000/js/rmmz_core.js:1676
[   95908ms] [WARNING] The provided value 'undefined' is not a valid enum value of type CanvasTextAlign. @ http://localhost:8000/js/rmmz_core.js:1676
[   95909ms] [WARNING] The provided value 'undefined' is not a valid enum value of type CanvasTextAlign. @ http://localhost:8000/js/rmmz_core.js:1676
[   95909ms] [WARNING] The provided value 'undefined' is not a valid enum value of type CanvasTextAlign. @ http://localhost:8000/js/rmmz_core.js:1676
[   95909ms] [WARNING] The provided value 'undefined' is not a valid enum value of type CanvasTextAlign. @ http://localhost:8000/js/rmmz_core.js:1676
[   96009ms] [WARNING] The provided value 'undefined' is not a valid enum value of type CanvasTextAlign. @ http://localhost:8000/js/rmmz_core.js:1676
[   96009ms] [WARNING] The provided value 'undefined' is not a valid enum value of type CanvasTextAlign. @ http://localhost:8000/js/rmmz_core.js:1676
[   96009ms] [WARNING] The provided value 'undefined' is not a valid enum value of type CanvasTextAlign. @ http://localhost:8000/js/rmmz_core.js:1676
[   96009ms] [WARNING] The provided value 'undefined' is not a valid enum value of type CanvasTextAlign. @ http://localhost:8000/js/rmmz_core.js:1676
[   96010ms] [WARNING] The provided value 'undefined' is not a valid enum value of type CanvasTextAlign. @ http://localhost:8000/js/rmmz_core.js:1676
[   96010ms] [WARNING] The provided value 'undefined' is not a valid enum value of type CanvasTextAlign. @ http://localhost:8000/js/rmmz_core.js:1676
[   96010ms] [WARNING] The provided value 'undefined' is not a valid enum value of type CanvasTextAlign. @ http://localhost:8000/js/rmmz_core.js:1676
[   96010ms] [WARNING] The provided value 'undefined' is not a valid enum value of type CanvasTextAlign. @ http://localhost:8000/js/rmmz_core.js:1676
[   96011ms] [WARNING] The provided value 'undefined' is not a valid enum value of type CanvasTextAlign. @ http://localhost:8000/js/rmmz_core.js:1676
[   96112ms] [WARNING] The provided value 'undefined' is not a valid enum value of type CanvasTextAlign. @ http://localhost:8000/js/rmmz_core.js:1676
[   96113ms] [WARNING] The provided value 'undefined' is not a valid enum value of type CanvasTextAlign. @ http://localhost:8000/js/rmmz_core.js:1676
[   96113ms] [WARNING] The provided value 'undefined' is not a valid enum value of type CanvasTextAlign. @ http://localhost:8000/js/rmmz_core.js:1676
[   96113ms] [WARNING] The provided value 'undefined' is not a valid enum value of type CanvasTextAlign. @ http://localhost:8000/js/rmmz_core.js:1676
[   96114ms] [WARNING] The provided value 'undefined' is not a valid enum value of type CanvasTextAlign. @ http://localhost:8000/js/rmmz_core.js:1676
[   96114ms] [WARNING] The provided value 'undefined' is not a valid enum value of type CanvasTextAlign. @ http://localhost:8000/js/rmmz_core.js:1676
[   96114ms] [WARNING] The provided value 'undefined' is not a valid enum value of type CanvasTextAlign. @ http://localhost:8000/js/rmmz_core.js:1676
[   96114ms] [WARNING] The provided value 'undefined' is not a valid enum value of type CanvasTextAlign. @ http://localhost:8000/js/rmmz_core.js:1676
[   96114ms] [WARNING] The provided value 'undefined' is not a valid enum value of type CanvasTextAlign. @ http://localhost:8000/js/rmmz_core.js:1676
[   96217ms] [WARNING] The provided value 'undefined' is not a valid enum value of type CanvasTextAlign. @ http://localhost:8000/js/rmmz_core.js:1676
[   96217ms] [WARNING] The provided value 'undefined' is not a valid enum value of type CanvasTextAlign. @ http://localhost:8000/js/rmmz_core.js:1676
[   96218ms] [WARNING] The provided value 'undefined' is not a valid enum value of type CanvasTextAlign. @ http://localhost:8000/js/rmmz_core.js:1676
[   96218ms] [WARNING] The provided value 'undefined' is not a valid enum value of type CanvasTextAlign. @ http://localhost:8000/js/rmmz_core.js:1676
[   96218ms] [WARNING] The provided value 'undefined' is not a valid enum value of type CanvasTextAlign. @ http://localhost:8000/js/rmmz_core.js:1676
[   96218ms] [WARNING] The provided value 'undefined' is not a valid enum value of type CanvasTextAlign. @ http://localhost:8000/js/rmmz_core.js:1676
[   96218ms] [WARNING] The provided value 'undefined' is not a valid enum value of type CanvasTextAlign. @ http://localhost:8000/js/rmmz_core.js:1676
[   96219ms] [WARNING] The provided value 'undefined' is not a valid enum value of type CanvasTextAlign. @ http://localhost:8000/js/rmmz_core.js:1676
[   96219ms] [WARNING] The provided value 'undefined' is not a valid enum value of type CanvasTextAlign. @ http://localhost:8000/js/rmmz_core.js:1676
[   96319ms] [WARNING] The provided value 'undefined' is not a valid enum value of type CanvasTextAlign. @ http://localhost:8000/js/rmmz_core.js:1676
[   96320ms] [WARNING] The provided value 'undefined' is not a valid enum value of type CanvasTextAlign. @ http://localhost:8000/js/rmmz_core.js:1676
[   96320ms] [WARNING] The provided value 'undefined' is not a valid enum value of type CanvasTextAlign. @ http://localhost:8000/js/rmmz_core.js:1676
[   96320ms] [WARNING] The provided value 'undefined' is not a valid enum value of type CanvasTextAlign. @ http://localhost:8000/js/rmmz_core.js:1676
[   96320ms] [WARNING] The provided value 'undefined' is not a valid enum value of type CanvasTextAlign. @ http://localhost:8000/js/rmmz_core.js:1676
[   96321ms] [WARNING] The provided value 'undefined' is not a valid enum value of type CanvasTextAlign. @ http://localhost:8000/js/rmmz_core.js:1676
[   96321ms] [WARNING] The provided value 'undefined' is not a valid enum value of type CanvasTextAlign. @ http://localhost:8000/js/rmmz_core.js:1676
[   96321ms] [WARNING] The provided value 'undefined' is not a valid enum value of type CanvasTextAlign. @ http://localhost:8000/js/rmmz_core.js:1676
[   96321ms] [WARNING] The provided value 'undefined' is not a valid enum value of type CanvasTextAlign. @ http://localhost:8000/js/rmmz_core.js:1676
[   96409ms] [WARNING] The provided value 'undefined' is not a valid enum value of type CanvasTextAlign. @ http://localhost:8000/js/rmmz_core.js:1676
[   96410ms] [WARNING] The provided value 'undefined' is not a valid enum value of type CanvasTextAlign. @ http://localhost:8000/js/rmmz_core.js:1676
[   96410ms] [WARNING] The provided value 'undefined' is not a valid enum value of type CanvasTextAlign. @ http://localhost:8000/js/rmmz_core.js:1676
[   96410ms] [WARNING] The provided value 'undefined' is not a valid enum value of type CanvasTextAlign. @ http://localhost:8000/js/rmmz_core.js:1676
[   96410ms] [WARNING] The provided value 'undefined' is not a valid enum value of type CanvasTextAlign. @ http://localhost:8000/js/rmmz_core.js:1676
[   96411ms] [WARNING] The provided value 'undefined' is not a valid enum value of type CanvasTextAlign. @ http://localhost:8000/js/rmmz_core.js:1676
[   96411ms] [WARNING] The provided value 'undefined' is not a valid enum value of type CanvasTextAlign. @ http://localhost:8000/js/rmmz_core.js:1676
[   96411ms] [WARNING] The provided value 'undefined' is not a valid enum value of type CanvasTextAlign. @ http://localhost:8000/js/rmmz_core.js:1676
[   96411ms] [WARNING] The provided value 'undefined' is not a valid enum value of type CanvasTextAlign. @ http://localhost:8000/js/rmmz_core.js:1676
[   96514ms] [WARNING] The provided value 'undefined' is not a valid enum value of type CanvasTextAlign. @ http://localhost:8000/js/rmmz_core.js:1676
[   96514ms] [WARNING] The provided value 'undefined' is not a valid enum value of type CanvasTextAlign. @ http://localhost:8000/js/rmmz_core.js:1676
[   96514ms] [WARNING] The provided value 'undefined' is not a valid enum value of type CanvasTextAlign. @ http://localhost:8000/js/rmmz_core.js:1676
[   96515ms] [WARNING] The provided value 'undefined' is not a valid enum value of type CanvasTextAlign. @ http://localhost:8000/js/rmmz_core.js:1676
[   96515ms] [WARNING] The provided value 'undefined' is not a valid enum value of type CanvasTextAlign. @ http://localhost:8000/js/rmmz_core.js:1676
[   96515ms] [WARNING] The provided value 'undefined' is not a valid enum value of type CanvasTextAlign. @ http://localhost:8000/js/rmmz_core.js:1676
[   96515ms] [WARNING] The provided value 'undefined' is not a valid enum value of type CanvasTextAlign. @ http://localhost:8000/js/rmmz_core.js:1676
[   96516ms] [WARNING] The provided value 'undefined' is not a valid enum value of type CanvasTextAlign. @ http://localhost:8000/js/rmmz_core.js:1676
[   96516ms] [WARNING] The provided value 'undefined' is not a valid enum value of type CanvasTextAlign. @ http://localhost:8000/js/rmmz_core.js:1676
[   96619ms] [WARNING] The provided value 'undefined' is not a valid enum value of type CanvasTextAlign. @ http://localhost:8000/js/rmmz_core.js:1676
[   96620ms] [WARNING] The provided value 'undefined' is not a valid enum value of type CanvasTextAlign. @ http://localhost:8000/js/rmmz_core.js:1676
[   96620ms] [WARNING] The provided value 'undefined' is not a valid enum value of type CanvasTextAlign. @ http://localhost:8000/js/rmmz_core.js:1676
[   96620ms] [WARNING] The provided value 'undefined' is not a valid enum value of type CanvasTextAlign. @ http://localhost:8000/js/rmmz_core.js:1676
[   96621ms] [WARNING] The provided value 'undefined' is not a valid enum value of type CanvasTextAlign. @ http://localhost:8000/js/rmmz_core.js:1676
[   96621ms] [WARNING] The provided value 'undefined' is not a valid enum value of type CanvasTextAlign. @ http://localhost:8000/js/rmmz_core.js:1676
[   96621ms] [WARNING] The provided value 'undefined' is not a valid enum value of type CanvasTextAlign. @ http://localhost:8000/js/rmmz_core.js:1676
[   96621ms] [WARNING] The provided value 'undefined' is not a valid enum value of type CanvasTextAlign. @ http://localhost:8000/js/rmmz_core.js:1676
[   96621ms] [WARNING] The provided value 'undefined' is not a valid enum value of type CanvasTextAlign. @ http://localhost:8000/js/rmmz_core.js:1676
[   96709ms] [WARNING] The provided value 'undefined' is not a valid enum value of type CanvasTextAlign. @ http://localhost:8000/js/rmmz_core.js:1676
[   96709ms] [WARNING] The provided value 'undefined' is not a valid enum value of type CanvasTextAlign. @ http://localhost:8000/js/rmmz_core.js:1676
[   96709ms] [WARNING] The provided value 'undefined' is not a valid enum value of type CanvasTextAlign. @ http://localhost:8000/js/rmmz_core.js:1676
[   96709ms] [WARNING] The provided value 'undefined' is not a valid enum value of type CanvasTextAlign. @ http://localhost:8000/js/rmmz_core.js:1676
[   96710ms] [WARNING] The provided value 'undefined' is not a valid enum value of type CanvasTextAlign. @ http://localhost:8000/js/rmmz_core.js:1676
[   96710ms] [WARNING] The provided value 'undefined' is not a valid enum value of type CanvasTextAlign. @ http://localhost:8000/js/rmmz_core.js:1676
[   96710ms] [WARNING] The provided value 'undefined' is not a valid enum value of type CanvasTextAlign. @ http://localhost:8000/js/rmmz_core.js:1676
[   96711ms] [WARNING] The provided value 'undefined' is not a valid enum value of type CanvasTextAlign. @ http://localhost:8000/js/rmmz_core.js:1676
[   96711ms] [WARNING] The provided value 'undefined' is not a valid enum value of type CanvasTextAlign. @ http://localhost:8000/js/rmmz_core.js:1676
[   96822ms] [WARNING] The provided value 'undefined' is not a valid enum value of type CanvasTextAlign. @ http://localhost:8000/js/rmmz_core.js:1676
[   96822ms] [WARNING] The provided value 'undefined' is not a valid enum value of type CanvasTextAlign. @ http://localhost:8000/js/rmmz_core.js:1676
[   96822ms] [WARNING] The provided value 'undefined' is not a valid enum value of type CanvasTextAlign. @ http://localhost:8000/js/rmmz_core.js:1676
[   96822ms] [WARNING] The provided value 'undefined' is not a valid enum value of type CanvasTextAlign. @ http://localhost:8000/js/rmmz_core.js:1676
[   96823ms] [WARNING] The provided value 'undefined' is not a valid enum value of type CanvasTextAlign. @ http://localhost:8000/js/rmmz_core.js:1676
[   96823ms] [WARNING] The provided value 'undefined' is not a valid enum value of type CanvasTextAlign. @ http://localhost:8000/js/rmmz_core.js:1676
[   96823ms] [WARNING] The provided value 'undefined' is not a valid enum value of type CanvasTextAlign. @ http://localhost:8000/js/rmmz_core.js:1676
[   96824ms] [WARNING] The provided value 'undefined' is not a valid enum value of type CanvasTextAlign. @ http://localhost:8000/js/rmmz_core.js:1676
[   96824ms] [WARNING] The provided value 'undefined' is not a valid enum value of type CanvasTextAlign. @ http://localhost:8000/js/rmmz_core.js:1676
[   96886ms] [LOG] RACE_EVENT: {
  "type": "SAFE_CLICK",
  "frame": 1673,
  "vars": {
    "RACE_ID": 1,
    "SCENE_INDEX": 3,
    "SCENE_TYPE": 0,
    "P_CENA": 10,
    "CONSCIENCIA": 60,
    "PONTOS_GLORIA": 160,
    "TAXA_SUCESSO": 0,
    "ROLL_RESULT": 0,
    "TIMER_FRAMES": 0,
    "SCENE_START": 1422,
    "SEED": 0,
    "RACE_N_CENAS": 6,
    "ATTEMPT_N": 7,
    "LAST_RENDERED_INDEX": 2,
    "HOVER_LEVEL": 0,
    "TIMER_TIMEOUT_FLAG": 1,
    "VITORIA_PASSOU": 0,
    "GLORIA_META": 200,
    "TIMER_SECONDS": 1,
    "SCENE_DISPLAY": 3
  },
  "switches": {
    "RACE_ACTIVE": true,
    "INPUT_LOCKED": true,
    "CRASH_FLAG": false,
    "LAST_ACTION_SAFE": true,
    "PAUSED": false,
    "IS_CURVA_DIABO": false
  },
  "timestamp": "2026-07-07T07:25:49.168Z"
} @ http://localhost:8000/js/plugins/Jhonny_RaceHelper.js:234
[   96910ms] [WARNING] The provided value 'undefined' is not a valid enum value of type CanvasTextAlign. @ http://localhost:8000/js/rmmz_core.js:1676
[   96910ms] [WARNING] The provided value 'undefined' is not a valid enum value of type CanvasTextAlign. @ http://localhost:8000/js/rmmz_core.js:1676
[   96910ms] [WARNING] The provided value 'undefined' is not a valid enum value of type CanvasTextAlign. @ http://localhost:8000/js/rmmz_core.js:1676
[   96910ms] [WARNING] The provided value 'undefined' is not a valid enum value of type CanvasTextAlign. @ http://localhost:8000/js/rmmz_core.js:1676
[   96910ms] [WARNING] The provided value 'undefined' is not a valid enum value of type CanvasTextAlign. @ http://localhost:8000/js/rmmz_core.js:1676
[   96910ms] [WARNING] The provided value 'undefined' is not a valid enum value of type CanvasTextAlign. @ http://localhost:8000/js/rmmz_core.js:1676
[   96910ms] [WARNING] The provided value 'undefined' is not a valid enum value of type CanvasTextAlign. @ http://localhost:8000/js/rmmz_core.js:1676
[   96910ms] [WARNING] The provided value 'undefined' is not a valid enum value of type CanvasTextAlign. @ http://localhost:8000/js/rmmz_core.js:1676
[   96911ms] [WARNING] The provided value 'undefined' is not a valid enum value of type CanvasTextAlign. @ http://localhost:8000/js/rmmz_core.js:1676
[   96911ms] [WARNING] The provided value 'undefined' is not a valid enum value of type CanvasTextAlign. @ http://localhost:8000/js/rmmz_core.js:1676
[   96911ms] [WARNING] The provided value 'undefined' is not a valid enum value of type CanvasTextAlign. @ http://localhost:8000/js/rmmz_core.js:1676
[   96911ms] [WARNING] The provided value 'undefined' is not a valid enum value of type CanvasTextAlign. @ http://localhost:8000/js/rmmz_core.js:1676
[   96911ms] [WARNING] The provided value 'undefined' is not a valid enum value of type CanvasTextAlign. @ http://localhost:8000/js/rmmz_core.js:1676
[   96911ms] [WARNING] The provided value 'undefined' is not a valid enum value of type CanvasTextAlign. @ http://localhost:8000/js/rmmz_core.js:1676
[   96911ms] [WARNING] The provided value 'undefined' is not a valid enum value of type CanvasTextAlign. @ http://localhost:8000/js/rmmz_core.js:1676
[   96912ms] [WARNING] The provided value 'undefined' is not a valid enum value of type CanvasTextAlign. @ http://localhost:8000/js/rmmz_core.js:1676
[   96912ms] [WARNING] The provided value 'undefined' is not a valid enum value of type CanvasTextAlign. @ http://localhost:8000/js/rmmz_core.js:1676
[   96912ms] [WARNING] The provided value 'undefined' is not a valid enum value of type CanvasTextAlign. @ http://localhost:8000/js/rmmz_core.js:1676
[   96912ms] [WARNING] The provided value 'undefined' is not a valid enum value of type CanvasTextAlign. @ http://localhost:8000/js/rmmz_core.js:1676
[   96912ms] [WARNING] The provided value 'undefined' is not a valid enum value of type CanvasTextAlign. @ http://localhost:8000/js/rmmz_core.js:1676
[   96912ms] [WARNING] The provided value 'undefined' is not a valid enum value of type CanvasTextAlign. @ http://localhost:8000/js/rmmz_core.js:1676
[   96912ms] [WARNING] The provided value 'undefined' is not a valid enum value of type CanvasTextAlign. @ http://localhost:8000/js/rmmz_core.js:1676
[   96912ms] [WARNING] The provided value 'undefined' is not a valid enum value of type CanvasTextAlign. @ http://localhost:8000/js/rmmz_core.js:1676
[   96912ms] [WARNING] The provided value 'undefined' is not a valid enum value of type CanvasTextAlign. @ http://localhost:8000/js/rmmz_core.js:1676
[   96913ms] [WARNING] The provided value 'undefined' is not a valid enum value of type CanvasTextAlign. @ http://localhost:8000/js/rmmz_core.js:1676
[   96913ms] [WARNING] The provided value 'undefined' is not a valid enum value of type CanvasTextAlign. @ http://localhost:8000/js/rmmz_core.js:1676
[   96913ms] [WARNING] The provided value 'undefined' is not a valid enum value of type CanvasTextAlign. @ http://localhost:8000/js/rmmz_core.js:1676
[   96913ms] [WARNING] The provided value 'undefined' is not a valid enum value of type CanvasTextAlign. @ http://localhost:8000/js/rmmz_core.js:1676
[   96914ms] [WARNING] The provided value 'undefined' is not a valid enum value of type CanvasTextAlign. @ http://localhost:8000/js/rmmz_core.js:1676
[   96914ms] [WARNING] The provided value 'undefined' is not a valid enum value of type CanvasTextAlign. @ http://localhost:8000/js/rmmz_core.js:1676
[   96914ms] [WARNING] The provided value 'undefined' is not a valid enum value of type CanvasTextAlign. @ http://localhost:8000/js/rmmz_core.js:1676
[   96914ms] [WARNING] The provided value 'undefined' is not a valid enum value of type CanvasTextAlign. @ http://localhost:8000/js/rmmz_core.js:1676
[   96914ms] [WARNING] The provided value 'undefined' is not a valid enum value of type CanvasTextAlign. @ http://localhost:8000/js/rmmz_core.js:1676
[   96914ms] [WARNING] The provided value 'undefined' is not a valid enum value of type CanvasTextAlign. @ http://localhost:8000/js/rmmz_core.js:1676
[   96914ms] [WARNING] The provided value 'undefined' is not a valid enum value of type CanvasTextAlign. @ http://localhost:8000/js/rmmz_core.js:1676
[   96914ms] [WARNING] The provided value 'undefined' is not a valid enum value of type CanvasTextAlign. @ http://localhost:8000/js/rmmz_core.js:1676
[   96915ms] [WARNING] The provided value 'undefined' is not a valid enum value of type CanvasTextAlign. @ http://localhost:8000/js/rmmz_core.js:1676
[   96915ms] [WARNING] The provided value 'undefined' is not a valid enum value of type CanvasTextAlign. @ http://localhost:8000/js/rmmz_core.js:1676
[   96915ms] [WARNING] The provided value 'undefined' is not a valid enum value of type CanvasTextAlign. @ http://localhost:8000/js/rmmz_core.js:1676
[   96915ms] [WARNING] The provided value 'undefined' is not a valid enum value of type CanvasTextAlign. @ http://localhost:8000/js/rmmz_core.js:1676
[   96915ms] [WARNING] The provided value 'undefined' is not a valid enum value of type CanvasTextAlign. @ http://localhost:8000/js/rmmz_core.js:1676
[   96916ms] [WARNING] The provided value 'undefined' is not a valid enum value of type CanvasTextAlign. @ http://localhost:8000/js/rmmz_core.js:1676
[   96916ms] [WARNING] The provided value 'undefined' is not a valid enum value of type CanvasTextAlign. @ http://localhost:8000/js/rmmz_core.js:1676
[   96916ms] [WARNING] The provided value 'undefined' is not a valid enum value of type CanvasTextAlign. @ http://localhost:8000/js/rmmz_core.js:1676
[   96916ms] [WARNING] The provided value 'undefined' is not a valid enum value of type CanvasTextAlign. @ http://localhost:8000/js/rmmz_core.js:1676
[   96916ms] [WARNING] The provided value 'undefined' is not a valid enum value of type CanvasTextAlign. @ http://localhost:8000/js/rmmz_core.js:1676
[   96917ms] [WARNING] The provided value 'undefined' is not a valid enum value of type CanvasTextAlign. @ http://localhost:8000/js/rmmz_core.js:1676
[   96917ms] [WARNING] The provided value 'undefined' is not a valid enum value of type CanvasTextAlign. @ http://localhost:8000/js/rmmz_core.js:1676
[   96917ms] [WARNING] The provided value 'undefined' is not a valid enum value of type CanvasTextAlign. @ http://localhost:8000/js/rmmz_core.js:1676
[   96917ms] [WARNING] The provided value 'undefined' is not a valid enum value of type CanvasTextAlign. @ http://localhost:8000/js/rmmz_core.js:1676
[   96917ms] [WARNING] The provided value 'undefined' is not a valid enum value of type CanvasTextAlign. @ http://localhost:8000/js/rmmz_core.js:1676
[   96917ms] [WARNING] The provided value 'undefined' is not a valid enum value of type CanvasTextAlign. @ http://localhost:8000/js/rmmz_core.js:1676
[   96917ms] [WARNING] The provided value 'undefined' is not a valid enum value of type CanvasTextAlign. @ http://localhost:8000/js/rmmz_core.js:1676
[   96918ms] [WARNING] The provided value 'undefined' is not a valid enum value of type CanvasTextAlign. @ http://localhost:8000/js/rmmz_core.js:1676
[   96918ms] [WARNING] The provided value 'undefined' is not a valid enum value of type CanvasTextAlign. @ http://localhost:8000/js/rmmz_core.js:1676
[   96918ms] [WARNING] The provided value 'undefined' is not a valid enum value of type CanvasTextAlign. @ http://localhost:8000/js/rmmz_core.js:1676
[   96918ms] [WARNING] The provided value 'undefined' is not a valid enum value of type CanvasTextAlign. @ http://localhost:8000/js/rmmz_core.js:1676
[   96918ms] [WARNING] The provided value 'undefined' is not a valid enum value of type CanvasTextAlign. @ http://localhost:8000/js/rmmz_core.js:1676
[   96918ms] [WARNING] The provided value 'undefined' is not a valid enum value of type CanvasTextAlign. @ http://localhost:8000/js/rmmz_core.js:1676
[   96918ms] [WARNING] The provided value 'undefined' is not a valid enum value of type CanvasTextAlign. @ http://localhost:8000/js/rmmz_core.js:1676
[   96918ms] [WARNING] The provided value 'undefined' is not a valid enum value of type CanvasTextAlign. @ http://localhost:8000/js/rmmz_core.js:1676
[   96918ms] [WARNING] The provided value 'undefined' is not a valid enum value of type CanvasTextAlign. @ http://localhost:8000/js/rmmz_core.js:1676
[   96919ms] [WARNING] The provided value 'undefined' is not a valid enum value of type CanvasTextAlign. @ http://localhost:8000/js/rmmz_core.js:1676
[   96919ms] [WARNING] The provided value 'undefined' is not a valid enum value of type CanvasTextAlign. @ http://localhost:8000/js/rmmz_core.js:1676
[   96919ms] [WARNING] The provided value 'undefined' is not a valid enum value of type CanvasTextAlign. @ http://localhost:8000/js/rmmz_core.js:1676
[   96919ms] [WARNING] The provided value 'undefined' is not a valid enum value of type CanvasTextAlign. @ http://localhost:8000/js/rmmz_core.js:1676
[   96919ms] [WARNING] The provided value 'undefined' is not a valid enum value of type CanvasTextAlign. @ http://localhost:8000/js/rmmz_core.js:1676
[   96919ms] [WARNING] The provided value 'undefined' is not a valid enum value of type CanvasTextAlign. @ http://localhost:8000/js/rmmz_core.js:1676
[   96920ms] [WARNING] The provided value 'undefined' is not a valid enum value of type CanvasTextAlign. @ http://localhost:8000/js/rmmz_core.js:1676
[   96920ms] [WARNING] The provided value 'undefined' is not a valid enum value of type CanvasTextAlign. @ http://localhost:8000/js/rmmz_core.js:1676
[   96920ms] [WARNING] The provided value 'undefined' is not a valid enum value of type CanvasTextAlign. @ http://localhost:8000/js/rmmz_core.js:1676
[   96920ms] [WARNING] The provided value 'undefined' is not a valid enum value of type CanvasTextAlign. @ http://localhost:8000/js/rmmz_core.js:1676
[   96920ms] [WARNING] The provided value 'undefined' is not a valid enum value of type CanvasTextAlign. @ http://localhost:8000/js/rmmz_core.js:1676
[   97006ms] [WARNING] The provided value 'undefined' is not a valid enum value of type CanvasTextAlign. @ http://localhost:8000/js/rmmz_core.js:1676
[   97007ms] [WARNING] The provided value 'undefined' is not a valid enum value of type CanvasTextAlign. @ http://localhost:8000/js/rmmz_core.js:1676
[   97007ms] [WARNING] The provided value 'undefined' is not a valid enum value of type CanvasTextAlign. @ http://localhost:8000/js/rmmz_core.js:1676
[   97007ms] [WARNING] The provided value 'undefined' is not a valid enum value of type CanvasTextAlign. @ http://localhost:8000/js/rmmz_core.js:1676
[   97008ms] [WARNING] The provided value 'undefined' is not a valid enum value of type CanvasTextAlign. @ http://localhost:8000/js/rmmz_core.js:1676
[   97008ms] [WARNING] The provided value 'undefined' is not a valid enum value of type CanvasTextAlign. @ http://localhost:8000/js/rmmz_core.js:1676
[   97008ms] [WARNING] The provided value 'undefined' is not a valid enum value of type CanvasTextAlign. @ http://localhost:8000/js/rmmz_core.js:1676
[   97008ms] [WARNING] The provided value 'undefined' is not a valid enum value of type CanvasTextAlign. @ http://localhost:8000/js/rmmz_core.js:1676
[   97008ms] [WARNING] The provided value 'undefined' is not a valid enum value of type CanvasTextAlign. @ http://localhost:8000/js/rmmz_core.js:1676
[   97113ms] [WARNING] The provided value 'undefined' is not a valid enum value of type CanvasTextAlign. @ http://localhost:8000/js/rmmz_core.js:1676
[   97114ms] [WARNING] The provided value 'undefined' is not a valid enum value of type CanvasTextAlign. @ http://localhost:8000/js/rmmz_core.js:1676
[   97114ms] [WARNING] The provided value 'undefined' is not a valid enum value of type CanvasTextAlign. @ http://localhost:8000/js/rmmz_core.js:1676
[   97114ms] [WARNING] The provided value 'undefined' is not a valid enum value of type CanvasTextAlign. @ http://localhost:8000/js/rmmz_core.js:1676
[   97114ms] [WARNING] The provided value 'undefined' is not a valid enum value of type CanvasTextAlign. @ http://localhost:8000/js/rmmz_core.js:1676
[   97114ms] [WARNING] The provided value 'undefined' is not a valid enum value of type CanvasTextAlign. @ http://localhost:8000/js/rmmz_core.js:1676
[   97115ms] [WARNING] The provided value 'undefined' is not a valid enum value of type CanvasTextAlign. @ http://localhost:8000/js/rmmz_core.js:1676
[   97115ms] [WARNING] The provided value 'undefined' is not a valid enum value of type CanvasTextAlign. @ http://localhost:8000/js/rmmz_core.js:1676
[   97115ms] [WARNING] The provided value 'undefined' is not a valid enum value of type CanvasTextAlign. @ http://localhost:8000/js/rmmz_core.js:1676
[   97214ms] [WARNING] The provided value 'undefined' is not a valid enum value of type CanvasTextAlign. @ http://localhost:8000/js/rmmz_core.js:1676
[   97215ms] [WARNING] The provided value 'undefined' is not a valid enum value of type CanvasTextAlign. @ http://localhost:8000/js/rmmz_core.js:1676
[   97215ms] [WARNING] The provided value 'undefined' is not a valid enum value of type CanvasTextAlign. @ http://localhost:8000/js/rmmz_core.js:1676
[   97215ms] [WARNING] The provided value 'undefined' is not a valid enum value of type CanvasTextAlign. @ http://localhost:8000/js/rmmz_core.js:1676
[   97216ms] [WARNING] The provided value 'undefined' is not a valid enum value of type CanvasTextAlign. @ http://localhost:8000/js/rmmz_core.js:1676
[   97216ms] [WARNING] The provided value 'undefined' is not a valid enum value of type CanvasTextAlign. @ http://localhost:8000/js/rmmz_core.js:1676
[   97216ms] [WARNING] The provided value 'undefined' is not a valid enum value of type CanvasTextAlign. @ http://localhost:8000/js/rmmz_core.js:1676
[   97216ms] [WARNING] The provided value 'undefined' is not a valid enum value of type CanvasTextAlign. @ http://localhost:8000/js/rmmz_core.js:1676
[   97216ms] [WARNING] The provided value 'undefined' is not a valid enum value of type CanvasTextAlign. @ http://localhost:8000/js/rmmz_core.js:1676
[   97317ms] [WARNING] The provided value 'undefined' is not a valid enum value of type CanvasTextAlign. @ http://localhost:8000/js/rmmz_core.js:1676
[   97318ms] [WARNING] The provided value 'undefined' is not a valid enum value of type CanvasTextAlign. @ http://localhost:8000/js/rmmz_core.js:1676
[   97318ms] [WARNING] The provided value 'undefined' is not a valid enum value of type CanvasTextAlign. @ http://localhost:8000/js/rmmz_core.js:1676
[   97318ms] [WARNING] The provided value 'undefined' is not a valid enum value of type CanvasTextAlign. @ http://localhost:8000/js/rmmz_core.js:1676
[   97318ms] [WARNING] The provided value 'undefined' is not a valid enum value of type CanvasTextAlign. @ http://localhost:8000/js/rmmz_core.js:1676
[   97319ms] [WARNING] The provided value 'undefined' is not a valid enum value of type CanvasTextAlign. @ http://localhost:8000/js/rmmz_core.js:1676
[   97319ms] [WARNING] The provided value 'undefined' is not a valid enum value of type CanvasTextAlign. @ http://localhost:8000/js/rmmz_core.js:1676
[   97319ms] [WARNING] The provided value 'undefined' is not a valid enum value of type CanvasTextAlign. @ http://localhost:8000/js/rmmz_core.js:1676
[   97319ms] [WARNING] The provided value 'undefined' is not a valid enum value of type CanvasTextAlign. @ http://localhost:8000/js/rmmz_core.js:1676
[   97420ms] [WARNING] The provided value 'undefined' is not a valid enum value of type CanvasTextAlign. @ http://localhost:8000/js/rmmz_core.js:1676
[   97421ms] [WARNING] The provided value 'undefined' is not a valid enum value of type CanvasTextAlign. @ http://localhost:8000/js/rmmz_core.js:1676
[   97421ms] [WARNING] The provided value 'undefined' is not a valid enum value of type CanvasTextAlign. @ http://localhost:8000/js/rmmz_core.js:1676
[   97421ms] [WARNING] The provided value 'undefined' is not a valid enum value of type CanvasTextAlign. @ http://localhost:8000/js/rmmz_core.js:1676
[   97422ms] [WARNING] The provided value 'undefined' is not a valid enum value of type CanvasTextAlign. @ http://localhost:8000/js/rmmz_core.js:1676
[   97422ms] [WARNING] The provided value 'undefined' is not a valid enum value of type CanvasTextAlign. @ http://localhost:8000/js/rmmz_core.js:1676
[   97422ms] [WARNING] The provided value 'undefined' is not a valid enum value of type CanvasTextAlign. @ http://localhost:8000/js/rmmz_core.js:1676
[   97422ms] [WARNING] The provided value 'undefined' is not a valid enum value of type CanvasTextAlign. @ http://localhost:8000/js/rmmz_core.js:1676
[   97422ms] [WARNING] The provided value 'undefined' is not a valid enum value of type CanvasTextAlign. @ http://localhost:8000/js/rmmz_core.js:1676
[   97510ms] [WARNING] The provided value 'undefined' is not a valid enum value of type CanvasTextAlign. @ http://localhost:8000/js/rmmz_core.js:1676
[   97511ms] [WARNING] The provided value 'undefined' is not a valid enum value of type CanvasTextAlign. @ http://localhost:8000/js/rmmz_core.js:1676
[   97511ms] [WARNING] The provided value 'undefined' is not a valid enum value of type CanvasTextAlign. @ http://localhost:8000/js/rmmz_core.js:1676
[   97511ms] [WARNING] The provided value 'undefined' is not a valid enum value of type CanvasTextAlign. @ http://localhost:8000/js/rmmz_core.js:1676
[   97512ms] [WARNING] The provided value 'undefined' is not a valid enum value of type CanvasTextAlign. @ http://localhost:8000/js/rmmz_core.js:1676
[   97512ms] [WARNING] The provided value 'undefined' is not a valid enum value of type CanvasTextAlign. @ http://localhost:8000/js/rmmz_core.js:1676
[   97512ms] [WARNING] The provided value 'undefined' is not a valid enum value of type CanvasTextAlign. @ http://localhost:8000/js/rmmz_core.js:1676
[   97512ms] [WARNING] The provided value 'undefined' is not a valid enum value of type CanvasTextAlign. @ http://localhost:8000/js/rmmz_core.js:1676
[   97512ms] [WARNING] The provided value 'undefined' is not a valid enum value of type CanvasTextAlign. @ http://localhost:8000/js/rmmz_core.js:1676
[   97615ms] [WARNING] The provided value 'undefined' is not a valid enum value of type CanvasTextAlign. @ http://localhost:8000/js/rmmz_core.js:1676
[   97616ms] [WARNING] The provided value 'undefined' is not a valid enum value of type CanvasTextAlign. @ http://localhost:8000/js/rmmz_core.js:1676
[   97616ms] [WARNING] The provided value 'undefined' is not a valid enum value of type CanvasTextAlign. @ http://localhost:8000/js/rmmz_core.js:1676
[   97616ms] [WARNING] The provided value 'undefined' is not a valid enum value of type CanvasTextAlign. @ http://localhost:8000/js/rmmz_core.js:1676
[   97617ms] [WARNING] The provided value 'undefined' is not a valid enum value of type CanvasTextAlign. @ http://localhost:8000/js/rmmz_core.js:1676
[   97617ms] [WARNING] The provided value 'undefined' is not a valid enum value of type CanvasTextAlign. @ http://localhost:8000/js/rmmz_core.js:1676
[   97617ms] [WARNING] The provided value 'undefined' is not a valid enum value of type CanvasTextAlign. @ http://localhost:8000/js/rmmz_core.js:1676
[   97617ms] [WARNING] The provided value 'undefined' is not a valid enum value of type CanvasTextAlign. @ http://localhost:8000/js/rmmz_core.js:1676
[   97617ms] [WARNING] The provided value 'undefined' is not a valid enum value of type CanvasTextAlign. @ http://localhost:8000/js/rmmz_core.js:1676
[   97617ms] [WARNING] The provided value 'undefined' is not a valid enum value of type CanvasTextAlign. @ http://localhost:8000/js/rmmz_core.js:1676
[   97618ms] [WARNING] The provided value 'undefined' is not a valid enum value of type CanvasTextAlign. @ http://localhost:8000/js/rmmz_core.js:1676
[   97618ms] [WARNING] The provided value 'undefined' is not a valid enum value of type CanvasTextAlign. @ http://localhost:8000/js/rmmz_core.js:1676
[   97618ms] [WARNING] The provided value 'undefined' is not a valid enum value of type CanvasTextAlign. @ http://localhost:8000/js/rmmz_core.js:1676
[   97618ms] [WARNING] The provided value 'undefined' is not a valid enum value of type CanvasTextAlign. @ http://localhost:8000/js/rmmz_core.js:1676
[   97618ms] [WARNING] The provided value 'undefined' is not a valid enum value of type CanvasTextAlign. @ http://localhost:8000/js/rmmz_core.js:1676
[   97618ms] [WARNING] The provided value 'undefined' is not a valid enum value of type CanvasTextAlign. @ http://localhost:8000/js/rmmz_core.js:1676
[   97618ms] [WARNING] The provided value 'undefined' is not a valid enum value of type CanvasTextAlign. @ http://localhost:8000/js/rmmz_core.js:1676
[   97618ms] [WARNING] The provided value 'undefined' is not a valid enum value of type CanvasTextAlign. @ http://localhost:8000/js/rmmz_core.js:1676
[   97720ms] [WARNING] The provided value 'undefined' is not a valid enum value of type CanvasTextAlign. @ http://localhost:8000/js/rmmz_core.js:1676
[   97720ms] [WARNING] The provided value 'undefined' is not a valid enum value of type CanvasTextAlign. @ http://localhost:8000/js/rmmz_core.js:1676
[   97720ms] [WARNING] The provided value 'undefined' is not a valid enum value of type CanvasTextAlign. @ http://localhost:8000/js/rmmz_core.js:1676
[   97720ms] [WARNING] The provided value 'undefined' is not a valid enum value of type CanvasTextAlign. @ http://localhost:8000/js/rmmz_core.js:1676
[   97721ms] [WARNING] The provided value 'undefined' is not a valid enum value of type CanvasTextAlign. @ http://localhost:8000/js/rmmz_core.js:1676
[   97721ms] [WARNING] The provided value 'undefined' is not a valid enum value of type CanvasTextAlign. @ http://localhost:8000/js/rmmz_core.js:1676
[   97721ms] [WARNING] The provided value 'undefined' is not a valid enum value of type CanvasTextAlign. @ http://localhost:8000/js/rmmz_core.js:1676
[   97722ms] [WARNING] The provided value 'undefined' is not a valid enum value of type CanvasTextAlign. @ http://localhost:8000/js/rmmz_core.js:1676
[   97722ms] [WARNING] The provided value 'undefined' is not a valid enum value of type CanvasTextAlign. @ http://localhost:8000/js/rmmz_core.js:1676
[   97811ms] [WARNING] The provided value 'undefined' is not a valid enum value of type CanvasTextAlign. @ http://localhost:8000/js/rmmz_core.js:1676
[   97811ms] [WARNING] The provided value 'undefined' is not a valid enum value of type CanvasTextAlign. @ http://localhost:8000/js/rmmz_core.js:1676
[   97811ms] [WARNING] The provided value 'undefined' is not a valid enum value of type CanvasTextAlign. @ http://localhost:8000/js/rmmz_core.js:1676
[   97811ms] [WARNING] The provided value 'undefined' is not a valid enum value of type CanvasTextAlign. @ http://localhost:8000/js/rmmz_core.js:1676
[   97812ms] [WARNING] The provided value 'undefined' is not a valid enum value of type CanvasTextAlign. @ http://localhost:8000/js/rmmz_core.js:1676
[   97812ms] [WARNING] The provided value 'undefined' is not a valid enum value of type CanvasTextAlign. @ http://localhost:8000/js/rmmz_core.js:1676
[   97812ms] [WARNING] The provided value 'undefined' is not a valid enum value of type CanvasTextAlign. @ http://localhost:8000/js/rmmz_core.js:1676
[   97813ms] [WARNING] The provided value 'undefined' is not a valid enum value of type CanvasTextAlign. @ http://localhost:8000/js/rmmz_core.js:1676
[   97813ms] [WARNING] The provided value 'undefined' is not a valid enum value of type CanvasTextAlign. @ http://localhost:8000/js/rmmz_core.js:1676
[   97913ms] [WARNING] The provided value 'undefined' is not a valid enum value of type CanvasTextAlign. @ http://localhost:8000/js/rmmz_core.js:1676
[   97914ms] [WARNING] The provided value 'undefined' is not a valid enum value of type CanvasTextAlign. @ http://localhost:8000/js/rmmz_core.js:1676
[   97914ms] [WARNING] The provided value 'undefined' is not a valid enum value of type CanvasTextAlign. @ http://localhost:8000/js/rmmz_core.js:1676
[   97914ms] [WARNING] The provided value 'undefined' is not a valid enum value of type CanvasTextAlign. @ http://localhost:8000/js/rmmz_core.js:1676
[   97914ms] [WARNING] The provided value 'undefined' is not a valid enum value of type CanvasTextAlign. @ http://localhost:8000/js/rmmz_core.js:1676
[   97914ms] [WARNING] The provided value 'undefined' is not a valid enum value of type CanvasTextAlign. @ http://localhost:8000/js/rmmz_core.js:1676
[   97914ms] [WARNING] The provided value 'undefined' is not a valid enum value of type CanvasTextAlign. @ http://localhost:8000/js/rmmz_core.js:1676
[   97915ms] [WARNING] The provided value 'undefined' is not a valid enum value of type CanvasTextAlign. @ http://localhost:8000/js/rmmz_core.js:1676
[   97915ms] [WARNING] The provided value 'undefined' is not a valid enum value of type CanvasTextAlign. @ http://localhost:8000/js/rmmz_core.js:1676
[   98015ms] [WARNING] The provided value 'undefined' is not a valid enum value of type CanvasTextAlign. @ http://localhost:8000/js/rmmz_core.js:1676
[   98016ms] [WARNING] The provided value 'undefined' is not a valid enum value of type CanvasTextAlign. @ http://localhost:8000/js/rmmz_core.js:1676
[   98016ms] [WARNING] The provided value 'undefined' is not a valid enum value of type CanvasTextAlign. @ http://localhost:8000/js/rmmz_core.js:1676
[   98016ms] [WARNING] The provided value 'undefined' is not a valid enum value of type CanvasTextAlign. @ http://localhost:8000/js/rmmz_core.js:1676
[   98017ms] [WARNING] The provided value 'undefined' is not a valid enum value of type CanvasTextAlign. @ http://localhost:8000/js/rmmz_core.js:1676
[   98017ms] [WARNING] The provided value 'undefined' is not a valid enum value of type CanvasTextAlign. @ http://localhost:8000/js/rmmz_core.js:1676
[   98017ms] [WARNING] The provided value 'undefined' is not a valid enum value of type CanvasTextAlign. @ http://localhost:8000/js/rmmz_core.js:1676
[   98017ms] [WARNING] The provided value 'undefined' is not a valid enum value of type CanvasTextAlign. @ http://localhost:8000/js/rmmz_core.js:1676
[   98017ms] [WARNING] The provided value 'undefined' is not a valid enum value of type CanvasTextAlign. @ http://localhost:8000/js/rmmz_core.js:1676
[   98106ms] [WARNING] The provided value 'undefined' is not a valid enum value of type CanvasTextAlign. @ http://localhost:8000/js/rmmz_core.js:1676
[   98107ms] [WARNING] The provided value 'undefined' is not a valid enum value of type CanvasTextAlign. @ http://localhost:8000/js/rmmz_core.js:1676
[   98107ms] [WARNING] The provided value 'undefined' is not a valid enum value of type CanvasTextAlign. @ http://localhost:8000/js/rmmz_core.js:1676
[   98107ms] [WARNING] The provided value 'undefined' is not a valid enum value of type CanvasTextAlign. @ http://localhost:8000/js/rmmz_core.js:1676
[   98107ms] [WARNING] The provided value 'undefined' is not a valid enum value of type CanvasTextAlign. @ http://localhost:8000/js/rmmz_core.js:1676
[   98108ms] [WARNING] The provided value 'undefined' is not a valid enum value of type CanvasTextAlign. @ http://localhost:8000/js/rmmz_core.js:1676
[   98108ms] [WARNING] The provided value 'undefined' is not a valid enum value of type CanvasTextAlign. @ http://localhost:8000/js/rmmz_core.js:1676
[   98108ms] [WARNING] The provided value 'undefined' is not a valid enum value of type CanvasTextAlign. @ http://localhost:8000/js/rmmz_core.js:1676
[   98108ms] [WARNING] The provided value 'undefined' is not a valid enum value of type CanvasTextAlign. @ http://localhost:8000/js/rmmz_core.js:1676
[   98221ms] [WARNING] The provided value 'undefined' is not a valid enum value of type CanvasTextAlign. @ http://localhost:8000/js/rmmz_core.js:1676
[   98221ms] [WARNING] The provided value 'undefined' is not a valid enum value of type CanvasTextAlign. @ http://localhost:8000/js/rmmz_core.js:1676
[   98222ms] [WARNING] The provided value 'undefined' is not a valid enum value of type CanvasTextAlign. @ http://localhost:8000/js/rmmz_core.js:1676
[   98222ms] [WARNING] The provided value 'undefined' is not a valid enum value of type CanvasTextAlign. @ http://localhost:8000/js/rmmz_core.js:1676
[   98222ms] [WARNING] The provided value 'undefined' is not a valid enum value of type CanvasTextAlign. @ http://localhost:8000/js/rmmz_core.js:1676
[   98223ms] [WARNING] The provided value 'undefined' is not a valid enum value of type CanvasTextAlign. @ http://localhost:8000/js/rmmz_core.js:1676
[   98223ms] [WARNING] The provided value 'undefined' is not a valid enum value of type CanvasTextAlign. @ http://localhost:8000/js/rmmz_core.js:1676
[   98223ms] [WARNING] The provided value 'undefined' is not a valid enum value of type CanvasTextAlign. @ http://localhost:8000/js/rmmz_core.js:1676
[   98223ms] [WARNING] The provided value 'undefined' is not a valid enum value of type CanvasTextAlign. @ http://localhost:8000/js/rmmz_core.js:1676
[   98311ms] [WARNING] The provided value 'undefined' is not a valid enum value of type CanvasTextAlign. @ http://localhost:8000/js/rmmz_core.js:1676
[   98311ms] [WARNING] The provided value 'undefined' is not a valid enum value of type CanvasTextAlign. @ http://localhost:8000/js/rmmz_core.js:1676
[   98311ms] [WARNING] The provided value 'undefined' is not a valid enum value of type CanvasTextAlign. @ http://localhost:8000/js/rmmz_core.js:1676
[   98312ms] [WARNING] The provided value 'undefined' is not a valid enum value of type CanvasTextAlign. @ http://localhost:8000/js/rmmz_core.js:1676
[   98312ms] [WARNING] The provided value 'undefined' is not a valid enum value of type CanvasTextAlign. @ http://localhost:8000/js/rmmz_core.js:1676
[   98312ms] [WARNING] The provided value 'undefined' is not a valid enum value of type CanvasTextAlign. @ http://localhost:8000/js/rmmz_core.js:1676
[   98312ms] [WARNING] The provided value 'undefined' is not a valid enum value of type CanvasTextAlign. @ http://localhost:8000/js/rmmz_core.js:1676
[   98313ms] [WARNING] The provided value 'undefined' is not a valid enum value of type CanvasTextAlign. @ http://localhost:8000/js/rmmz_core.js:1676
[   98313ms] [WARNING] The provided value 'undefined' is not a valid enum value of type CanvasTextAlign. @ http://localhost:8000/js/rmmz_core.js:1676
[   98413ms] [WARNING] The provided value 'undefined' is not a valid enum value of type CanvasTextAlign. @ http://localhost:8000/js/rmmz_core.js:1676
[   98413ms] [WARNING] The provided value 'undefined' is not a valid enum value of type CanvasTextAlign. @ http://localhost:8000/js/rmmz_core.js:1676
[   98413ms] [WARNING] The provided value 'undefined' is not a valid enum value of type CanvasTextAlign. @ http://localhost:8000/js/rmmz_core.js:1676
[   98413ms] [WARNING] The provided value 'undefined' is not a valid enum value of type CanvasTextAlign. @ http://localhost:8000/js/rmmz_core.js:1676
[   98414ms] [WARNING] The provided value 'undefined' is not a valid enum value of type CanvasTextAlign. @ http://localhost:8000/js/rmmz_core.js:1676
[   98414ms] [WARNING] The provided value 'undefined' is not a valid enum value of type CanvasTextAlign. @ http://localhost:8000/js/rmmz_core.js:1676
[   98414ms] [WARNING] The provided value 'undefined' is not a valid enum value of type CanvasTextAlign. @ http://localhost:8000/js/rmmz_core.js:1676
[   98415ms] [WARNING] The provided value 'undefined' is not a valid enum value of type CanvasTextAlign. @ http://localhost:8000/js/rmmz_core.js:1676
[   98415ms] [WARNING] The provided value 'undefined' is not a valid enum value of type CanvasTextAlign. @ http://localhost:8000/js/rmmz_core.js:1676
[   98515ms] [WARNING] The provided value 'undefined' is not a valid enum value of type CanvasTextAlign. @ http://localhost:8000/js/rmmz_core.js:1676
[   98515ms] [WARNING] The provided value 'undefined' is not a valid enum value of type CanvasTextAlign. @ http://localhost:8000/js/rmmz_core.js:1676
[   98516ms] [WARNING] The provided value 'undefined' is not a valid enum value of type CanvasTextAlign. @ http://localhost:8000/js/rmmz_core.js:1676
[   98516ms] [WARNING] The provided value 'undefined' is not a valid enum value of type CanvasTextAlign. @ http://localhost:8000/js/rmmz_core.js:1676
[   98516ms] [WARNING] The provided value 'undefined' is not a valid enum value of type CanvasTextAlign. @ http://localhost:8000/js/rmmz_core.js:1676
[   98516ms] [WARNING] The provided value 'undefined' is not a valid enum value of type CanvasTextAlign. @ http://localhost:8000/js/rmmz_core.js:1676
[   98516ms] [WARNING] The provided value 'undefined' is not a valid enum value of type CanvasTextAlign. @ http://localhost:8000/js/rmmz_core.js:1676
[   98517ms] [WARNING] The provided value 'undefined' is not a valid enum value of type CanvasTextAlign. @ http://localhost:8000/js/rmmz_core.js:1676
[   98517ms] [WARNING] The provided value 'undefined' is not a valid enum value of type CanvasTextAlign. @ http://localhost:8000/js/rmmz_core.js:1676
[   98618ms] [WARNING] The provided value 'undefined' is not a valid enum value of type CanvasTextAlign. @ http://localhost:8000/js/rmmz_core.js:1676
[   98618ms] [WARNING] The provided value 'undefined' is not a valid enum value of type CanvasTextAlign. @ http://localhost:8000/js/rmmz_core.js:1676
[   98618ms] [WARNING] The provided value 'undefined' is not a valid enum value of type CanvasTextAlign. @ http://localhost:8000/js/rmmz_core.js:1676
[   98618ms] [WARNING] The provided value 'undefined' is not a valid enum value of type CanvasTextAlign. @ http://localhost:8000/js/rmmz_core.js:1676
[   98619ms] [WARNING] The provided value 'undefined' is not a valid enum value of type CanvasTextAlign. @ http://localhost:8000/js/rmmz_core.js:1676
[   98619ms] [WARNING] The provided value 'undefined' is not a valid enum value of type CanvasTextAlign. @ http://localhost:8000/js/rmmz_core.js:1676
[   98619ms] [WARNING] The provided value 'undefined' is not a valid enum value of type CanvasTextAlign. @ http://localhost:8000/js/rmmz_core.js:1676
[   98620ms] [WARNING] The provided value 'undefined' is not a valid enum value of type CanvasTextAlign. @ http://localhost:8000/js/rmmz_core.js:1676
[   98620ms] [WARNING] The provided value 'undefined' is not a valid enum value of type CanvasTextAlign. @ http://localhost:8000/js/rmmz_core.js:1676
[   98721ms] [WARNING] The provided value 'undefined' is not a valid enum value of type CanvasTextAlign. @ http://localhost:8000/js/rmmz_core.js:1676
[   98722ms] [WARNING] The provided value 'undefined' is not a valid enum value of type CanvasTextAlign. @ http://localhost:8000/js/rmmz_core.js:1676
[   98722ms] [WARNING] The provided value 'undefined' is not a valid enum value of type CanvasTextAlign. @ http://localhost:8000/js/rmmz_core.js:1676
[   98722ms] [WARNING] The provided value 'undefined' is not a valid enum value of type CanvasTextAlign. @ http://localhost:8000/js/rmmz_core.js:1676
[   98723ms] [WARNING] The provided value 'undefined' is not a valid enum value of type CanvasTextAlign. @ http://localhost:8000/js/rmmz_core.js:1676
[   98723ms] [WARNING] The provided value 'undefined' is not a valid enum value of type CanvasTextAlign. @ http://localhost:8000/js/rmmz_core.js:1676
[   98723ms] [WARNING] The provided value 'undefined' is not a valid enum value of type CanvasTextAlign. @ http://localhost:8000/js/rmmz_core.js:1676
[   98723ms] [WARNING] The provided value 'undefined' is not a valid enum value of type CanvasTextAlign. @ http://localhost:8000/js/rmmz_core.js:1676
[   98723ms] [WARNING] The provided value 'undefined' is not a valid enum value of type CanvasTextAlign. @ http://localhost:8000/js/rmmz_core.js:1676
[   98811ms] [WARNING] The provided value 'undefined' is not a valid enum value of type CanvasTextAlign. @ http://localhost:8000/js/rmmz_core.js:1676
[   98812ms] [WARNING] The provided value 'undefined' is not a valid enum value of type CanvasTextAlign. @ http://localhost:8000/js/rmmz_core.js:1676
[   98812ms] [WARNING] The provided value 'undefined' is not a valid enum value of type CanvasTextAlign. @ http://localhost:8000/js/rmmz_core.js:1676
[   98812ms] [WARNING] The provided value 'undefined' is not a valid enum value of type CanvasTextAlign. @ http://localhost:8000/js/rmmz_core.js:1676
[   98812ms] [WARNING] The provided value 'undefined' is not a valid enum value of type CanvasTextAlign. @ http://localhost:8000/js/rmmz_core.js:1676
[   98813ms] [WARNING] The provided value 'undefined' is not a valid enum value of type CanvasTextAlign. @ http://localhost:8000/js/rmmz_core.js:1676
[   98813ms] [WARNING] The provided value 'undefined' is not a valid enum value of type CanvasTextAlign. @ http://localhost:8000/js/rmmz_core.js:1676
[   98813ms] [WARNING] The provided value 'undefined' is not a valid enum value of type CanvasTextAlign. @ http://localhost:8000/js/rmmz_core.js:1676
[   98813ms] [WARNING] The provided value 'undefined' is not a valid enum value of type CanvasTextAlign. @ http://localhost:8000/js/rmmz_core.js:1676
[   98915ms] [WARNING] The provided value 'undefined' is not a valid enum value of type CanvasTextAlign. @ http://localhost:8000/js/rmmz_core.js:1676
[   98915ms] [WARNING] The provided value 'undefined' is not a valid enum value of type CanvasTextAlign. @ http://localhost:8000/js/rmmz_core.js:1676
[   98915ms] [WARNING] The provided value 'undefined' is not a valid enum value of type CanvasTextAlign. @ http://localhost:8000/js/rmmz_core.js:1676
[   98915ms] [WARNING] The provided value 'undefined' is not a valid enum value of type CanvasTextAlign. @ http://localhost:8000/js/rmmz_core.js:1676
[   98916ms] [WARNING] The provided value 'undefined' is not a valid enum value of type CanvasTextAlign. @ http://localhost:8000/js/rmmz_core.js:1676
[   98916ms] [WARNING] The provided value 'undefined' is not a valid enum value of type CanvasTextAlign. @ http://localhost:8000/js/rmmz_core.js:1676
[   98916ms] [WARNING] The provided value 'undefined' is not a valid enum value of type CanvasTextAlign. @ http://localhost:8000/js/rmmz_core.js:1676
[   98916ms] [WARNING] The provided value 'undefined' is not a valid enum value of type CanvasTextAlign. @ http://localhost:8000/js/rmmz_core.js:1676
[   98916ms] [WARNING] The provided value 'undefined' is not a valid enum value of type CanvasTextAlign. @ http://localhost:8000/js/rmmz_core.js:1676
[   99020ms] [WARNING] The provided value 'undefined' is not a valid enum value of type CanvasTextAlign. @ http://localhost:8000/js/rmmz_core.js:1676
[   99021ms] [WARNING] The provided value 'undefined' is not a valid enum value of type CanvasTextAlign. @ http://localhost:8000/js/rmmz_core.js:1676
[   99021ms] [WARNING] The provided value 'undefined' is not a valid enum value of type CanvasTextAlign. @ http://localhost:8000/js/rmmz_core.js:1676
[   99021ms] [WARNING] The provided value 'undefined' is not a valid enum value of type CanvasTextAlign. @ http://localhost:8000/js/rmmz_core.js:1676
[   99021ms] [WARNING] The provided value 'undefined' is not a valid enum value of type CanvasTextAlign. @ http://localhost:8000/js/rmmz_core.js:1676
[   99022ms] [WARNING] The provided value 'undefined' is not a valid enum value of type CanvasTextAlign. @ http://localhost:8000/js/rmmz_core.js:1676
[   99022ms] [WARNING] The provided value 'undefined' is not a valid enum value of type CanvasTextAlign. @ http://localhost:8000/js/rmmz_core.js:1676
[   99022ms] [WARNING] The provided value 'undefined' is not a valid enum value of type CanvasTextAlign. @ http://localhost:8000/js/rmmz_core.js:1676
[   99022ms] [WARNING] The provided value 'undefined' is not a valid enum value of type CanvasTextAlign. @ http://localhost:8000/js/rmmz_core.js:1676
[   99245ms] [WARNING] The provided value 'undefined' is not a valid enum value of type CanvasTextAlign. @ http://localhost:8000/js/rmmz_core.js:1676
[   99245ms] [WARNING] The provided value 'undefined' is not a valid enum value of type CanvasTextAlign. @ http://localhost:8000/js/rmmz_core.js:1676
[   99245ms] [WARNING] The provided value 'undefined' is not a valid enum value of type CanvasTextAlign. @ http://localhost:8000/js/rmmz_core.js:1676
[   99245ms] [WARNING] The provided value 'undefined' is not a valid enum value of type CanvasTextAlign. @ http://localhost:8000/js/rmmz_core.js:1676
[   99246ms] [WARNING] The provided value 'undefined' is not a valid enum value of type CanvasTextAlign. @ http://localhost:8000/js/rmmz_core.js:1676
[   99246ms] [WARNING] The provided value 'undefined' is not a valid enum value of type CanvasTextAlign. @ http://localhost:8000/js/rmmz_core.js:1676
[   99246ms] [WARNING] The provided value 'undefined' is not a valid enum value of type CanvasTextAlign. @ http://localhost:8000/js/rmmz_core.js:1676
[   99247ms] [WARNING] The provided value 'undefined' is not a valid enum value of type CanvasTextAlign. @ http://localhost:8000/js/rmmz_core.js:1676
[   99247ms] [WARNING] The provided value 'undefined' is not a valid enum value of type CanvasTextAlign. @ http://localhost:8000/js/rmmz_core.js:1676
[   99354ms] [WARNING] The provided value 'undefined' is not a valid enum value of type CanvasTextAlign. @ http://localhost:8000/js/rmmz_core.js:1676
[   99354ms] [WARNING] The provided value 'undefined' is not a valid enum value of type CanvasTextAlign. @ http://localhost:8000/js/rmmz_core.js:1676
[   99354ms] [WARNING] The provided value 'undefined' is not a valid enum value of type CanvasTextAlign. @ http://localhost:8000/js/rmmz_core.js:1676
[   99355ms] [WARNING] The provided value 'undefined' is not a valid enum value of type CanvasTextAlign. @ http://localhost:8000/js/rmmz_core.js:1676
[   99355ms] [WARNING] The provided value 'undefined' is not a valid enum value of type CanvasTextAlign. @ http://localhost:8000/js/rmmz_core.js:1676
[   99355ms] [WARNING] The provided value 'undefined' is not a valid enum value of type CanvasTextAlign. @ http://localhost:8000/js/rmmz_core.js:1676
[   99355ms] [WARNING] The provided value 'undefined' is not a valid enum value of type CanvasTextAlign. @ http://localhost:8000/js/rmmz_core.js:1676
[   99356ms] [WARNING] The provided value 'undefined' is not a valid enum value of type CanvasTextAlign. @ http://localhost:8000/js/rmmz_core.js:1676
[   99356ms] [WARNING] The provided value 'undefined' is not a valid enum value of type CanvasTextAlign. @ http://localhost:8000/js/rmmz_core.js:1676
[   99456ms] [WARNING] The provided value 'undefined' is not a valid enum value of type CanvasTextAlign. @ http://localhost:8000/js/rmmz_core.js:1676
[   99457ms] [WARNING] The provided value 'undefined' is not a valid enum value of type CanvasTextAlign. @ http://localhost:8000/js/rmmz_core.js:1676
[   99457ms] [WARNING] The provided value 'undefined' is not a valid enum value of type CanvasTextAlign. @ http://localhost:8000/js/rmmz_core.js:1676
[   99457ms] [WARNING] The provided value 'undefined' is not a valid enum value of type CanvasTextAlign. @ http://localhost:8000/js/rmmz_core.js:1676
[   99457ms] [WARNING] The provided value 'undefined' is not a valid enum value of type CanvasTextAlign. @ http://localhost:8000/js/rmmz_core.js:1676
[   99458ms] [WARNING] The provided value 'undefined' is not a valid enum value of type CanvasTextAlign. @ http://localhost:8000/js/rmmz_core.js:1676
[   99458ms] [WARNING] The provided value 'undefined' is not a valid enum value of type CanvasTextAlign. @ http://localhost:8000/js/rmmz_core.js:1676
[   99458ms] [WARNING] The provided value 'undefined' is not a valid enum value of type CanvasTextAlign. @ http://localhost:8000/js/rmmz_core.js:1676
[   99458ms] [WARNING] The provided value 'undefined' is not a valid enum value of type CanvasTextAlign. @ http://localhost:8000/js/rmmz_core.js:1676
[   99558ms] [WARNING] The provided value 'undefined' is not a valid enum value of type CanvasTextAlign. @ http://localhost:8000/js/rmmz_core.js:1676
[   99559ms] [WARNING] The provided value 'undefined' is not a valid enum value of type CanvasTextAlign. @ http://localhost:8000/js/rmmz_core.js:1676
[   99559ms] [WARNING] The provided value 'undefined' is not a valid enum value of type CanvasTextAlign. @ http://localhost:8000/js/rmmz_core.js:1676
[   99559ms] [WARNING] The provided value 'undefined' is not a valid enum value of type CanvasTextAlign. @ http://localhost:8000/js/rmmz_core.js:1676
[   99559ms] [WARNING] The provided value 'undefined' is not a valid enum value of type CanvasTextAlign. @ http://localhost:8000/js/rmmz_core.js:1676
[   99560ms] [WARNING] The provided value 'undefined' is not a valid enum value of type CanvasTextAlign. @ http://localhost:8000/js/rmmz_core.js:1676
[   99560ms] [WARNING] The provided value 'undefined' is not a valid enum value of type CanvasTextAlign. @ http://localhost:8000/js/rmmz_core.js:1676
[   99560ms] [WARNING] The provided value 'undefined' is not a valid enum value of type CanvasTextAlign. @ http://localhost:8000/js/rmmz_core.js:1676
[   99560ms] [WARNING] The provided value 'undefined' is not a valid enum value of type CanvasTextAlign. @ http://localhost:8000/js/rmmz_core.js:1676
[   99648ms] [WARNING] The provided value 'undefined' is not a valid enum value of type CanvasTextAlign. @ http://localhost:8000/js/rmmz_core.js:1676
[   99648ms] [WARNING] The provided value 'undefined' is not a valid enum value of type CanvasTextAlign. @ http://localhost:8000/js/rmmz_core.js:1676
[   99649ms] [WARNING] The provided value 'undefined' is not a valid enum value of type CanvasTextAlign. @ http://localhost:8000/js/rmmz_core.js:1676
[   99649ms] [WARNING] The provided value 'undefined' is not a valid enum value of type CanvasTextAlign. @ http://localhost:8000/js/rmmz_core.js:1676
[   99649ms] [WARNING] The provided value 'undefined' is not a valid enum value of type CanvasTextAlign. @ http://localhost:8000/js/rmmz_core.js:1676
[   99649ms] [WARNING] The provided value 'undefined' is not a valid enum value of type CanvasTextAlign. @ http://localhost:8000/js/rmmz_core.js:1676
[   99649ms] [WARNING] The provided value 'undefined' is not a valid enum value of type CanvasTextAlign. @ http://localhost:8000/js/rmmz_core.js:1676
[   99650ms] [WARNING] The provided value 'undefined' is not a valid enum value of type CanvasTextAlign. @ http://localhost:8000/js/rmmz_core.js:1676
[   99650ms] [WARNING] The provided value 'undefined' is not a valid enum value of type CanvasTextAlign. @ http://localhost:8000/js/rmmz_core.js:1676
[   99749ms] [WARNING] The provided value 'undefined' is not a valid enum value of type CanvasTextAlign. @ http://localhost:8000/js/rmmz_core.js:1676
[   99750ms] [WARNING] The provided value 'undefined' is not a valid enum value of type CanvasTextAlign. @ http://localhost:8000/js/rmmz_core.js:1676
[   99750ms] [WARNING] The provided value 'undefined' is not a valid enum value of type CanvasTextAlign. @ http://localhost:8000/js/rmmz_core.js:1676
[   99750ms] [WARNING] The provided value 'undefined' is not a valid enum value of type CanvasTextAlign. @ http://localhost:8000/js/rmmz_core.js:1676
[   99751ms] [WARNING] The provided value 'undefined' is not a valid enum value of type CanvasTextAlign. @ http://localhost:8000/js/rmmz_core.js:1676
[   99751ms] [WARNING] The provided value 'undefined' is not a valid enum value of type CanvasTextAlign. @ http://localhost:8000/js/rmmz_core.js:1676
[   99751ms] [WARNING] The provided value 'undefined' is not a valid enum value of type CanvasTextAlign. @ http://localhost:8000/js/rmmz_core.js:1676
[   99751ms] [WARNING] The provided value 'undefined' is not a valid enum value of type CanvasTextAlign. @ http://localhost:8000/js/rmmz_core.js:1676
[   99751ms] [WARNING] The provided value 'undefined' is not a valid enum value of type CanvasTextAlign. @ http://localhost:8000/js/rmmz_core.js:1676
[   99751ms] [WARNING] The provided value 'undefined' is not a valid enum value of type CanvasTextAlign. @ http://localhost:8000/js/rmmz_core.js:1676
[   99752ms] [WARNING] The provided value 'undefined' is not a valid enum value of type CanvasTextAlign. @ http://localhost:8000/js/rmmz_core.js:1676
[   99752ms] [WARNING] The provided value 'undefined' is not a valid enum value of type CanvasTextAlign. @ http://localhost:8000/js/rmmz_core.js:1676
[   99752ms] [WARNING] The provided value 'undefined' is not a valid enum value of type CanvasTextAlign. @ http://localhost:8000/js/rmmz_core.js:1676
[   99752ms] [WARNING] The provided value 'undefined' is not a valid enum value of type CanvasTextAlign. @ http://localhost:8000/js/rmmz_core.js:1676
[   99752ms] [WARNING] The provided value 'undefined' is not a valid enum value of type CanvasTextAlign. @ http://localhost:8000/js/rmmz_core.js:1676
[   99752ms] [WARNING] The provided value 'undefined' is not a valid enum value of type CanvasTextAlign. @ http://localhost:8000/js/rmmz_core.js:1676
[   99752ms] [WARNING] The provided value 'undefined' is not a valid enum value of type CanvasTextAlign. @ http://localhost:8000/js/rmmz_core.js:1676
[   99752ms] [WARNING] The provided value 'undefined' is not a valid enum value of type CanvasTextAlign. @ http://localhost:8000/js/rmmz_core.js:1676
[   99864ms] [WARNING] The provided value 'undefined' is not a valid enum value of type CanvasTextAlign. @ http://localhost:8000/js/rmmz_core.js:1676
[   99864ms] [WARNING] The provided value 'undefined' is not a valid enum value of type CanvasTextAlign. @ http://localhost:8000/js/rmmz_core.js:1676
[   99865ms] [WARNING] The provided value 'undefined' is not a valid enum value of type CanvasTextAlign. @ http://localhost:8000/js/rmmz_core.js:1676
[   99865ms] [WARNING] The provided value 'undefined' is not a valid enum value of type CanvasTextAlign. @ http://localhost:8000/js/rmmz_core.js:1676
[   99865ms] [WARNING] The provided value 'undefined' is not a valid enum value of type CanvasTextAlign. @ http://localhost:8000/js/rmmz_core.js:1676
[   99865ms] [WARNING] The provided value 'undefined' is not a valid enum value of type CanvasTextAlign. @ http://localhost:8000/js/rmmz_core.js:1676
[   99865ms] [WARNING] The provided value 'undefined' is not a valid enum value of type CanvasTextAlign. @ http://localhost:8000/js/rmmz_core.js:1676
[   99866ms] [WARNING] The provided value 'undefined' is not a valid enum value of type CanvasTextAlign. @ http://localhost:8000/js/rmmz_core.js:1676
[   99866ms] [WARNING] The provided value 'undefined' is not a valid enum value of type CanvasTextAlign. @ http://localhost:8000/js/rmmz_core.js:1676
[   99973ms] [WARNING] The provided value 'undefined' is not a valid enum value of type CanvasTextAlign. @ http://localhost:8000/js/rmmz_core.js:1676
[   99974ms] [WARNING] The provided value 'undefined' is not a valid enum value of type CanvasTextAlign. @ http://localhost:8000/js/rmmz_core.js:1676
[   99974ms] [WARNING] The provided value 'undefined' is not a valid enum value of type CanvasTextAlign. @ http://localhost:8000/js/rmmz_core.js:1676
[   99974ms] [WARNING] The provided value 'undefined' is not a valid enum value of type CanvasTextAlign. @ http://localhost:8000/js/rmmz_core.js:1676
[   99974ms] [WARNING] The provided value 'undefined' is not a valid enum value of type CanvasTextAlign. @ http://localhost:8000/js/rmmz_core.js:1676
[   99974ms] [WARNING] The provided value 'undefined' is not a valid enum value of type CanvasTextAlign. @ http://localhost:8000/js/rmmz_core.js:1676
[   99974ms] [WARNING] The provided value 'undefined' is not a valid enum value of type CanvasTextAlign. @ http://localhost:8000/js/rmmz_core.js:1676
[   99975ms] [WARNING] The provided value 'undefined' is not a valid enum value of type CanvasTextAlign. @ http://localhost:8000/js/rmmz_core.js:1676
[   99975ms] [WARNING] The provided value 'undefined' is not a valid enum value of type CanvasTextAlign. @ http://localhost:8000/js/rmmz_core.js:1676
[  100073ms] [WARNING] The provided value 'undefined' is not a valid enum value of type CanvasTextAlign. @ http://localhost:8000/js/rmmz_core.js:1676
[  100074ms] [WARNING] The provided value 'undefined' is not a valid enum value of type CanvasTextAlign. @ http://localhost:8000/js/rmmz_core.js:1676
[  100074ms] [WARNING] The provided value 'undefined' is not a valid enum value of type CanvasTextAlign. @ http://localhost:8000/js/rmmz_core.js:1676
[  100074ms] [WARNING] The provided value 'undefined' is not a valid enum value of type CanvasTextAlign. @ http://localhost:8000/js/rmmz_core.js:1676
[  100075ms] [WARNING] The provided value 'undefined' is not a valid enum value of type CanvasTextAlign. @ http://localhost:8000/js/rmmz_core.js:1676
[  100075ms] [WARNING] The provided value 'undefined' is not a valid enum value of type CanvasTextAlign. @ http://localhost:8000/js/rmmz_core.js:1676
[  100075ms] [WARNING] The provided value 'undefined' is not a valid enum value of type CanvasTextAlign. @ http://localhost:8000/js/rmmz_core.js:1676
[  100075ms] [WARNING] The provided value 'undefined' is not a valid enum value of type CanvasTextAlign. @ http://localhost:8000/js/rmmz_core.js:1676
[  100076ms] [WARNING] The provided value 'undefined' is not a valid enum value of type CanvasTextAlign. @ http://localhost:8000/js/rmmz_core.js:1676
[  100174ms] [WARNING] The provided value 'undefined' is not a valid enum value of type CanvasTextAlign. @ http://localhost:8000/js/rmmz_core.js:1676
[  100175ms] [WARNING] The provided value 'undefined' is not a valid enum value of type CanvasTextAlign. @ http://localhost:8000/js/rmmz_core.js:1676
[  100175ms] [WARNING] The provided value 'undefined' is not a valid enum value of type CanvasTextAlign. @ http://localhost:8000/js/rmmz_core.js:1676
[  100175ms] [WARNING] The provided value 'undefined' is not a valid enum value of type CanvasTextAlign. @ http://localhost:8000/js/rmmz_core.js:1676
[  100175ms] [WARNING] The provided value 'undefined' is not a valid enum value of type CanvasTextAlign. @ http://localhost:8000/js/rmmz_core.js:1676
[  100176ms] [WARNING] The provided value 'undefined' is not a valid enum value of type CanvasTextAlign. @ http://localhost:8000/js/rmmz_core.js:1676
[  100176ms] [WARNING] The provided value 'undefined' is not a valid enum value of type CanvasTextAlign. @ http://localhost:8000/js/rmmz_core.js:1676
[  100176ms] [WARNING] The provided value 'undefined' is not a valid enum value of type CanvasTextAlign. @ http://localhost:8000/js/rmmz_core.js:1676
[  100176ms] [WARNING] The provided value 'undefined' is not a valid enum value of type CanvasTextAlign. @ http://localhost:8000/js/rmmz_core.js:1676
[  100275ms] [WARNING] The provided value 'undefined' is not a valid enum value of type CanvasTextAlign. @ http://localhost:8000/js/rmmz_core.js:1676
[  100276ms] [WARNING] The provided value 'undefined' is not a valid enum value of type CanvasTextAlign. @ http://localhost:8000/js/rmmz_core.js:1676
[  100276ms] [WARNING] The provided value 'undefined' is not a valid enum value of type CanvasTextAlign. @ http://localhost:8000/js/rmmz_core.js:1676
[  100276ms] [WARNING] The provided value 'undefined' is not a valid enum value of type CanvasTextAlign. @ http://localhost:8000/js/rmmz_core.js:1676
[  100276ms] [WARNING] The provided value 'undefined' is not a valid enum value of type CanvasTextAlign. @ http://localhost:8000/js/rmmz_core.js:1676
[  100277ms] [WARNING] The provided value 'undefined' is not a valid enum value of type CanvasTextAlign. @ http://localhost:8000/js/rmmz_core.js:1676
[  100277ms] [WARNING] The provided value 'undefined' is not a valid enum value of type CanvasTextAlign. @ http://localhost:8000/js/rmmz_core.js:1676
[  100277ms] [WARNING] The provided value 'undefined' is not a valid enum value of type CanvasTextAlign. @ http://localhost:8000/js/rmmz_core.js:1676
[  100277ms] [WARNING] The provided value 'undefined' is not a valid enum value of type CanvasTextAlign. @ http://localhost:8000/js/rmmz_core.js:1676
[  100365ms] [WARNING] The provided value 'undefined' is not a valid enum value of type CanvasTextAlign. @ http://localhost:8000/js/rmmz_core.js:1676
[  100365ms] [WARNING] The provided value 'undefined' is not a valid enum value of type CanvasTextAlign. @ http://localhost:8000/js/rmmz_core.js:1676
[  100366ms] [WARNING] The provided value 'undefined' is not a valid enum value of type CanvasTextAlign. @ http://localhost:8000/js/rmmz_core.js:1676
[  100366ms] [WARNING] The provided value 'undefined' is not a valid enum value of type CanvasTextAlign. @ http://localhost:8000/js/rmmz_core.js:1676
[  100366ms] [WARNING] The provided value 'undefined' is not a valid enum value of type CanvasTextAlign. @ http://localhost:8000/js/rmmz_core.js:1676
[  100366ms] [WARNING] The provided value 'undefined' is not a valid enum value of type CanvasTextAlign. @ http://localhost:8000/js/rmmz_core.js:1676
[  100366ms] [WARNING] The provided value 'undefined' is not a valid enum value of type CanvasTextAlign. @ http://localhost:8000/js/rmmz_core.js:1676
[  100367ms] [WARNING] The provided value 'undefined' is not a valid enum value of type CanvasTextAlign. @ http://localhost:8000/js/rmmz_core.js:1676
[  100367ms] [WARNING] The provided value 'undefined' is not a valid enum value of type CanvasTextAlign. @ http://localhost:8000/js/rmmz_core.js:1676
[  100480ms] [WARNING] The provided value 'undefined' is not a valid enum value of type CanvasTextAlign. @ http://localhost:8000/js/rmmz_core.js:1676
[  100481ms] [WARNING] The provided value 'undefined' is not a valid enum value of type CanvasTextAlign. @ http://localhost:8000/js/rmmz_core.js:1676
[  100481ms] [WARNING] The provided value 'undefined' is not a valid enum value of type CanvasTextAlign. @ http://localhost:8000/js/rmmz_core.js:1676
[  100481ms] [WARNING] The provided value 'undefined' is not a valid enum value of type CanvasTextAlign. @ http://localhost:8000/js/rmmz_core.js:1676
[  100481ms] [WARNING] The provided value 'undefined' is not a valid enum value of type CanvasTextAlign. @ http://localhost:8000/js/rmmz_core.js:1676
[  100481ms] [WARNING] The provided value 'undefined' is not a valid enum value of type CanvasTextAlign. @ http://localhost:8000/js/rmmz_core.js:1676
[  100482ms] [WARNING] The provided value 'undefined' is not a valid enum value of type CanvasTextAlign. @ http://localhost:8000/js/rmmz_core.js:1676
[  100482ms] [WARNING] The provided value 'undefined' is not a valid enum value of type CanvasTextAlign. @ http://localhost:8000/js/rmmz_core.js:1676
[  100482ms] [WARNING] The provided value 'undefined' is not a valid enum value of type CanvasTextAlign. @ http://localhost:8000/js/rmmz_core.js:1676
[  100581ms] [WARNING] The provided value 'undefined' is not a valid enum value of type CanvasTextAlign. @ http://localhost:8000/js/rmmz_core.js:1676
[  100582ms] [WARNING] The provided value 'undefined' is not a valid enum value of type CanvasTextAlign. @ http://localhost:8000/js/rmmz_core.js:1676
[  100582ms] [WARNING] The provided value 'undefined' is not a valid enum value of type CanvasTextAlign. @ http://localhost:8000/js/rmmz_core.js:1676
[  100582ms] [WARNING] The provided value 'undefined' is not a valid enum value of type CanvasTextAlign. @ http://localhost:8000/js/rmmz_core.js:1676
[  100582ms] [WARNING] The provided value 'undefined' is not a valid enum value of type CanvasTextAlign. @ http://localhost:8000/js/rmmz_core.js:1676
[  100583ms] [WARNING] The provided value 'undefined' is not a valid enum value of type CanvasTextAlign. @ http://localhost:8000/js/rmmz_core.js:1676
[  100583ms] [WARNING] The provided value 'undefined' is not a valid enum value of type CanvasTextAlign. @ http://localhost:8000/js/rmmz_core.js:1676
[  100583ms] [WARNING] The provided value 'undefined' is not a valid enum value of type CanvasTextAlign. @ http://localhost:8000/js/rmmz_core.js:1676
[  100583ms] [WARNING] The provided value 'undefined' is not a valid enum value of type CanvasTextAlign. @ http://localhost:8000/js/rmmz_core.js:1676
[  100669ms] [WARNING] The provided value 'undefined' is not a valid enum value of type CanvasTextAlign. @ http://localhost:8000/js/rmmz_core.js:1676
[  100670ms] [WARNING] The provided value 'undefined' is not a valid enum value of type CanvasTextAlign. @ http://localhost:8000/js/rmmz_core.js:1676
[  100670ms] [WARNING] The provided value 'undefined' is not a valid enum value of type CanvasTextAlign. @ http://localhost:8000/js/rmmz_core.js:1676
[  100670ms] [WARNING] The provided value 'undefined' is not a valid enum value of type CanvasTextAlign. @ http://localhost:8000/js/rmmz_core.js:1676
[  100670ms] [WARNING] The provided value 'undefined' is not a valid enum value of type CanvasTextAlign. @ http://localhost:8000/js/rmmz_core.js:1676
[  100671ms] [WARNING] The provided value 'undefined' is not a valid enum value of type CanvasTextAlign. @ http://localhost:8000/js/rmmz_core.js:1676
[  100671ms] [WARNING] The provided value 'undefined' is not a valid enum value of type CanvasTextAlign. @ http://localhost:8000/js/rmmz_core.js:1676
[  100671ms] [WARNING] The provided value 'undefined' is not a valid enum value of type CanvasTextAlign. @ http://localhost:8000/js/rmmz_core.js:1676
[  100671ms] [WARNING] The provided value 'undefined' is not a valid enum value of type CanvasTextAlign. @ http://localhost:8000/js/rmmz_core.js:1676
[  100745ms] [LOG] RACE_EVENT: {
  "type": "SAFE_CLICK",
  "frame": 1895,
  "vars": {
    "RACE_ID": 1,
    "SCENE_INDEX": 4,
    "SCENE_TYPE": 1,
    "P_CENA": 80,
    "CONSCIENCIA": 70,
    "PONTOS_GLORIA": 170,
    "TAXA_SUCESSO": 0,
    "ROLL_RESULT": 0,
    "TIMER_FRAMES": 0,
    "SCENE_START": 1674,
    "SEED": 0,
    "RACE_N_CENAS": 6,
    "ATTEMPT_N": 7,
    "LAST_RENDERED_INDEX": 3,
    "HOVER_LEVEL": 0,
    "TIMER_TIMEOUT_FLAG": 1,
    "VITORIA_PASSOU": 0,
    "GLORIA_META": 200,
    "TIMER_SECONDS": 1,
    "SCENE_DISPLAY": 4
  },
  "switches": {
    "RACE_ACTIVE": true,
    "INPUT_LOCKED": true,
    "CRASH_FLAG": false,
    "LAST_ACTION_SAFE": true,
    "PAUSED": false,
    "IS_CURVA_DIABO": false
  },
  "timestamp": "2026-07-07T07:25:53.026Z"
} @ http://localhost:8000/js/plugins/Jhonny_RaceHelper.js:234
[  100769ms] [WARNING] The provided value 'undefined' is not a valid enum value of type CanvasTextAlign. @ http://localhost:8000/js/rmmz_core.js:1676
[  100769ms] [WARNING] The provided value 'undefined' is not a valid enum value of type CanvasTextAlign. @ http://localhost:8000/js/rmmz_core.js:1676
[  100770ms] [WARNING] The provided value 'undefined' is not a valid enum value of type CanvasTextAlign. @ http://localhost:8000/js/rmmz_core.js:1676
[  100770ms] [WARNING] The provided value 'undefined' is not a valid enum value of type CanvasTextAlign. @ http://localhost:8000/js/rmmz_core.js:1676
[  100770ms] [WARNING] The provided value 'undefined' is not a valid enum value of type CanvasTextAlign. @ http://localhost:8000/js/rmmz_core.js:1676
[  100770ms] [WARNING] The provided value 'undefined' is not a valid enum value of type CanvasTextAlign. @ http://localhost:8000/js/rmmz_core.js:1676
[  100770ms] [WARNING] The provided value 'undefined' is not a valid enum value of type CanvasTextAlign. @ http://localhost:8000/js/rmmz_core.js:1676
[  100770ms] [WARNING] The provided value 'undefined' is not a valid enum value of type CanvasTextAlign. @ http://localhost:8000/js/rmmz_core.js:1676
[  100770ms] [WARNING] The provided value 'undefined' is not a valid enum value of type CanvasTextAlign. @ http://localhost:8000/js/rmmz_core.js:1676
[  100770ms] [WARNING] The provided value 'undefined' is not a valid enum value of type CanvasTextAlign. @ http://localhost:8000/js/rmmz_core.js:1676
[  100771ms] [WARNING] The provided value 'undefined' is not a valid enum value of type CanvasTextAlign. @ http://localhost:8000/js/rmmz_core.js:1676
[  100771ms] [WARNING] The provided value 'undefined' is not a valid enum value of type CanvasTextAlign. @ http://localhost:8000/js/rmmz_core.js:1676
[  100771ms] [WARNING] The provided value 'undefined' is not a valid enum value of type CanvasTextAlign. @ http://localhost:8000/js/rmmz_core.js:1676
[  100771ms] [WARNING] The provided value 'undefined' is not a valid enum value of type CanvasTextAlign. @ http://localhost:8000/js/rmmz_core.js:1676
[  100771ms] [WARNING] The provided value 'undefined' is not a valid enum value of type CanvasTextAlign. @ http://localhost:8000/js/rmmz_core.js:1676
[  100771ms] [WARNING] The provided value 'undefined' is not a valid enum value of type CanvasTextAlign. @ http://localhost:8000/js/rmmz_core.js:1676
[  100771ms] [WARNING] The provided value 'undefined' is not a valid enum value of type CanvasTextAlign. @ http://localhost:8000/js/rmmz_core.js:1676
[  100771ms] [WARNING] The provided value 'undefined' is not a valid enum value of type CanvasTextAlign. @ http://localhost:8000/js/rmmz_core.js:1676
[  100771ms] [WARNING] The provided value 'undefined' is not a valid enum value of type CanvasTextAlign. @ http://localhost:8000/js/rmmz_core.js:1676
[  100772ms] [WARNING] The provided value 'undefined' is not a valid enum value of type CanvasTextAlign. @ http://localhost:8000/js/rmmz_core.js:1676
[  100772ms] [WARNING] The provided value 'undefined' is not a valid enum value of type CanvasTextAlign. @ http://localhost:8000/js/rmmz_core.js:1676
[  100772ms] [WARNING] The provided value 'undefined' is not a valid enum value of type CanvasTextAlign. @ http://localhost:8000/js/rmmz_core.js:1676
[  100772ms] [WARNING] The provided value 'undefined' is not a valid enum value of type CanvasTextAlign. @ http://localhost:8000/js/rmmz_core.js:1676
[  100772ms] [WARNING] The provided value 'undefined' is not a valid enum value of type CanvasTextAlign. @ http://localhost:8000/js/rmmz_core.js:1676
[  100772ms] [WARNING] The provided value 'undefined' is not a valid enum value of type CanvasTextAlign. @ http://localhost:8000/js/rmmz_core.js:1676
[  100772ms] [WARNING] The provided value 'undefined' is not a valid enum value of type CanvasTextAlign. @ http://localhost:8000/js/rmmz_core.js:1676
[  100772ms] [WARNING] The provided value 'undefined' is not a valid enum value of type CanvasTextAlign. @ http://localhost:8000/js/rmmz_core.js:1676
[  100772ms] [WARNING] The provided value 'undefined' is not a valid enum value of type CanvasTextAlign. @ http://localhost:8000/js/rmmz_core.js:1676
[  100773ms] [WARNING] The provided value 'undefined' is not a valid enum value of type CanvasTextAlign. @ http://localhost:8000/js/rmmz_core.js:1676
[  100773ms] [WARNING] The provided value 'undefined' is not a valid enum value of type CanvasTextAlign. @ http://localhost:8000/js/rmmz_core.js:1676
[  100773ms] [WARNING] The provided value 'undefined' is not a valid enum value of type CanvasTextAlign. @ http://localhost:8000/js/rmmz_core.js:1676
[  100773ms] [WARNING] The provided value 'undefined' is not a valid enum value of type CanvasTextAlign. @ http://localhost:8000/js/rmmz_core.js:1676
[  100773ms] [WARNING] The provided value 'undefined' is not a valid enum value of type CanvasTextAlign. @ http://localhost:8000/js/rmmz_core.js:1676
[  100773ms] [WARNING] The provided value 'undefined' is not a valid enum value of type CanvasTextAlign. @ http://localhost:8000/js/rmmz_core.js:1676
[  100773ms] [WARNING] The provided value 'undefined' is not a valid enum value of type CanvasTextAlign. @ http://localhost:8000/js/rmmz_core.js:1676
[  100773ms] [WARNING] The provided value 'undefined' is not a valid enum value of type CanvasTextAlign. @ http://localhost:8000/js/rmmz_core.js:1676
[  100774ms] [WARNING] The provided value 'undefined' is not a valid enum value of type CanvasTextAlign. @ http://localhost:8000/js/rmmz_core.js:1676
[  100774ms] [WARNING] The provided value 'undefined' is not a valid enum value of type CanvasTextAlign. @ http://localhost:8000/js/rmmz_core.js:1676
[  100774ms] [WARNING] The provided value 'undefined' is not a valid enum value of type CanvasTextAlign. @ http://localhost:8000/js/rmmz_core.js:1676
[  100774ms] [WARNING] The provided value 'undefined' is not a valid enum value of type CanvasTextAlign. @ http://localhost:8000/js/rmmz_core.js:1676
[  100775ms] [WARNING] The provided value 'undefined' is not a valid enum value of type CanvasTextAlign. @ http://localhost:8000/js/rmmz_core.js:1676
[  100775ms] [WARNING] The provided value 'undefined' is not a valid enum value of type CanvasTextAlign. @ http://localhost:8000/js/rmmz_core.js:1676
[  100775ms] [WARNING] The provided value 'undefined' is not a valid enum value of type CanvasTextAlign. @ http://localhost:8000/js/rmmz_core.js:1676
[  100775ms] [WARNING] The provided value 'undefined' is not a valid enum value of type CanvasTextAlign. @ http://localhost:8000/js/rmmz_core.js:1676
[  100775ms] [WARNING] The provided value 'undefined' is not a valid enum value of type CanvasTextAlign. @ http://localhost:8000/js/rmmz_core.js:1676
[  100775ms] [WARNING] The provided value 'undefined' is not a valid enum value of type CanvasTextAlign. @ http://localhost:8000/js/rmmz_core.js:1676
[  100775ms] [WARNING] The provided value 'undefined' is not a valid enum value of type CanvasTextAlign. @ http://localhost:8000/js/rmmz_core.js:1676
[  100775ms] [WARNING] The provided value 'undefined' is not a valid enum value of type CanvasTextAlign. @ http://localhost:8000/js/rmmz_core.js:1676
[  100775ms] [WARNING] The provided value 'undefined' is not a valid enum value of type CanvasTextAlign. @ http://localhost:8000/js/rmmz_core.js:1676
[  100776ms] [WARNING] The provided value 'undefined' is not a valid enum value of type CanvasTextAlign. @ http://localhost:8000/js/rmmz_core.js:1676
[  100776ms] [WARNING] The provided value 'undefined' is not a valid enum value of type CanvasTextAlign. @ http://localhost:8000/js/rmmz_core.js:1676
[  100776ms] [WARNING] The provided value 'undefined' is not a valid enum value of type CanvasTextAlign. @ http://localhost:8000/js/rmmz_core.js:1676
[  100776ms] [WARNING] The provided value 'undefined' is not a valid enum value of type CanvasTextAlign. @ http://localhost:8000/js/rmmz_core.js:1676
[  100776ms] [WARNING] The provided value 'undefined' is not a valid enum value of type CanvasTextAlign. @ http://localhost:8000/js/rmmz_core.js:1676
[  100776ms] [WARNING] The provided value 'undefined' is not a valid enum value of type CanvasTextAlign. @ http://localhost:8000/js/rmmz_core.js:1676
[  100777ms] [WARNING] The provided value 'undefined' is not a valid enum value of type CanvasTextAlign. @ http://localhost:8000/js/rmmz_core.js:1676
[  100777ms] [WARNING] The provided value 'undefined' is not a valid enum value of type CanvasTextAlign. @ http://localhost:8000/js/rmmz_core.js:1676
[  100777ms] [WARNING] The provided value 'undefined' is not a valid enum value of type CanvasTextAlign. @ http://localhost:8000/js/rmmz_core.js:1676
[  100777ms] [WARNING] The provided value 'undefined' is not a valid enum value of type CanvasTextAlign. @ http://localhost:8000/js/rmmz_core.js:1676
[  100777ms] [WARNING] The provided value 'undefined' is not a valid enum value of type CanvasTextAlign. @ http://localhost:8000/js/rmmz_core.js:1676
[  100777ms] [WARNING] The provided value 'undefined' is not a valid enum value of type CanvasTextAlign. @ http://localhost:8000/js/rmmz_core.js:1676
[  100777ms] [WARNING] The provided value 'undefined' is not a valid enum value of type CanvasTextAlign. @ http://localhost:8000/js/rmmz_core.js:1676
[  100777ms] [WARNING] The provided value 'undefined' is not a valid enum value of type CanvasTextAlign. @ http://localhost:8000/js/rmmz_core.js:1676
[  100778ms] [WARNING] The provided value 'undefined' is not a valid enum value of type CanvasTextAlign. @ http://localhost:8000/js/rmmz_core.js:1676
[  100778ms] [WARNING] The provided value 'undefined' is not a valid enum value of type CanvasTextAlign. @ http://localhost:8000/js/rmmz_core.js:1676
[  100778ms] [WARNING] The provided value 'undefined' is not a valid enum value of type CanvasTextAlign. @ http://localhost:8000/js/rmmz_core.js:1676
[  100778ms] [WARNING] The provided value 'undefined' is not a valid enum value of type CanvasTextAlign. @ http://localhost:8000/js/rmmz_core.js:1676
[  100778ms] [WARNING] The provided value 'undefined' is not a valid enum value of type CanvasTextAlign. @ http://localhost:8000/js/rmmz_core.js:1676
[  100778ms] [WARNING] The provided value 'undefined' is not a valid enum value of type CanvasTextAlign. @ http://localhost:8000/js/rmmz_core.js:1676
[  100778ms] [WARNING] The provided value 'undefined' is not a valid enum value of type CanvasTextAlign. @ http://localhost:8000/js/rmmz_core.js:1676
[  100778ms] [WARNING] The provided value 'undefined' is not a valid enum value of type CanvasTextAlign. @ http://localhost:8000/js/rmmz_core.js:1676
[  100779ms] [WARNING] The provided value 'undefined' is not a valid enum value of type CanvasTextAlign. @ http://localhost:8000/js/rmmz_core.js:1676
[  100779ms] [WARNING] The provided value 'undefined' is not a valid enum value of type CanvasTextAlign. @ http://localhost:8000/js/rmmz_core.js:1676
[  100779ms] [WARNING] The provided value 'undefined' is not a valid enum value of type CanvasTextAlign. @ http://localhost:8000/js/rmmz_core.js:1676
[  100779ms] [WARNING] The provided value 'undefined' is not a valid enum value of type CanvasTextAlign. @ http://localhost:8000/js/rmmz_core.js:1676
[  100779ms] [WARNING] The provided value 'undefined' is not a valid enum value of type CanvasTextAlign. @ http://localhost:8000/js/rmmz_core.js:1676
[  100779ms] [WARNING] The provided value 'undefined' is not a valid enum value of type CanvasTextAlign. @ http://localhost:8000/js/rmmz_core.js:1676
[  100779ms] [WARNING] The provided value 'undefined' is not a valid enum value of type CanvasTextAlign. @ http://localhost:8000/js/rmmz_core.js:1676
[  100779ms] [WARNING] The provided value 'undefined' is not a valid enum value of type CanvasTextAlign. @ http://localhost:8000/js/rmmz_core.js:1676
[  100779ms] [WARNING] The provided value 'undefined' is not a valid enum value of type CanvasTextAlign. @ http://localhost:8000/js/rmmz_core.js:1676
[  100780ms] [WARNING] The provided value 'undefined' is not a valid enum value of type CanvasTextAlign. @ http://localhost:8000/js/rmmz_core.js:1676
[  100780ms] [WARNING] The provided value 'undefined' is not a valid enum value of type CanvasTextAlign. @ http://localhost:8000/js/rmmz_core.js:1676
[  100875ms] [WARNING] The provided value 'undefined' is not a valid enum value of type CanvasTextAlign. @ http://localhost:8000/js/rmmz_core.js:1676
[  100876ms] [WARNING] The provided value 'undefined' is not a valid enum value of type CanvasTextAlign. @ http://localhost:8000/js/rmmz_core.js:1676
[  100876ms] [WARNING] The provided value 'undefined' is not a valid enum value of type CanvasTextAlign. @ http://localhost:8000/js/rmmz_core.js:1676
[  100876ms] [WARNING] The provided value 'undefined' is not a valid enum value of type CanvasTextAlign. @ http://localhost:8000/js/rmmz_core.js:1676
[  100877ms] [WARNING] The provided value 'undefined' is not a valid enum value of type CanvasTextAlign. @ http://localhost:8000/js/rmmz_core.js:1676
[  100877ms] [WARNING] The provided value 'undefined' is not a valid enum value of type CanvasTextAlign. @ http://localhost:8000/js/rmmz_core.js:1676
[  100877ms] [WARNING] The provided value 'undefined' is not a valid enum value of type CanvasTextAlign. @ http://localhost:8000/js/rmmz_core.js:1676
[  100877ms] [WARNING] The provided value 'undefined' is not a valid enum value of type CanvasTextAlign. @ http://localhost:8000/js/rmmz_core.js:1676
[  100877ms] [WARNING] The provided value 'undefined' is not a valid enum value of type CanvasTextAlign. @ http://localhost:8000/js/rmmz_core.js:1676
[  100977ms] [WARNING] The provided value 'undefined' is not a valid enum value of type CanvasTextAlign. @ http://localhost:8000/js/rmmz_core.js:1676
[  100977ms] [WARNING] The provided value 'undefined' is not a valid enum value of type CanvasTextAlign. @ http://localhost:8000/js/rmmz_core.js:1676
[  100977ms] [WARNING] The provided value 'undefined' is not a valid enum value of type CanvasTextAlign. @ http://localhost:8000/js/rmmz_core.js:1676
[  100978ms] [WARNING] The provided value 'undefined' is not a valid enum value of type CanvasTextAlign. @ http://localhost:8000/js/rmmz_core.js:1676
[  100978ms] [WARNING] The provided value 'undefined' is not a valid enum value of type CanvasTextAlign. @ http://localhost:8000/js/rmmz_core.js:1676
[  100978ms] [WARNING] The provided value 'undefined' is not a valid enum value of type CanvasTextAlign. @ http://localhost:8000/js/rmmz_core.js:1676
[  100978ms] [WARNING] The provided value 'undefined' is not a valid enum value of type CanvasTextAlign. @ http://localhost:8000/js/rmmz_core.js:1676
[  100979ms] [WARNING] The provided value 'undefined' is not a valid enum value of type CanvasTextAlign. @ http://localhost:8000/js/rmmz_core.js:1676
[  100979ms] [WARNING] The provided value 'undefined' is not a valid enum value of type CanvasTextAlign. @ http://localhost:8000/js/rmmz_core.js:1676
[  101078ms] [WARNING] The provided value 'undefined' is not a valid enum value of type CanvasTextAlign. @ http://localhost:8000/js/rmmz_core.js:1676
[  101079ms] [WARNING] The provided value 'undefined' is not a valid enum value of type CanvasTextAlign. @ http://localhost:8000/js/rmmz_core.js:1676
[  101079ms] [WARNING] The provided value 'undefined' is not a valid enum value of type CanvasTextAlign. @ http://localhost:8000/js/rmmz_core.js:1676
[  101079ms] [WARNING] The provided value 'undefined' is not a valid enum value of type CanvasTextAlign. @ http://localhost:8000/js/rmmz_core.js:1676
[  101079ms] [WARNING] The provided value 'undefined' is not a valid enum value of type CanvasTextAlign. @ http://localhost:8000/js/rmmz_core.js:1676
[  101080ms] [WARNING] The provided value 'undefined' is not a valid enum value of type CanvasTextAlign. @ http://localhost:8000/js/rmmz_core.js:1676
[  101080ms] [WARNING] The provided value 'undefined' is not a valid enum value of type CanvasTextAlign. @ http://localhost:8000/js/rmmz_core.js:1676
[  101080ms] [WARNING] The provided value 'undefined' is not a valid enum value of type CanvasTextAlign. @ http://localhost:8000/js/rmmz_core.js:1676
[  101080ms] [WARNING] The provided value 'undefined' is not a valid enum value of type CanvasTextAlign. @ http://localhost:8000/js/rmmz_core.js:1676
[  101179ms] [WARNING] The provided value 'undefined' is not a valid enum value of type CanvasTextAlign. @ http://localhost:8000/js/rmmz_core.js:1676
[  101179ms] [WARNING] The provided value 'undefined' is not a valid enum value of type CanvasTextAlign. @ http://localhost:8000/js/rmmz_core.js:1676
[  101179ms] [WARNING] The provided value 'undefined' is not a valid enum value of type CanvasTextAlign. @ http://localhost:8000/js/rmmz_core.js:1676
[  101180ms] [WARNING] The provided value 'undefined' is not a valid enum value of type CanvasTextAlign. @ http://localhost:8000/js/rmmz_core.js:1676
[  101180ms] [WARNING] The provided value 'undefined' is not a valid enum value of type CanvasTextAlign. @ http://localhost:8000/js/rmmz_core.js:1676
[  101180ms] [WARNING] The provided value 'undefined' is not a valid enum value of type CanvasTextAlign. @ http://localhost:8000/js/rmmz_core.js:1676
[  101180ms] [WARNING] The provided value 'undefined' is not a valid enum value of type CanvasTextAlign. @ http://localhost:8000/js/rmmz_core.js:1676
[  101181ms] [WARNING] The provided value 'undefined' is not a valid enum value of type CanvasTextAlign. @ http://localhost:8000/js/rmmz_core.js:1676
[  101181ms] [WARNING] The provided value 'undefined' is not a valid enum value of type CanvasTextAlign. @ http://localhost:8000/js/rmmz_core.js:1676
[  101269ms] [WARNING] The provided value 'undefined' is not a valid enum value of type CanvasTextAlign. @ http://localhost:8000/js/rmmz_core.js:1676
[  101269ms] [WARNING] The provided value 'undefined' is not a valid enum value of type CanvasTextAlign. @ http://localhost:8000/js/rmmz_core.js:1676
[  101270ms] [WARNING] The provided value 'undefined' is not a valid enum value of type CanvasTextAlign. @ http://localhost:8000/js/rmmz_core.js:1676
[  101270ms] [WARNING] The provided value 'undefined' is not a valid enum value of type CanvasTextAlign. @ http://localhost:8000/js/rmmz_core.js:1676
[  101270ms] [WARNING] The provided value 'undefined' is not a valid enum value of type CanvasTextAlign. @ http://localhost:8000/js/rmmz_core.js:1676
[  101270ms] [WARNING] The provided value 'undefined' is not a valid enum value of type CanvasTextAlign. @ http://localhost:8000/js/rmmz_core.js:1676
[  101270ms] [WARNING] The provided value 'undefined' is not a valid enum value of type CanvasTextAlign. @ http://localhost:8000/js/rmmz_core.js:1676
[  101271ms] [WARNING] The provided value 'undefined' is not a valid enum value of type CanvasTextAlign. @ http://localhost:8000/js/rmmz_core.js:1676
[  101271ms] [WARNING] The provided value 'undefined' is not a valid enum value of type CanvasTextAlign. @ http://localhost:8000/js/rmmz_core.js:1676
[  101370ms] [WARNING] The provided value 'undefined' is not a valid enum value of type CanvasTextAlign. @ http://localhost:8000/js/rmmz_core.js:1676
[  101370ms] [WARNING] The provided value 'undefined' is not a valid enum value of type CanvasTextAlign. @ http://localhost:8000/js/rmmz_core.js:1676
[  101371ms] [WARNING] The provided value 'undefined' is not a valid enum value of type CanvasTextAlign. @ http://localhost:8000/js/rmmz_core.js:1676
[  101371ms] [WARNING] The provided value 'undefined' is not a valid enum value of type CanvasTextAlign. @ http://localhost:8000/js/rmmz_core.js:1676
[  101371ms] [WARNING] The provided value 'undefined' is not a valid enum value of type CanvasTextAlign. @ http://localhost:8000/js/rmmz_core.js:1676
[  101371ms] [WARNING] The provided value 'undefined' is not a valid enum value of type CanvasTextAlign. @ http://localhost:8000/js/rmmz_core.js:1676
[  101371ms] [WARNING] The provided value 'undefined' is not a valid enum value of type CanvasTextAlign. @ http://localhost:8000/js/rmmz_core.js:1676
[  101372ms] [WARNING] The provided value 'undefined' is not a valid enum value of type CanvasTextAlign. @ http://localhost:8000/js/rmmz_core.js:1676
[  101372ms] [WARNING] The provided value 'undefined' is not a valid enum value of type CanvasTextAlign. @ http://localhost:8000/js/rmmz_core.js:1676
[  101471ms] [WARNING] The provided value 'undefined' is not a valid enum value of type CanvasTextAlign. @ http://localhost:8000/js/rmmz_core.js:1676
[  101471ms] [WARNING] The provided value 'undefined' is not a valid enum value of type CanvasTextAlign. @ http://localhost:8000/js/rmmz_core.js:1676
[  101472ms] [WARNING] The provided value 'undefined' is not a valid enum value of type CanvasTextAlign. @ http://localhost:8000/js/rmmz_core.js:1676
[  101472ms] [WARNING] The provided value 'undefined' is not a valid enum value of type CanvasTextAlign. @ http://localhost:8000/js/rmmz_core.js:1676
[  101472ms] [WARNING] The provided value 'undefined' is not a valid enum value of type CanvasTextAlign. @ http://localhost:8000/js/rmmz_core.js:1676
[  101472ms] [WARNING] The provided value 'undefined' is not a valid enum value of type CanvasTextAlign. @ http://localhost:8000/js/rmmz_core.js:1676
[  101472ms] [WARNING] The provided value 'undefined' is not a valid enum value of type CanvasTextAlign. @ http://localhost:8000/js/rmmz_core.js:1676
[  101473ms] [WARNING] The provided value 'undefined' is not a valid enum value of type CanvasTextAlign. @ http://localhost:8000/js/rmmz_core.js:1676
[  101473ms] [WARNING] The provided value 'undefined' is not a valid enum value of type CanvasTextAlign. @ http://localhost:8000/js/rmmz_core.js:1676
[  101571ms] [WARNING] The provided value 'undefined' is not a valid enum value of type CanvasTextAlign. @ http://localhost:8000/js/rmmz_core.js:1676
[  101572ms] [WARNING] The provided value 'undefined' is not a valid enum value of type CanvasTextAlign. @ http://localhost:8000/js/rmmz_core.js:1676
[  101572ms] [WARNING] The provided value 'undefined' is not a valid enum value of type CanvasTextAlign. @ http://localhost:8000/js/rmmz_core.js:1676
[  101572ms] [WARNING] The provided value 'undefined' is not a valid enum value of type CanvasTextAlign. @ http://localhost:8000/js/rmmz_core.js:1676
[  101572ms] [WARNING] The provided value 'undefined' is not a valid enum value of type CanvasTextAlign. @ http://localhost:8000/js/rmmz_core.js:1676
[  101572ms] [WARNING] The provided value 'undefined' is not a valid enum value of type CanvasTextAlign. @ http://localhost:8000/js/rmmz_core.js:1676
[  101572ms] [WARNING] The provided value 'undefined' is not a valid enum value of type CanvasTextAlign. @ http://localhost:8000/js/rmmz_core.js:1676
[  101573ms] [WARNING] The provided value 'undefined' is not a valid enum value of type CanvasTextAlign. @ http://localhost:8000/js/rmmz_core.js:1676
[  101573ms] [WARNING] The provided value 'undefined' is not a valid enum value of type CanvasTextAlign. @ http://localhost:8000/js/rmmz_core.js:1676
[  101674ms] [WARNING] The provided value 'undefined' is not a valid enum value of type CanvasTextAlign. @ http://localhost:8000/js/rmmz_core.js:1676
[  101675ms] [WARNING] The provided value 'undefined' is not a valid enum value of type CanvasTextAlign. @ http://localhost:8000/js/rmmz_core.js:1676
[  101675ms] [WARNING] The provided value 'undefined' is not a valid enum value of type CanvasTextAlign. @ http://localhost:8000/js/rmmz_core.js:1676
[  101675ms] [WARNING] The provided value 'undefined' is not a valid enum value of type CanvasTextAlign. @ http://localhost:8000/js/rmmz_core.js:1676
[  101675ms] [WARNING] The provided value 'undefined' is not a valid enum value of type CanvasTextAlign. @ http://localhost:8000/js/rmmz_core.js:1676
[  101675ms] [WARNING] The provided value 'undefined' is not a valid enum value of type CanvasTextAlign. @ http://localhost:8000/js/rmmz_core.js:1676
[  101675ms] [WARNING] The provided value 'undefined' is not a valid enum value of type CanvasTextAlign. @ http://localhost:8000/js/rmmz_core.js:1676
[  101676ms] [WARNING] The provided value 'undefined' is not a valid enum value of type CanvasTextAlign. @ http://localhost:8000/js/rmmz_core.js:1676
[  101676ms] [WARNING] The provided value 'undefined' is not a valid enum value of type CanvasTextAlign. @ http://localhost:8000/js/rmmz_core.js:1676
[  101775ms] [WARNING] The provided value 'undefined' is not a valid enum value of type CanvasTextAlign. @ http://localhost:8000/js/rmmz_core.js:1676
[  101776ms] [WARNING] The provided value 'undefined' is not a valid enum value of type CanvasTextAlign. @ http://localhost:8000/js/rmmz_core.js:1676
[  101776ms] [WARNING] The provided value 'undefined' is not a valid enum value of type CanvasTextAlign. @ http://localhost:8000/js/rmmz_core.js:1676
[  101776ms] [WARNING] The provided value 'undefined' is not a valid enum value of type CanvasTextAlign. @ http://localhost:8000/js/rmmz_core.js:1676
[  101777ms] [WARNING] The provided value 'undefined' is not a valid enum value of type CanvasTextAlign. @ http://localhost:8000/js/rmmz_core.js:1676
[  101777ms] [WARNING] The provided value 'undefined' is not a valid enum value of type CanvasTextAlign. @ http://localhost:8000/js/rmmz_core.js:1676
[  101777ms] [WARNING] The provided value 'undefined' is not a valid enum value of type CanvasTextAlign. @ http://localhost:8000/js/rmmz_core.js:1676
[  101777ms] [WARNING] The provided value 'undefined' is not a valid enum value of type CanvasTextAlign. @ http://localhost:8000/js/rmmz_core.js:1676
[  101777ms] [WARNING] The provided value 'undefined' is not a valid enum value of type CanvasTextAlign. @ http://localhost:8000/js/rmmz_core.js:1676
[  101878ms] [WARNING] The provided value 'undefined' is not a valid enum value of type CanvasTextAlign. @ http://localhost:8000/js/rmmz_core.js:1676
[  101878ms] [WARNING] The provided value 'undefined' is not a valid enum value of type CanvasTextAlign. @ http://localhost:8000/js/rmmz_core.js:1676
[  101878ms] [WARNING] The provided value 'undefined' is not a valid enum value of type CanvasTextAlign. @ http://localhost:8000/js/rmmz_core.js:1676
[  101878ms] [WARNING] The provided value 'undefined' is not a valid enum value of type CanvasTextAlign. @ http://localhost:8000/js/rmmz_core.js:1676
[  101879ms] [WARNING] The provided value 'undefined' is not a valid enum value of type CanvasTextAlign. @ http://localhost:8000/js/rmmz_core.js:1676
[  101879ms] [WARNING] The provided value 'undefined' is not a valid enum value of type CanvasTextAlign. @ http://localhost:8000/js/rmmz_core.js:1676
[  101879ms] [WARNING] The provided value 'undefined' is not a valid enum value of type CanvasTextAlign. @ http://localhost:8000/js/rmmz_core.js:1676
[  101879ms] [WARNING] The provided value 'undefined' is not a valid enum value of type CanvasTextAlign. @ http://localhost:8000/js/rmmz_core.js:1676
[  101879ms] [WARNING] The provided value 'undefined' is not a valid enum value of type CanvasTextAlign. @ http://localhost:8000/js/rmmz_core.js:1676
[  101980ms] [WARNING] The provided value 'undefined' is not a valid enum value of type CanvasTextAlign. @ http://localhost:8000/js/rmmz_core.js:1676
[  101980ms] [WARNING] The provided value 'undefined' is not a valid enum value of type CanvasTextAlign. @ http://localhost:8000/js/rmmz_core.js:1676
[  101980ms] [WARNING] The provided value 'undefined' is not a valid enum value of type CanvasTextAlign. @ http://localhost:8000/js/rmmz_core.js:1676
[  101980ms] [WARNING] The provided value 'undefined' is not a valid enum value of type CanvasTextAlign. @ http://localhost:8000/js/rmmz_core.js:1676
[  101981ms] [WARNING] The provided value 'undefined' is not a valid enum value of type CanvasTextAlign. @ http://localhost:8000/js/rmmz_core.js:1676
[  101981ms] [WARNING] The provided value 'undefined' is not a valid enum value of type CanvasTextAlign. @ http://localhost:8000/js/rmmz_core.js:1676
[  101981ms] [WARNING] The provided value 'undefined' is not a valid enum value of type CanvasTextAlign. @ http://localhost:8000/js/rmmz_core.js:1676
[  101981ms] [WARNING] The provided value 'undefined' is not a valid enum value of type CanvasTextAlign. @ http://localhost:8000/js/rmmz_core.js:1676
[  101981ms] [WARNING] The provided value 'undefined' is not a valid enum value of type CanvasTextAlign. @ http://localhost:8000/js/rmmz_core.js:1676
[  101982ms] [WARNING] The provided value 'undefined' is not a valid enum value of type CanvasTextAlign. @ http://localhost:8000/js/rmmz_core.js:1676
[  101982ms] [WARNING] The provided value 'undefined' is not a valid enum value of type CanvasTextAlign. @ http://localhost:8000/js/rmmz_core.js:1676
[  101982ms] [WARNING] The provided value 'undefined' is not a valid enum value of type CanvasTextAlign. @ http://localhost:8000/js/rmmz_core.js:1676
[  101982ms] [WARNING] The provided value 'undefined' is not a valid enum value of type CanvasTextAlign. @ http://localhost:8000/js/rmmz_core.js:1676
[  101982ms] [WARNING] The provided value 'undefined' is not a valid enum value of type CanvasTextAlign. @ http://localhost:8000/js/rmmz_core.js:1676
[  101982ms] [WARNING] The provided value 'undefined' is not a valid enum value of type CanvasTextAlign. @ http://localhost:8000/js/rmmz_core.js:1676
[  101982ms] [WARNING] The provided value 'undefined' is not a valid enum value of type CanvasTextAlign. @ http://localhost:8000/js/rmmz_core.js:1676
[  101982ms] [WARNING] The provided value 'undefined' is not a valid enum value of type CanvasTextAlign. @ http://localhost:8000/js/rmmz_core.js:1676
[  101983ms] [WARNING] The provided value 'undefined' is not a valid enum value of type CanvasTextAlign. @ http://localhost:8000/js/rmmz_core.js:1676
[  102070ms] [WARNING] The provided value 'undefined' is not a valid enum value of type CanvasTextAlign. @ http://localhost:8000/js/rmmz_core.js:1676
[  102071ms] [WARNING] The provided value 'undefined' is not a valid enum value of type CanvasTextAlign. @ http://localhost:8000/js/rmmz_core.js:1676
[  102071ms] [WARNING] The provided value 'undefined' is not a valid enum value of type CanvasTextAlign. @ http://localhost:8000/js/rmmz_core.js:1676
[  102071ms] [WARNING] The provided value 'undefined' is not a valid enum value of type CanvasTextAlign. @ http://localhost:8000/js/rmmz_core.js:1676
[  102071ms] [WARNING] The provided value 'undefined' is not a valid enum value of type CanvasTextAlign. @ http://localhost:8000/js/rmmz_core.js:1676
[  102072ms] [WARNING] The provided value 'undefined' is not a valid enum value of type CanvasTextAlign. @ http://localhost:8000/js/rmmz_core.js:1676
[  102072ms] [WARNING] The provided value 'undefined' is not a valid enum value of type CanvasTextAlign. @ http://localhost:8000/js/rmmz_core.js:1676
[  102072ms] [WARNING] The provided value 'undefined' is not a valid enum value of type CanvasTextAlign. @ http://localhost:8000/js/rmmz_core.js:1676
[  102072ms] [WARNING] The provided value 'undefined' is not a valid enum value of type CanvasTextAlign. @ http://localhost:8000/js/rmmz_core.js:1676
[  102173ms] [WARNING] The provided value 'undefined' is not a valid enum value of type CanvasTextAlign. @ http://localhost:8000/js/rmmz_core.js:1676
[  102173ms] [WARNING] The provided value 'undefined' is not a valid enum value of type CanvasTextAlign. @ http://localhost:8000/js/rmmz_core.js:1676
[  102173ms] [WARNING] The provided value 'undefined' is not a valid enum value of type CanvasTextAlign. @ http://localhost:8000/js/rmmz_core.js:1676
[  102174ms] [WARNING] The provided value 'undefined' is not a valid enum value of type CanvasTextAlign. @ http://localhost:8000/js/rmmz_core.js:1676
[  102174ms] [WARNING] The provided value 'undefined' is not a valid enum value of type CanvasTextAlign. @ http://localhost:8000/js/rmmz_core.js:1676
[  102174ms] [WARNING] The provided value 'undefined' is not a valid enum value of type CanvasTextAlign. @ http://localhost:8000/js/rmmz_core.js:1676
[  102174ms] [WARNING] The provided value 'undefined' is not a valid enum value of type CanvasTextAlign. @ http://localhost:8000/js/rmmz_core.js:1676
[  102175ms] [WARNING] The provided value 'undefined' is not a valid enum value of type CanvasTextAlign. @ http://localhost:8000/js/rmmz_core.js:1676
[  102175ms] [WARNING] The provided value 'undefined' is not a valid enum value of type CanvasTextAlign. @ http://localhost:8000/js/rmmz_core.js:1676
[  102274ms] [WARNING] The provided value 'undefined' is not a valid enum value of type CanvasTextAlign. @ http://localhost:8000/js/rmmz_core.js:1676
[  102275ms] [WARNING] The provided value 'undefined' is not a valid enum value of type CanvasTextAlign. @ http://localhost:8000/js/rmmz_core.js:1676
[  102275ms] [WARNING] The provided value 'undefined' is not a valid enum value of type CanvasTextAlign. @ http://localhost:8000/js/rmmz_core.js:1676
[  102275ms] [WARNING] The provided value 'undefined' is not a valid enum value of type CanvasTextAlign. @ http://localhost:8000/js/rmmz_core.js:1676
[  102275ms] [WARNING] The provided value 'undefined' is not a valid enum value of type CanvasTextAlign. @ http://localhost:8000/js/rmmz_core.js:1676
[  102276ms] [WARNING] The provided value 'undefined' is not a valid enum value of type CanvasTextAlign. @ http://localhost:8000/js/rmmz_core.js:1676
[  102276ms] [WARNING] The provided value 'undefined' is not a valid enum value of type CanvasTextAlign. @ http://localhost:8000/js/rmmz_core.js:1676
[  102276ms] [WARNING] The provided value 'undefined' is not a valid enum value of type CanvasTextAlign. @ http://localhost:8000/js/rmmz_core.js:1676
[  102276ms] [WARNING] The provided value 'undefined' is not a valid enum value of type CanvasTextAlign. @ http://localhost:8000/js/rmmz_core.js:1676
[  102378ms] [WARNING] The provided value 'undefined' is not a valid enum value of type CanvasTextAlign. @ http://localhost:8000/js/rmmz_core.js:1676
[  102379ms] [WARNING] The provided value 'undefined' is not a valid enum value of type CanvasTextAlign. @ http://localhost:8000/js/rmmz_core.js:1676
[  102379ms] [WARNING] The provided value 'undefined' is not a valid enum value of type CanvasTextAlign. @ http://localhost:8000/js/rmmz_core.js:1676
[  102379ms] [WARNING] The provided value 'undefined' is not a valid enum value of type CanvasTextAlign. @ http://localhost:8000/js/rmmz_core.js:1676
[  102379ms] [WARNING] The provided value 'undefined' is not a valid enum value of type CanvasTextAlign. @ http://localhost:8000/js/rmmz_core.js:1676
[  102380ms] [WARNING] The provided value 'undefined' is not a valid enum value of type CanvasTextAlign. @ http://localhost:8000/js/rmmz_core.js:1676
[  102380ms] [WARNING] The provided value 'undefined' is not a valid enum value of type CanvasTextAlign. @ http://localhost:8000/js/rmmz_core.js:1676
[  102380ms] [WARNING] The provided value 'undefined' is not a valid enum value of type CanvasTextAlign. @ http://localhost:8000/js/rmmz_core.js:1676
[  102380ms] [WARNING] The provided value 'undefined' is not a valid enum value of type CanvasTextAlign. @ http://localhost:8000/js/rmmz_core.js:1676
[  102479ms] [WARNING] The provided value 'undefined' is not a valid enum value of type CanvasTextAlign. @ http://localhost:8000/js/rmmz_core.js:1676
[  102480ms] [WARNING] The provided value 'undefined' is not a valid enum value of type CanvasTextAlign. @ http://localhost:8000/js/rmmz_core.js:1676
[  102480ms] [WARNING] The provided value 'undefined' is not a valid enum value of type CanvasTextAlign. @ http://localhost:8000/js/rmmz_core.js:1676
[  102480ms] [WARNING] The provided value 'undefined' is not a valid enum value of type CanvasTextAlign. @ http://localhost:8000/js/rmmz_core.js:1676
[  102480ms] [WARNING] The provided value 'undefined' is not a valid enum value of type CanvasTextAlign. @ http://localhost:8000/js/rmmz_core.js:1676
[  102481ms] [WARNING] The provided value 'undefined' is not a valid enum value of type CanvasTextAlign. @ http://localhost:8000/js/rmmz_core.js:1676
[  102481ms] [WARNING] The provided value 'undefined' is not a valid enum value of type CanvasTextAlign. @ http://localhost:8000/js/rmmz_core.js:1676
[  102481ms] [WARNING] The provided value 'undefined' is not a valid enum value of type CanvasTextAlign. @ http://localhost:8000/js/rmmz_core.js:1676
[  102481ms] [WARNING] The provided value 'undefined' is not a valid enum value of type CanvasTextAlign. @ http://localhost:8000/js/rmmz_core.js:1676
[  102567ms] [WARNING] The provided value 'undefined' is not a valid enum value of type CanvasTextAlign. @ http://localhost:8000/js/rmmz_core.js:1676
[  102568ms] [WARNING] The provided value 'undefined' is not a valid enum value of type CanvasTextAlign. @ http://localhost:8000/js/rmmz_core.js:1676
[  102568ms] [WARNING] The provided value 'undefined' is not a valid enum value of type CanvasTextAlign. @ http://localhost:8000/js/rmmz_core.js:1676
[  102568ms] [WARNING] The provided value 'undefined' is not a valid enum value of type CanvasTextAlign. @ http://localhost:8000/js/rmmz_core.js:1676
[  102568ms] [WARNING] The provided value 'undefined' is not a valid enum value of type CanvasTextAlign. @ http://localhost:8000/js/rmmz_core.js:1676
[  102569ms] [WARNING] The provided value 'undefined' is not a valid enum value of type CanvasTextAlign. @ http://localhost:8000/js/rmmz_core.js:1676
[  102569ms] [WARNING] The provided value 'undefined' is not a valid enum value of type CanvasTextAlign. @ http://localhost:8000/js/rmmz_core.js:1676
[  102569ms] [WARNING] The provided value 'undefined' is not a valid enum value of type CanvasTextAlign. @ http://localhost:8000/js/rmmz_core.js:1676
[  102569ms] [WARNING] The provided value 'undefined' is not a valid enum value of type CanvasTextAlign. @ http://localhost:8000/js/rmmz_core.js:1676
[  102680ms] [WARNING] The provided value 'undefined' is not a valid enum value of type CanvasTextAlign. @ http://localhost:8000/js/rmmz_core.js:1676
[  102681ms] [WARNING] The provided value 'undefined' is not a valid enum value of type CanvasTextAlign. @ http://localhost:8000/js/rmmz_core.js:1676
[  102681ms] [WARNING] The provided value 'undefined' is not a valid enum value of type CanvasTextAlign. @ http://localhost:8000/js/rmmz_core.js:1676
[  102681ms] [WARNING] The provided value 'undefined' is not a valid enum value of type CanvasTextAlign. @ http://localhost:8000/js/rmmz_core.js:1676
[  102681ms] [WARNING] The provided value 'undefined' is not a valid enum value of type CanvasTextAlign. @ http://localhost:8000/js/rmmz_core.js:1676
[  102682ms] [WARNING] The provided value 'undefined' is not a valid enum value of type CanvasTextAlign. @ http://localhost:8000/js/rmmz_core.js:1676
[  102682ms] [WARNING] The provided value 'undefined' is not a valid enum value of type CanvasTextAlign. @ http://localhost:8000/js/rmmz_core.js:1676
[  102682ms] [WARNING] The provided value 'undefined' is not a valid enum value of type CanvasTextAlign. @ http://localhost:8000/js/rmmz_core.js:1676
[  102682ms] [WARNING] The provided value 'undefined' is not a valid enum value of type CanvasTextAlign. @ http://localhost:8000/js/rmmz_core.js:1676
[  102770ms] [WARNING] The provided value 'undefined' is not a valid enum value of type CanvasTextAlign. @ http://localhost:8000/js/rmmz_core.js:1676
[  102771ms] [WARNING] The provided value 'undefined' is not a valid enum value of type CanvasTextAlign. @ http://localhost:8000/js/rmmz_core.js:1676
[  102771ms] [WARNING] The provided value 'undefined' is not a valid enum value of type CanvasTextAlign. @ http://localhost:8000/js/rmmz_core.js:1676
[  102771ms] [WARNING] The provided value 'undefined' is not a valid enum value of type CanvasTextAlign. @ http://localhost:8000/js/rmmz_core.js:1676
[  102771ms] [WARNING] The provided value 'undefined' is not a valid enum value of type CanvasTextAlign. @ http://localhost:8000/js/rmmz_core.js:1676
[  102771ms] [WARNING] The provided value 'undefined' is not a valid enum value of type CanvasTextAlign. @ http://localhost:8000/js/rmmz_core.js:1676
[  102771ms] [WARNING] The provided value 'undefined' is not a valid enum value of type CanvasTextAlign. @ http://localhost:8000/js/rmmz_core.js:1676
[  102772ms] [WARNING] The provided value 'undefined' is not a valid enum value of type CanvasTextAlign. @ http://localhost:8000/js/rmmz_core.js:1676
[  102772ms] [WARNING] The provided value 'undefined' is not a valid enum value of type CanvasTextAlign. @ http://localhost:8000/js/rmmz_core.js:1676
[  102874ms] [WARNING] The provided value 'undefined' is not a valid enum value of type CanvasTextAlign. @ http://localhost:8000/js/rmmz_core.js:1676
[  102874ms] [WARNING] The provided value 'undefined' is not a valid enum value of type CanvasTextAlign. @ http://localhost:8000/js/rmmz_core.js:1676
[  102874ms] [WARNING] The provided value 'undefined' is not a valid enum value of type CanvasTextAlign. @ http://localhost:8000/js/rmmz_core.js:1676
[  102874ms] [WARNING] The provided value 'undefined' is not a valid enum value of type CanvasTextAlign. @ http://localhost:8000/js/rmmz_core.js:1676
[  102875ms] [WARNING] The provided value 'undefined' is not a valid enum value of type CanvasTextAlign. @ http://localhost:8000/js/rmmz_core.js:1676
[  102875ms] [WARNING] The provided value 'undefined' is not a valid enum value of type CanvasTextAlign. @ http://localhost:8000/js/rmmz_core.js:1676
[  102875ms] [WARNING] The provided value 'undefined' is not a valid enum value of type CanvasTextAlign. @ http://localhost:8000/js/rmmz_core.js:1676
[  102876ms] [WARNING] The provided value 'undefined' is not a valid enum value of type CanvasTextAlign. @ http://localhost:8000/js/rmmz_core.js:1676
[  102876ms] [WARNING] The provided value 'undefined' is not a valid enum value of type CanvasTextAlign. @ http://localhost:8000/js/rmmz_core.js:1676
[  102978ms] [WARNING] The provided value 'undefined' is not a valid enum value of type CanvasTextAlign. @ http://localhost:8000/js/rmmz_core.js:1676
[  102978ms] [WARNING] The provided value 'undefined' is not a valid enum value of type CanvasTextAlign. @ http://localhost:8000/js/rmmz_core.js:1676
[  102978ms] [WARNING] The provided value 'undefined' is not a valid enum value of type CanvasTextAlign. @ http://localhost:8000/js/rmmz_core.js:1676
[  102978ms] [WARNING] The provided value 'undefined' is not a valid enum value of type CanvasTextAlign. @ http://localhost:8000/js/rmmz_core.js:1676
[  102979ms] [WARNING] The provided value 'undefined' is not a valid enum value of type CanvasTextAlign. @ http://localhost:8000/js/rmmz_core.js:1676
[  102979ms] [WARNING] The provided value 'undefined' is not a valid enum value of type CanvasTextAlign. @ http://localhost:8000/js/rmmz_core.js:1676
[  102979ms] [WARNING] The provided value 'undefined' is not a valid enum value of type CanvasTextAlign. @ http://localhost:8000/js/rmmz_core.js:1676
[  102979ms] [WARNING] The provided value 'undefined' is not a valid enum value of type CanvasTextAlign. @ http://localhost:8000/js/rmmz_core.js:1676
[  102979ms] [WARNING] The provided value 'undefined' is not a valid enum value of type CanvasTextAlign. @ http://localhost:8000/js/rmmz_core.js:1676
[  103079ms] [WARNING] The provided value 'undefined' is not a valid enum value of type CanvasTextAlign. @ http://localhost:8000/js/rmmz_core.js:1676
[  103080ms] [WARNING] The provided value 'undefined' is not a valid enum value of type CanvasTextAlign. @ http://localhost:8000/js/rmmz_core.js:1676
[  103080ms] [WARNING] The provided value 'undefined' is not a valid enum value of type CanvasTextAlign. @ http://localhost:8000/js/rmmz_core.js:1676
[  103080ms] [WARNING] The provided value 'undefined' is not a valid enum value of type CanvasTextAlign. @ http://localhost:8000/js/rmmz_core.js:1676
[  103081ms] [WARNING] The provided value 'undefined' is not a valid enum value of type CanvasTextAlign. @ http://localhost:8000/js/rmmz_core.js:1676
[  103081ms] [WARNING] The provided value 'undefined' is not a valid enum value of type CanvasTextAlign. @ http://localhost:8000/js/rmmz_core.js:1676
[  103081ms] [WARNING] The provided value 'undefined' is not a valid enum value of type CanvasTextAlign. @ http://localhost:8000/js/rmmz_core.js:1676
[  103081ms] [WARNING] The provided value 'undefined' is not a valid enum value of type CanvasTextAlign. @ http://localhost:8000/js/rmmz_core.js:1676
[  103081ms] [WARNING] The provided value 'undefined' is not a valid enum value of type CanvasTextAlign. @ http://localhost:8000/js/rmmz_core.js:1676
[  103181ms] [WARNING] The provided value 'undefined' is not a valid enum value of type CanvasTextAlign. @ http://localhost:8000/js/rmmz_core.js:1676
[  103181ms] [WARNING] The provided value 'undefined' is not a valid enum value of type CanvasTextAlign. @ http://localhost:8000/js/rmmz_core.js:1676
[  103181ms] [WARNING] The provided value 'undefined' is not a valid enum value of type CanvasTextAlign. @ http://localhost:8000/js/rmmz_core.js:1676
[  103181ms] [WARNING] The provided value 'undefined' is not a valid enum value of type CanvasTextAlign. @ http://localhost:8000/js/rmmz_core.js:1676
[  103182ms] [WARNING] The provided value 'undefined' is not a valid enum value of type CanvasTextAlign. @ http://localhost:8000/js/rmmz_core.js:1676
[  103182ms] [WARNING] The provided value 'undefined' is not a valid enum value of type CanvasTextAlign. @ http://localhost:8000/js/rmmz_core.js:1676
[  103182ms] [WARNING] The provided value 'undefined' is not a valid enum value of type CanvasTextAlign. @ http://localhost:8000/js/rmmz_core.js:1676
[  103182ms] [WARNING] The provided value 'undefined' is not a valid enum value of type CanvasTextAlign. @ http://localhost:8000/js/rmmz_core.js:1676
[  103182ms] [WARNING] The provided value 'undefined' is not a valid enum value of type CanvasTextAlign. @ http://localhost:8000/js/rmmz_core.js:1676
[  103280ms] [WARNING] The provided value 'undefined' is not a valid enum value of type CanvasTextAlign. @ http://localhost:8000/js/rmmz_core.js:1676
[  103281ms] [WARNING] The provided value 'undefined' is not a valid enum value of type CanvasTextAlign. @ http://localhost:8000/js/rmmz_core.js:1676
[  103281ms] [WARNING] The provided value 'undefined' is not a valid enum value of type CanvasTextAlign. @ http://localhost:8000/js/rmmz_core.js:1676
[  103281ms] [WARNING] The provided value 'undefined' is not a valid enum value of type CanvasTextAlign. @ http://localhost:8000/js/rmmz_core.js:1676
[  103281ms] [WARNING] The provided value 'undefined' is not a valid enum value of type CanvasTextAlign. @ http://localhost:8000/js/rmmz_core.js:1676
[  103281ms] [WARNING] The provided value 'undefined' is not a valid enum value of type CanvasTextAlign. @ http://localhost:8000/js/rmmz_core.js:1676
[  103281ms] [WARNING] The provided value 'undefined' is not a valid enum value of type CanvasTextAlign. @ http://localhost:8000/js/rmmz_core.js:1676
[  103282ms] [WARNING] The provided value 'undefined' is not a valid enum value of type CanvasTextAlign. @ http://localhost:8000/js/rmmz_core.js:1676
[  103282ms] [WARNING] The provided value 'undefined' is not a valid enum value of type CanvasTextAlign. @ http://localhost:8000/js/rmmz_core.js:1676
[  103379ms] [WARNING] The provided value 'undefined' is not a valid enum value of type CanvasTextAlign. @ http://localhost:8000/js/rmmz_core.js:1676
[  103380ms] [WARNING] The provided value 'undefined' is not a valid enum value of type CanvasTextAlign. @ http://localhost:8000/js/rmmz_core.js:1676
[  103380ms] [WARNING] The provided value 'undefined' is not a valid enum value of type CanvasTextAlign. @ http://localhost:8000/js/rmmz_core.js:1676
[  103380ms] [WARNING] The provided value 'undefined' is not a valid enum value of type CanvasTextAlign. @ http://localhost:8000/js/rmmz_core.js:1676
[  103380ms] [WARNING] The provided value 'undefined' is not a valid enum value of type CanvasTextAlign. @ http://localhost:8000/js/rmmz_core.js:1676
[  103380ms] [WARNING] The provided value 'undefined' is not a valid enum value of type CanvasTextAlign. @ http://localhost:8000/js/rmmz_core.js:1676
[  103380ms] [WARNING] The provided value 'undefined' is not a valid enum value of type CanvasTextAlign. @ http://localhost:8000/js/rmmz_core.js:1676
[  103381ms] [WARNING] The provided value 'undefined' is not a valid enum value of type CanvasTextAlign. @ http://localhost:8000/js/rmmz_core.js:1676
[  103381ms] [WARNING] The provided value 'undefined' is not a valid enum value of type CanvasTextAlign. @ http://localhost:8000/js/rmmz_core.js:1676
[  103478ms] [WARNING] The provided value 'undefined' is not a valid enum value of type CanvasTextAlign. @ http://localhost:8000/js/rmmz_core.js:1676
[  103479ms] [WARNING] The provided value 'undefined' is not a valid enum value of type CanvasTextAlign. @ http://localhost:8000/js/rmmz_core.js:1676
[  103479ms] [WARNING] The provided value 'undefined' is not a valid enum value of type CanvasTextAlign. @ http://localhost:8000/js/rmmz_core.js:1676
[  103479ms] [WARNING] The provided value 'undefined' is not a valid enum value of type CanvasTextAlign. @ http://localhost:8000/js/rmmz_core.js:1676
[  103479ms] [WARNING] The provided value 'undefined' is not a valid enum value of type CanvasTextAlign. @ http://localhost:8000/js/rmmz_core.js:1676
[  103480ms] [WARNING] The provided value 'undefined' is not a valid enum value of type CanvasTextAlign. @ http://localhost:8000/js/rmmz_core.js:1676
[  103480ms] [WARNING] The provided value 'undefined' is not a valid enum value of type CanvasTextAlign. @ http://localhost:8000/js/rmmz_core.js:1676
[  103480ms] [WARNING] The provided value 'undefined' is not a valid enum value of type CanvasTextAlign. @ http://localhost:8000/js/rmmz_core.js:1676
[  103480ms] [WARNING] The provided value 'undefined' is not a valid enum value of type CanvasTextAlign. @ http://localhost:8000/js/rmmz_core.js:1676
[  103580ms] [WARNING] The provided value 'undefined' is not a valid enum value of type CanvasTextAlign. @ http://localhost:8000/js/rmmz_core.js:1676
[  103580ms] [WARNING] The provided value 'undefined' is not a valid enum value of type CanvasTextAlign. @ http://localhost:8000/js/rmmz_core.js:1676
[  103580ms] [WARNING] The provided value 'undefined' is not a valid enum value of type CanvasTextAlign. @ http://localhost:8000/js/rmmz_core.js:1676
[  103580ms] [WARNING] The provided value 'undefined' is not a valid enum value of type CanvasTextAlign. @ http://localhost:8000/js/rmmz_core.js:1676
[  103581ms] [WARNING] The provided value 'undefined' is not a valid enum value of type CanvasTextAlign. @ http://localhost:8000/js/rmmz_core.js:1676
[  103581ms] [WARNING] The provided value 'undefined' is not a valid enum value of type CanvasTextAlign. @ http://localhost:8000/js/rmmz_core.js:1676
[  103581ms] [WARNING] The provided value 'undefined' is not a valid enum value of type CanvasTextAlign. @ http://localhost:8000/js/rmmz_core.js:1676
[  103581ms] [WARNING] The provided value 'undefined' is not a valid enum value of type CanvasTextAlign. @ http://localhost:8000/js/rmmz_core.js:1676
[  103581ms] [WARNING] The provided value 'undefined' is not a valid enum value of type CanvasTextAlign. @ http://localhost:8000/js/rmmz_core.js:1676
[  103669ms] [WARNING] The provided value 'undefined' is not a valid enum value of type CanvasTextAlign. @ http://localhost:8000/js/rmmz_core.js:1676
[  103670ms] [WARNING] The provided value 'undefined' is not a valid enum value of type CanvasTextAlign. @ http://localhost:8000/js/rmmz_core.js:1676
[  103670ms] [WARNING] The provided value 'undefined' is not a valid enum value of type CanvasTextAlign. @ http://localhost:8000/js/rmmz_core.js:1676
[  103670ms] [WARNING] The provided value 'undefined' is not a valid enum value of type CanvasTextAlign. @ http://localhost:8000/js/rmmz_core.js:1676
[  103670ms] [WARNING] The provided value 'undefined' is not a valid enum value of type CanvasTextAlign. @ http://localhost:8000/js/rmmz_core.js:1676
[  103671ms] [WARNING] The provided value 'undefined' is not a valid enum value of type CanvasTextAlign. @ http://localhost:8000/js/rmmz_core.js:1676
[  103671ms] [WARNING] The provided value 'undefined' is not a valid enum value of type CanvasTextAlign. @ http://localhost:8000/js/rmmz_core.js:1676
[  103671ms] [WARNING] The provided value 'undefined' is not a valid enum value of type CanvasTextAlign. @ http://localhost:8000/js/rmmz_core.js:1676
[  103671ms] [WARNING] The provided value 'undefined' is not a valid enum value of type CanvasTextAlign. @ http://localhost:8000/js/rmmz_core.js:1676
[  103771ms] [WARNING] The provided value 'undefined' is not a valid enum value of type CanvasTextAlign. @ http://localhost:8000/js/rmmz_core.js:1676
[  103771ms] [WARNING] The provided value 'undefined' is not a valid enum value of type CanvasTextAlign. @ http://localhost:8000/js/rmmz_core.js:1676
[  103771ms] [WARNING] The provided value 'undefined' is not a valid enum value of type CanvasTextAlign. @ http://localhost:8000/js/rmmz_core.js:1676
[  103772ms] [WARNING] The provided value 'undefined' is not a valid enum value of type CanvasTextAlign. @ http://localhost:8000/js/rmmz_core.js:1676
[  103772ms] [WARNING] The provided value 'undefined' is not a valid enum value of type CanvasTextAlign. @ http://localhost:8000/js/rmmz_core.js:1676
[  103772ms] [WARNING] The provided value 'undefined' is not a valid enum value of type CanvasTextAlign. @ http://localhost:8000/js/rmmz_core.js:1676
[  103772ms] [WARNING] The provided value 'undefined' is not a valid enum value of type CanvasTextAlign. @ http://localhost:8000/js/rmmz_core.js:1676
[  103773ms] [WARNING] The provided value 'undefined' is not a valid enum value of type CanvasTextAlign. @ http://localhost:8000/js/rmmz_core.js:1676
[  103773ms] [WARNING] The provided value 'undefined' is not a valid enum value of type CanvasTextAlign. @ http://localhost:8000/js/rmmz_core.js:1676
[  103874ms] [WARNING] The provided value 'undefined' is not a valid enum value of type CanvasTextAlign. @ http://localhost:8000/js/rmmz_core.js:1676
[  103875ms] [WARNING] The provided value 'undefined' is not a valid enum value of type CanvasTextAlign. @ http://localhost:8000/js/rmmz_core.js:1676
[  103875ms] [WARNING] The provided value 'undefined' is not a valid enum value of type CanvasTextAlign. @ http://localhost:8000/js/rmmz_core.js:1676
[  103875ms] [WARNING] The provided value 'undefined' is not a valid enum value of type CanvasTextAlign. @ http://localhost:8000/js/rmmz_core.js:1676
[  103875ms] [WARNING] The provided value 'undefined' is not a valid enum value of type CanvasTextAlign. @ http://localhost:8000/js/rmmz_core.js:1676
[  103875ms] [WARNING] The provided value 'undefined' is not a valid enum value of type CanvasTextAlign. @ http://localhost:8000/js/rmmz_core.js:1676
[  103875ms] [WARNING] The provided value 'undefined' is not a valid enum value of type CanvasTextAlign. @ http://localhost:8000/js/rmmz_core.js:1676
[  103876ms] [WARNING] The provided value 'undefined' is not a valid enum value of type CanvasTextAlign. @ http://localhost:8000/js/rmmz_core.js:1676
[  103876ms] [WARNING] The provided value 'undefined' is not a valid enum value of type CanvasTextAlign. @ http://localhost:8000/js/rmmz_core.js:1676
[  103977ms] [WARNING] The provided value 'undefined' is not a valid enum value of type CanvasTextAlign. @ http://localhost:8000/js/rmmz_core.js:1676
[  103978ms] [WARNING] The provided value 'undefined' is not a valid enum value of type CanvasTextAlign. @ http://localhost:8000/js/rmmz_core.js:1676
[  103978ms] [WARNING] The provided value 'undefined' is not a valid enum value of type CanvasTextAlign. @ http://localhost:8000/js/rmmz_core.js:1676
[  103978ms] [WARNING] The provided value 'undefined' is not a valid enum value of type CanvasTextAlign. @ http://localhost:8000/js/rmmz_core.js:1676
[  103978ms] [WARNING] The provided value 'undefined' is not a valid enum value of type CanvasTextAlign. @ http://localhost:8000/js/rmmz_core.js:1676
[  103979ms] [WARNING] The provided value 'undefined' is not a valid enum value of type CanvasTextAlign. @ http://localhost:8000/js/rmmz_core.js:1676
[  103979ms] [WARNING] The provided value 'undefined' is not a valid enum value of type CanvasTextAlign. @ http://localhost:8000/js/rmmz_core.js:1676
[  103979ms] [WARNING] The provided value 'undefined' is not a valid enum value of type CanvasTextAlign. @ http://localhost:8000/js/rmmz_core.js:1676
[  103979ms] [WARNING] The provided value 'undefined' is not a valid enum value of type CanvasTextAlign. @ http://localhost:8000/js/rmmz_core.js:1676
[  103979ms] [WARNING] The provided value 'undefined' is not a valid enum value of type CanvasTextAlign. @ http://localhost:8000/js/rmmz_core.js:1676
[  103979ms] [WARNING] The provided value 'undefined' is not a valid enum value of type CanvasTextAlign. @ http://localhost:8000/js/rmmz_core.js:1676
[  103979ms] [WARNING] The provided value 'undefined' is not a valid enum value of type CanvasTextAlign. @ http://localhost:8000/js/rmmz_core.js:1676
[  103980ms] [WARNING] The provided value 'undefined' is not a valid enum value of type CanvasTextAlign. @ http://localhost:8000/js/rmmz_core.js:1676
[  103980ms] [WARNING] The provided value 'undefined' is not a valid enum value of type CanvasTextAlign. @ http://localhost:8000/js/rmmz_core.js:1676
[  103980ms] [WARNING] The provided value 'undefined' is not a valid enum value of type CanvasTextAlign. @ http://localhost:8000/js/rmmz_core.js:1676
[  103980ms] [WARNING] The provided value 'undefined' is not a valid enum value of type CanvasTextAlign. @ http://localhost:8000/js/rmmz_core.js:1676
[  103980ms] [WARNING] The provided value 'undefined' is not a valid enum value of type CanvasTextAlign. @ http://localhost:8000/js/rmmz_core.js:1676
[  103980ms] [WARNING] The provided value 'undefined' is not a valid enum value of type CanvasTextAlign. @ http://localhost:8000/js/rmmz_core.js:1676
[  104081ms] [WARNING] The provided value 'undefined' is not a valid enum value of type CanvasTextAlign. @ http://localhost:8000/js/rmmz_core.js:1676
[  104081ms] [WARNING] The provided value 'undefined' is not a valid enum value of type CanvasTextAlign. @ http://localhost:8000/js/rmmz_core.js:1676
[  104082ms] [WARNING] The provided value 'undefined' is not a valid enum value of type CanvasTextAlign. @ http://localhost:8000/js/rmmz_core.js:1676
[  104082ms] [WARNING] The provided value 'undefined' is not a valid enum value of type CanvasTextAlign. @ http://localhost:8000/js/rmmz_core.js:1676
[  104082ms] [WARNING] The provided value 'undefined' is not a valid enum value of type CanvasTextAlign. @ http://localhost:8000/js/rmmz_core.js:1676
[  104082ms] [WARNING] The provided value 'undefined' is not a valid enum value of type CanvasTextAlign. @ http://localhost:8000/js/rmmz_core.js:1676
[  104082ms] [WARNING] The provided value 'undefined' is not a valid enum value of type CanvasTextAlign. @ http://localhost:8000/js/rmmz_core.js:1676
[  104083ms] [WARNING] The provided value 'undefined' is not a valid enum value of type CanvasTextAlign. @ http://localhost:8000/js/rmmz_core.js:1676
[  104083ms] [WARNING] The provided value 'undefined' is not a valid enum value of type CanvasTextAlign. @ http://localhost:8000/js/rmmz_core.js:1676
[  104170ms] [WARNING] The provided value 'undefined' is not a valid enum value of type CanvasTextAlign. @ http://localhost:8000/js/rmmz_core.js:1676
[  104170ms] [WARNING] The provided value 'undefined' is not a valid enum value of type CanvasTextAlign. @ http://localhost:8000/js/rmmz_core.js:1676
[  104171ms] [WARNING] The provided value 'undefined' is not a valid enum value of type CanvasTextAlign. @ http://localhost:8000/js/rmmz_core.js:1676
[  104171ms] [WARNING] The provided value 'undefined' is not a valid enum value of type CanvasTextAlign. @ http://localhost:8000/js/rmmz_core.js:1676
[  104171ms] [WARNING] The provided value 'undefined' is not a valid enum value of type CanvasTextAlign. @ http://localhost:8000/js/rmmz_core.js:1676
[  104171ms] [WARNING] The provided value 'undefined' is not a valid enum value of type CanvasTextAlign. @ http://localhost:8000/js/rmmz_core.js:1676
[  104171ms] [WARNING] The provided value 'undefined' is not a valid enum value of type CanvasTextAlign. @ http://localhost:8000/js/rmmz_core.js:1676
[  104172ms] [WARNING] The provided value 'undefined' is not a valid enum value of type CanvasTextAlign. @ http://localhost:8000/js/rmmz_core.js:1676
[  104172ms] [WARNING] The provided value 'undefined' is not a valid enum value of type CanvasTextAlign. @ http://localhost:8000/js/rmmz_core.js:1676
[  104270ms] [WARNING] The provided value 'undefined' is not a valid enum value of type CanvasTextAlign. @ http://localhost:8000/js/rmmz_core.js:1676
[  104271ms] [WARNING] The provided value 'undefined' is not a valid enum value of type CanvasTextAlign. @ http://localhost:8000/js/rmmz_core.js:1676
[  104271ms] [WARNING] The provided value 'undefined' is not a valid enum value of type CanvasTextAlign. @ http://localhost:8000/js/rmmz_core.js:1676
[  104271ms] [WARNING] The provided value 'undefined' is not a valid enum value of type CanvasTextAlign. @ http://localhost:8000/js/rmmz_core.js:1676
[  104271ms] [WARNING] The provided value 'undefined' is not a valid enum value of type CanvasTextAlign. @ http://localhost:8000/js/rmmz_core.js:1676
[  104272ms] [WARNING] The provided value 'undefined' is not a valid enum value of type CanvasTextAlign. @ http://localhost:8000/js/rmmz_core.js:1676
[  104272ms] [WARNING] The provided value 'undefined' is not a valid enum value of type CanvasTextAlign. @ http://localhost:8000/js/rmmz_core.js:1676
[  104272ms] [WARNING] The provided value 'undefined' is not a valid enum value of type CanvasTextAlign. @ http://localhost:8000/js/rmmz_core.js:1676
[  104272ms] [WARNING] The provided value 'undefined' is not a valid enum value of type CanvasTextAlign. @ http://localhost:8000/js/rmmz_core.js:1676
[  104371ms] [WARNING] The provided value 'undefined' is not a valid enum value of type CanvasTextAlign. @ http://localhost:8000/js/rmmz_core.js:1676
[  104372ms] [WARNING] The provided value 'undefined' is not a valid enum value of type CanvasTextAlign. @ http://localhost:8000/js/rmmz_core.js:1676
[  104372ms] [WARNING] The provided value 'undefined' is not a valid enum value of type CanvasTextAlign. @ http://localhost:8000/js/rmmz_core.js:1676
[  104372ms] [WARNING] The provided value 'undefined' is not a valid enum value of type CanvasTextAlign. @ http://localhost:8000/js/rmmz_core.js:1676
[  104372ms] [WARNING] The provided value 'undefined' is not a valid enum value of type CanvasTextAlign. @ http://localhost:8000/js/rmmz_core.js:1676
[  104373ms] [WARNING] The provided value 'undefined' is not a valid enum value of type CanvasTextAlign. @ http://localhost:8000/js/rmmz_core.js:1676
[  104373ms] [WARNING] The provided value 'undefined' is not a valid enum value of type CanvasTextAlign. @ http://localhost:8000/js/rmmz_core.js:1676
[  104373ms] [WARNING] The provided value 'undefined' is not a valid enum value of type CanvasTextAlign. @ http://localhost:8000/js/rmmz_core.js:1676
[  104373ms] [WARNING] The provided value 'undefined' is not a valid enum value of type CanvasTextAlign. @ http://localhost:8000/js/rmmz_core.js:1676
[  104469ms] [WARNING] The provided value 'undefined' is not a valid enum value of type CanvasTextAlign. @ http://localhost:8000/js/rmmz_core.js:1676
[  104469ms] [WARNING] The provided value 'undefined' is not a valid enum value of type CanvasTextAlign. @ http://localhost:8000/js/rmmz_core.js:1676
[  104469ms] [WARNING] The provided value 'undefined' is not a valid enum value of type CanvasTextAlign. @ http://localhost:8000/js/rmmz_core.js:1676
[  104470ms] [WARNING] The provided value 'undefined' is not a valid enum value of type CanvasTextAlign. @ http://localhost:8000/js/rmmz_core.js:1676
[  104470ms] [WARNING] The provided value 'undefined' is not a valid enum value of type CanvasTextAlign. @ http://localhost:8000/js/rmmz_core.js:1676
[  104470ms] [WARNING] The provided value 'undefined' is not a valid enum value of type CanvasTextAlign. @ http://localhost:8000/js/rmmz_core.js:1676
[  104470ms] [WARNING] The provided value 'undefined' is not a valid enum value of type CanvasTextAlign. @ http://localhost:8000/js/rmmz_core.js:1676
[  104471ms] [WARNING] The provided value 'undefined' is not a valid enum value of type CanvasTextAlign. @ http://localhost:8000/js/rmmz_core.js:1676
[  104471ms] [WARNING] The provided value 'undefined' is not a valid enum value of type CanvasTextAlign. @ http://localhost:8000/js/rmmz_core.js:1676
[  104570ms] [WARNING] The provided value 'undefined' is not a valid enum value of type CanvasTextAlign. @ http://localhost:8000/js/rmmz_core.js:1676
[  104571ms] [WARNING] The provided value 'undefined' is not a valid enum value of type CanvasTextAlign. @ http://localhost:8000/js/rmmz_core.js:1676
[  104571ms] [WARNING] The provided value 'undefined' is not a valid enum value of type CanvasTextAlign. @ http://localhost:8000/js/rmmz_core.js:1676
[  104571ms] [WARNING] The provided value 'undefined' is not a valid enum value of type CanvasTextAlign. @ http://localhost:8000/js/rmmz_core.js:1676
[  104572ms] [WARNING] The provided value 'undefined' is not a valid enum value of type CanvasTextAlign. @ http://localhost:8000/js/rmmz_core.js:1676
[  104572ms] [WARNING] The provided value 'undefined' is not a valid enum value of type CanvasTextAlign. @ http://localhost:8000/js/rmmz_core.js:1676
[  104572ms] [WARNING] The provided value 'undefined' is not a valid enum value of type CanvasTextAlign. @ http://localhost:8000/js/rmmz_core.js:1676
[  104572ms] [WARNING] The provided value 'undefined' is not a valid enum value of type CanvasTextAlign. @ http://localhost:8000/js/rmmz_core.js:1676
[  104572ms] [WARNING] The provided value 'undefined' is not a valid enum value of type CanvasTextAlign. @ http://localhost:8000/js/rmmz_core.js:1676
[  104673ms] [WARNING] The provided value 'undefined' is not a valid enum value of type CanvasTextAlign. @ http://localhost:8000/js/rmmz_core.js:1676
[  104674ms] [WARNING] The provided value 'undefined' is not a valid enum value of type CanvasTextAlign. @ http://localhost:8000/js/rmmz_core.js:1676
[  104674ms] [WARNING] The provided value 'undefined' is not a valid enum value of type CanvasTextAlign. @ http://localhost:8000/js/rmmz_core.js:1676
[  104674ms] [WARNING] The provided value 'undefined' is not a valid enum value of type CanvasTextAlign. @ http://localhost:8000/js/rmmz_core.js:1676
[  104675ms] [WARNING] The provided value 'undefined' is not a valid enum value of type CanvasTextAlign. @ http://localhost:8000/js/rmmz_core.js:1676
[  104675ms] [WARNING] The provided value 'undefined' is not a valid enum value of type CanvasTextAlign. @ http://localhost:8000/js/rmmz_core.js:1676
[  104675ms] [WARNING] The provided value 'undefined' is not a valid enum value of type CanvasTextAlign. @ http://localhost:8000/js/rmmz_core.js:1676
[  104675ms] [WARNING] The provided value 'undefined' is not a valid enum value of type CanvasTextAlign. @ http://localhost:8000/js/rmmz_core.js:1676
[  104675ms] [WARNING] The provided value 'undefined' is not a valid enum value of type CanvasTextAlign. @ http://localhost:8000/js/rmmz_core.js:1676
[  104764ms] [WARNING] The provided value 'undefined' is not a valid enum value of type CanvasTextAlign. @ http://localhost:8000/js/rmmz_core.js:1676
[  104765ms] [WARNING] The provided value 'undefined' is not a valid enum value of type CanvasTextAlign. @ http://localhost:8000/js/rmmz_core.js:1676
[  104765ms] [WARNING] The provided value 'undefined' is not a valid enum value of type CanvasTextAlign. @ http://localhost:8000/js/rmmz_core.js:1676
[  104765ms] [WARNING] The provided value 'undefined' is not a valid enum value of type CanvasTextAlign. @ http://localhost:8000/js/rmmz_core.js:1676
[  104765ms] [WARNING] The provided value 'undefined' is not a valid enum value of type CanvasTextAlign. @ http://localhost:8000/js/rmmz_core.js:1676
[  104766ms] [WARNING] The provided value 'undefined' is not a valid enum value of type CanvasTextAlign. @ http://localhost:8000/js/rmmz_core.js:1676
[  104766ms] [WARNING] The provided value 'undefined' is not a valid enum value of type CanvasTextAlign. @ http://localhost:8000/js/rmmz_core.js:1676
[  104766ms] [WARNING] The provided value 'undefined' is not a valid enum value of type CanvasTextAlign. @ http://localhost:8000/js/rmmz_core.js:1676
[  104766ms] [WARNING] The provided value 'undefined' is not a valid enum value of type CanvasTextAlign. @ http://localhost:8000/js/rmmz_core.js:1676
[  104879ms] [WARNING] The provided value 'undefined' is not a valid enum value of type CanvasTextAlign. @ http://localhost:8000/js/rmmz_core.js:1676
[  104879ms] [WARNING] The provided value 'undefined' is not a valid enum value of type CanvasTextAlign. @ http://localhost:8000/js/rmmz_core.js:1676
[  104879ms] [WARNING] The provided value 'undefined' is not a valid enum value of type CanvasTextAlign. @ http://localhost:8000/js/rmmz_core.js:1676
[  104879ms] [WARNING] The provided value 'undefined' is not a valid enum value of type CanvasTextAlign. @ http://localhost:8000/js/rmmz_core.js:1676
[  104880ms] [WARNING] The provided value 'undefined' is not a valid enum value of type CanvasTextAlign. @ http://localhost:8000/js/rmmz_core.js:1676
[  104880ms] [WARNING] The provided value 'undefined' is not a valid enum value of type CanvasTextAlign. @ http://localhost:8000/js/rmmz_core.js:1676
[  104880ms] [WARNING] The provided value 'undefined' is not a valid enum value of type CanvasTextAlign. @ http://localhost:8000/js/rmmz_core.js:1676
[  104880ms] [WARNING] The provided value 'undefined' is not a valid enum value of type CanvasTextAlign. @ http://localhost:8000/js/rmmz_core.js:1676
[  104881ms] [WARNING] The provided value 'undefined' is not a valid enum value of type CanvasTextAlign. @ http://localhost:8000/js/rmmz_core.js:1676
[  104945ms] [LOG] RACE_EVENT: {
  "type": "SAFE_CLICK",
  "frame": 2147,
  "vars": {
    "RACE_ID": 1,
    "SCENE_INDEX": 5,
    "SCENE_TYPE": 0,
    "P_CENA": 0,
    "CONSCIENCIA": 80,
    "PONTOS_GLORIA": 180,
    "TAXA_SUCESSO": 0,
    "ROLL_RESULT": 0,
    "TIMER_FRAMES": 0,
    "SCENE_START": 1896,
    "SEED": 0,
    "RACE_N_CENAS": 6,
    "ATTEMPT_N": 7,
    "LAST_RENDERED_INDEX": 4,
    "HOVER_LEVEL": 0,
    "TIMER_TIMEOUT_FLAG": 1,
    "VITORIA_PASSOU": 0,
    "GLORIA_META": 200,
    "TIMER_SECONDS": 1,
    "SCENE_DISPLAY": 5
  },
  "switches": {
    "RACE_ACTIVE": true,
    "INPUT_LOCKED": true,
    "CRASH_FLAG": false,
    "LAST_ACTION_SAFE": true,
    "PAUSED": false,
    "IS_CURVA_DIABO": false
  },
  "timestamp": "2026-07-07T07:25:57.226Z"
} @ http://localhost:8000/js/plugins/Jhonny_RaceHelper.js:234
[  104968ms] [WARNING] The provided value 'undefined' is not a valid enum value of type CanvasTextAlign. @ http://localhost:8000/js/rmmz_core.js:1676
[  104969ms] [WARNING] The provided value 'undefined' is not a valid enum value of type CanvasTextAlign. @ http://localhost:8000/js/rmmz_core.js:1676
[  104969ms] [WARNING] The provided value 'undefined' is not a valid enum value of type CanvasTextAlign. @ http://localhost:8000/js/rmmz_core.js:1676
[  104969ms] [WARNING] The provided value 'undefined' is not a valid enum value of type CanvasTextAlign. @ http://localhost:8000/js/rmmz_core.js:1676
[  104969ms] [WARNING] The provided value 'undefined' is not a valid enum value of type CanvasTextAlign. @ http://localhost:8000/js/rmmz_core.js:1676
[  104969ms] [WARNING] The provided value 'undefined' is not a valid enum value of type CanvasTextAlign. @ http://localhost:8000/js/rmmz_core.js:1676
[  104969ms] [WARNING] The provided value 'undefined' is not a valid enum value of type CanvasTextAlign. @ http://localhost:8000/js/rmmz_core.js:1676
[  104969ms] [WARNING] The provided value 'undefined' is not a valid enum value of type CanvasTextAlign. @ http://localhost:8000/js/rmmz_core.js:1676
[  104969ms] [WARNING] The provided value 'undefined' is not a valid enum value of type CanvasTextAlign. @ http://localhost:8000/js/rmmz_core.js:1676
[  104970ms] [WARNING] The provided value 'undefined' is not a valid enum value of type CanvasTextAlign. @ http://localhost:8000/js/rmmz_core.js:1676
[  104970ms] [WARNING] The provided value 'undefined' is not a valid enum value of type CanvasTextAlign. @ http://localhost:8000/js/rmmz_core.js:1676
[  104970ms] [WARNING] The provided value 'undefined' is not a valid enum value of type CanvasTextAlign. @ http://localhost:8000/js/rmmz_core.js:1676
[  104970ms] [WARNING] The provided value 'undefined' is not a valid enum value of type CanvasTextAlign. @ http://localhost:8000/js/rmmz_core.js:1676
[  104970ms] [WARNING] The provided value 'undefined' is not a valid enum value of type CanvasTextAlign. @ http://localhost:8000/js/rmmz_core.js:1676
[  104970ms] [WARNING] The provided value 'undefined' is not a valid enum value of type CanvasTextAlign. @ http://localhost:8000/js/rmmz_core.js:1676
[  104970ms] [WARNING] The provided value 'undefined' is not a valid enum value of type CanvasTextAlign. @ http://localhost:8000/js/rmmz_core.js:1676
[  104970ms] [WARNING] The provided value 'undefined' is not a valid enum value of type CanvasTextAlign. @ http://localhost:8000/js/rmmz_core.js:1676
[  104970ms] [WARNING] The provided value 'undefined' is not a valid enum value of type CanvasTextAlign. @ http://localhost:8000/js/rmmz_core.js:1676
[  104971ms] [WARNING] The provided value 'undefined' is not a valid enum value of type CanvasTextAlign. @ http://localhost:8000/js/rmmz_core.js:1676
[  104971ms] [WARNING] The provided value 'undefined' is not a valid enum value of type CanvasTextAlign. @ http://localhost:8000/js/rmmz_core.js:1676
[  104971ms] [WARNING] The provided value 'undefined' is not a valid enum value of type CanvasTextAlign. @ http://localhost:8000/js/rmmz_core.js:1676
[  104971ms] [WARNING] The provided value 'undefined' is not a valid enum value of type CanvasTextAlign. @ http://localhost:8000/js/rmmz_core.js:1676
[  104971ms] [WARNING] The provided value 'undefined' is not a valid enum value of type CanvasTextAlign. @ http://localhost:8000/js/rmmz_core.js:1676
[  104971ms] [WARNING] The provided value 'undefined' is not a valid enum value of type CanvasTextAlign. @ http://localhost:8000/js/rmmz_core.js:1676
[  104971ms] [WARNING] The provided value 'undefined' is not a valid enum value of type CanvasTextAlign. @ http://localhost:8000/js/rmmz_core.js:1676
[  104971ms] [WARNING] The provided value 'undefined' is not a valid enum value of type CanvasTextAlign. @ http://localhost:8000/js/rmmz_core.js:1676
[  104971ms] [WARNING] The provided value 'undefined' is not a valid enum value of type CanvasTextAlign. @ http://localhost:8000/js/rmmz_core.js:1676
[  104972ms] [WARNING] The provided value 'undefined' is not a valid enum value of type CanvasTextAlign. @ http://localhost:8000/js/rmmz_core.js:1676
[  104972ms] [WARNING] The provided value 'undefined' is not a valid enum value of type CanvasTextAlign. @ http://localhost:8000/js/rmmz_core.js:1676
[  104972ms] [WARNING] The provided value 'undefined' is not a valid enum value of type CanvasTextAlign. @ http://localhost:8000/js/rmmz_core.js:1676
[  104972ms] [WARNING] The provided value 'undefined' is not a valid enum value of type CanvasTextAlign. @ http://localhost:8000/js/rmmz_core.js:1676
[  104972ms] [WARNING] The provided value 'undefined' is not a valid enum value of type CanvasTextAlign. @ http://localhost:8000/js/rmmz_core.js:1676
[  104972ms] [WARNING] The provided value 'undefined' is not a valid enum value of type CanvasTextAlign. @ http://localhost:8000/js/rmmz_core.js:1676
[  104972ms] [WARNING] The provided value 'undefined' is not a valid enum value of type CanvasTextAlign. @ http://localhost:8000/js/rmmz_core.js:1676
[  104972ms] [WARNING] The provided value 'undefined' is not a valid enum value of type CanvasTextAlign. @ http://localhost:8000/js/rmmz_core.js:1676
[  104972ms] [WARNING] The provided value 'undefined' is not a valid enum value of type CanvasTextAlign. @ http://localhost:8000/js/rmmz_core.js:1676
[  104973ms] [WARNING] The provided value 'undefined' is not a valid enum value of type CanvasTextAlign. @ http://localhost:8000/js/rmmz_core.js:1676
[  104973ms] [WARNING] The provided value 'undefined' is not a valid enum value of type CanvasTextAlign. @ http://localhost:8000/js/rmmz_core.js:1676
[  104973ms] [WARNING] The provided value 'undefined' is not a valid enum value of type CanvasTextAlign. @ http://localhost:8000/js/rmmz_core.js:1676
[  104973ms] [WARNING] The provided value 'undefined' is not a valid enum value of type CanvasTextAlign. @ http://localhost:8000/js/rmmz_core.js:1676
[  104974ms] [WARNING] The provided value 'undefined' is not a valid enum value of type CanvasTextAlign. @ http://localhost:8000/js/rmmz_core.js:1676
[  104974ms] [WARNING] The provided value 'undefined' is not a valid enum value of type CanvasTextAlign. @ http://localhost:8000/js/rmmz_core.js:1676
[  104974ms] [WARNING] The provided value 'undefined' is not a valid enum value of type CanvasTextAlign. @ http://localhost:8000/js/rmmz_core.js:1676
[  104974ms] [WARNING] The provided value 'undefined' is not a valid enum value of type CanvasTextAlign. @ http://localhost:8000/js/rmmz_core.js:1676
[  104974ms] [WARNING] The provided value 'undefined' is not a valid enum value of type CanvasTextAlign. @ http://localhost:8000/js/rmmz_core.js:1676
[  104974ms] [WARNING] The provided value 'undefined' is not a valid enum value of type CanvasTextAlign. @ http://localhost:8000/js/rmmz_core.js:1676
[  104974ms] [WARNING] The provided value 'undefined' is not a valid enum value of type CanvasTextAlign. @ http://localhost:8000/js/rmmz_core.js:1676
[  104974ms] [WARNING] The provided value 'undefined' is not a valid enum value of type CanvasTextAlign. @ http://localhost:8000/js/rmmz_core.js:1676
[  104974ms] [WARNING] The provided value 'undefined' is not a valid enum value of type CanvasTextAlign. @ http://localhost:8000/js/rmmz_core.js:1676
[  104975ms] [WARNING] The provided value 'undefined' is not a valid enum value of type CanvasTextAlign. @ http://localhost:8000/js/rmmz_core.js:1676
[  104975ms] [WARNING] The provided value 'undefined' is not a valid enum value of type CanvasTextAlign. @ http://localhost:8000/js/rmmz_core.js:1676
[  104975ms] [WARNING] The provided value 'undefined' is not a valid enum value of type CanvasTextAlign. @ http://localhost:8000/js/rmmz_core.js:1676
[  104975ms] [WARNING] The provided value 'undefined' is not a valid enum value of type CanvasTextAlign. @ http://localhost:8000/js/rmmz_core.js:1676
[  104975ms] [WARNING] The provided value 'undefined' is not a valid enum value of type CanvasTextAlign. @ http://localhost:8000/js/rmmz_core.js:1676
[  104975ms] [WARNING] The provided value 'undefined' is not a valid enum value of type CanvasTextAlign. @ http://localhost:8000/js/rmmz_core.js:1676
[  104975ms] [WARNING] The provided value 'undefined' is not a valid enum value of type CanvasTextAlign. @ http://localhost:8000/js/rmmz_core.js:1676
[  104976ms] [WARNING] The provided value 'undefined' is not a valid enum value of type CanvasTextAlign. @ http://localhost:8000/js/rmmz_core.js:1676
[  104976ms] [WARNING] The provided value 'undefined' is not a valid enum value of type CanvasTextAlign. @ http://localhost:8000/js/rmmz_core.js:1676
[  104976ms] [WARNING] The provided value 'undefined' is not a valid enum value of type CanvasTextAlign. @ http://localhost:8000/js/rmmz_core.js:1676
[  104976ms] [WARNING] The provided value 'undefined' is not a valid enum value of type CanvasTextAlign. @ http://localhost:8000/js/rmmz_core.js:1676
[  104976ms] [WARNING] The provided value 'undefined' is not a valid enum value of type CanvasTextAlign. @ http://localhost:8000/js/rmmz_core.js:1676
[  104976ms] [WARNING] The provided value 'undefined' is not a valid enum value of type CanvasTextAlign. @ http://localhost:8000/js/rmmz_core.js:1676
[  104976ms] [WARNING] The provided value 'undefined' is not a valid enum value of type CanvasTextAlign. @ http://localhost:8000/js/rmmz_core.js:1676
[  104976ms] [WARNING] The provided value 'undefined' is not a valid enum value of type CanvasTextAlign. @ http://localhost:8000/js/rmmz_core.js:1676
[  104977ms] [WARNING] The provided value 'undefined' is not a valid enum value of type CanvasTextAlign. @ http://localhost:8000/js/rmmz_core.js:1676
[  104977ms] [WARNING] The provided value 'undefined' is not a valid enum value of type CanvasTextAlign. @ http://localhost:8000/js/rmmz_core.js:1676
[  104977ms] [WARNING] The provided value 'undefined' is not a valid enum value of type CanvasTextAlign. @ http://localhost:8000/js/rmmz_core.js:1676
[  104977ms] [WARNING] The provided value 'undefined' is not a valid enum value of type CanvasTextAlign. @ http://localhost:8000/js/rmmz_core.js:1676
[  104977ms] [WARNING] The provided value 'undefined' is not a valid enum value of type CanvasTextAlign. @ http://localhost:8000/js/rmmz_core.js:1676
[  104978ms] [WARNING] The provided value 'undefined' is not a valid enum value of type CanvasTextAlign. @ http://localhost:8000/js/rmmz_core.js:1676
[  104978ms] [WARNING] The provided value 'undefined' is not a valid enum value of type CanvasTextAlign. @ http://localhost:8000/js/rmmz_core.js:1676
[  104978ms] [WARNING] The provided value 'undefined' is not a valid enum value of type CanvasTextAlign. @ http://localhost:8000/js/rmmz_core.js:1676
[  104978ms] [WARNING] The provided value 'undefined' is not a valid enum value of type CanvasTextAlign. @ http://localhost:8000/js/rmmz_core.js:1676
[  104978ms] [WARNING] The provided value 'undefined' is not a valid enum value of type CanvasTextAlign. @ http://localhost:8000/js/rmmz_core.js:1676
[  104978ms] [WARNING] The provided value 'undefined' is not a valid enum value of type CanvasTextAlign. @ http://localhost:8000/js/rmmz_core.js:1676
[  104978ms] [WARNING] The provided value 'undefined' is not a valid enum value of type CanvasTextAlign. @ http://localhost:8000/js/rmmz_core.js:1676
[  104978ms] [WARNING] The provided value 'undefined' is not a valid enum value of type CanvasTextAlign. @ http://localhost:8000/js/rmmz_core.js:1676
[  104979ms] [WARNING] The provided value 'undefined' is not a valid enum value of type CanvasTextAlign. @ http://localhost:8000/js/rmmz_core.js:1676
[  104979ms] [WARNING] The provided value 'undefined' is not a valid enum value of type CanvasTextAlign. @ http://localhost:8000/js/rmmz_core.js:1676
[  104979ms] [WARNING] The provided value 'undefined' is not a valid enum value of type CanvasTextAlign. @ http://localhost:8000/js/rmmz_core.js:1676
[  104979ms] [WARNING] The provided value 'undefined' is not a valid enum value of type CanvasTextAlign. @ http://localhost:8000/js/rmmz_core.js:1676
[  104979ms] [WARNING] The provided value 'undefined' is not a valid enum value of type CanvasTextAlign. @ http://localhost:8000/js/rmmz_core.js:1676
[  104979ms] [WARNING] The provided value 'undefined' is not a valid enum value of type CanvasTextAlign. @ http://localhost:8000/js/rmmz_core.js:1676
[  104979ms] [WARNING] The provided value 'undefined' is not a valid enum value of type CanvasTextAlign. @ http://localhost:8000/js/rmmz_core.js:1676
[  104980ms] [WARNING] The provided value 'undefined' is not a valid enum value of type CanvasTextAlign. @ http://localhost:8000/js/rmmz_core.js:1676
[  104980ms] [WARNING] The provided value 'undefined' is not a valid enum value of type CanvasTextAlign. @ http://localhost:8000/js/rmmz_core.js:1676
[  104980ms] [WARNING] The provided value 'undefined' is not a valid enum value of type CanvasTextAlign. @ http://localhost:8000/js/rmmz_core.js:1676
[  104980ms] [WARNING] The provided value 'undefined' is not a valid enum value of type CanvasTextAlign. @ http://localhost:8000/js/rmmz_core.js:1676
[  104980ms] [WARNING] The provided value 'undefined' is not a valid enum value of type CanvasTextAlign. @ http://localhost:8000/js/rmmz_core.js:1676
[  104980ms] [WARNING] The provided value 'undefined' is not a valid enum value of type CanvasTextAlign. @ http://localhost:8000/js/rmmz_core.js:1676
[  104980ms] [WARNING] The provided value 'undefined' is not a valid enum value of type CanvasTextAlign. @ http://localhost:8000/js/rmmz_core.js:1676
[  105074ms] [WARNING] The provided value 'undefined' is not a valid enum value of type CanvasTextAlign. @ http://localhost:8000/js/rmmz_core.js:1676
[  105075ms] [WARNING] The provided value 'undefined' is not a valid enum value of type CanvasTextAlign. @ http://localhost:8000/js/rmmz_core.js:1676
[  105075ms] [WARNING] The provided value 'undefined' is not a valid enum value of type CanvasTextAlign. @ http://localhost:8000/js/rmmz_core.js:1676
[  105075ms] [WARNING] The provided value 'undefined' is not a valid enum value of type CanvasTextAlign. @ http://localhost:8000/js/rmmz_core.js:1676
[  105075ms] [WARNING] The provided value 'undefined' is not a valid enum value of type CanvasTextAlign. @ http://localhost:8000/js/rmmz_core.js:1676
[  105076ms] [WARNING] The provided value 'undefined' is not a valid enum value of type CanvasTextAlign. @ http://localhost:8000/js/rmmz_core.js:1676
[  105076ms] [WARNING] The provided value 'undefined' is not a valid enum value of type CanvasTextAlign. @ http://localhost:8000/js/rmmz_core.js:1676
[  105076ms] [WARNING] The provided value 'undefined' is not a valid enum value of type CanvasTextAlign. @ http://localhost:8000/js/rmmz_core.js:1676
[  105076ms] [WARNING] The provided value 'undefined' is not a valid enum value of type CanvasTextAlign. @ http://localhost:8000/js/rmmz_core.js:1676
[  105176ms] [WARNING] The provided value 'undefined' is not a valid enum value of type CanvasTextAlign. @ http://localhost:8000/js/rmmz_core.js:1676
[  105177ms] [WARNING] The provided value 'undefined' is not a valid enum value of type CanvasTextAlign. @ http://localhost:8000/js/rmmz_core.js:1676
[  105177ms] [WARNING] The provided value 'undefined' is not a valid enum value of type CanvasTextAlign. @ http://localhost:8000/js/rmmz_core.js:1676
[  105177ms] [WARNING] The provided value 'undefined' is not a valid enum value of type CanvasTextAlign. @ http://localhost:8000/js/rmmz_core.js:1676
[  105177ms] [WARNING] The provided value 'undefined' is not a valid enum value of type CanvasTextAlign. @ http://localhost:8000/js/rmmz_core.js:1676
[  105178ms] [WARNING] The provided value 'undefined' is not a valid enum value of type CanvasTextAlign. @ http://localhost:8000/js/rmmz_core.js:1676
[  105178ms] [WARNING] The provided value 'undefined' is not a valid enum value of type CanvasTextAlign. @ http://localhost:8000/js/rmmz_core.js:1676
[  105178ms] [WARNING] The provided value 'undefined' is not a valid enum value of type CanvasTextAlign. @ http://localhost:8000/js/rmmz_core.js:1676
[  105178ms] [WARNING] The provided value 'undefined' is not a valid enum value of type CanvasTextAlign. @ http://localhost:8000/js/rmmz_core.js:1676
[  105279ms] [WARNING] The provided value 'undefined' is not a valid enum value of type CanvasTextAlign. @ http://localhost:8000/js/rmmz_core.js:1676
[  105280ms] [WARNING] The provided value 'undefined' is not a valid enum value of type CanvasTextAlign. @ http://localhost:8000/js/rmmz_core.js:1676
[  105280ms] [WARNING] The provided value 'undefined' is not a valid enum value of type CanvasTextAlign. @ http://localhost:8000/js/rmmz_core.js:1676
[  105280ms] [WARNING] The provided value 'undefined' is not a valid enum value of type CanvasTextAlign. @ http://localhost:8000/js/rmmz_core.js:1676
[  105281ms] [WARNING] The provided value 'undefined' is not a valid enum value of type CanvasTextAlign. @ http://localhost:8000/js/rmmz_core.js:1676
[  105281ms] [WARNING] The provided value 'undefined' is not a valid enum value of type CanvasTextAlign. @ http://localhost:8000/js/rmmz_core.js:1676
[  105281ms] [WARNING] The provided value 'undefined' is not a valid enum value of type CanvasTextAlign. @ http://localhost:8000/js/rmmz_core.js:1676
[  105281ms] [WARNING] The provided value 'undefined' is not a valid enum value of type CanvasTextAlign. @ http://localhost:8000/js/rmmz_core.js:1676
[  105281ms] [WARNING] The provided value 'undefined' is not a valid enum value of type CanvasTextAlign. @ http://localhost:8000/js/rmmz_core.js:1676
[  105369ms] [WARNING] The provided value 'undefined' is not a valid enum value of type CanvasTextAlign. @ http://localhost:8000/js/rmmz_core.js:1676
[  105369ms] [WARNING] The provided value 'undefined' is not a valid enum value of type CanvasTextAlign. @ http://localhost:8000/js/rmmz_core.js:1676
[  105369ms] [WARNING] The provided value 'undefined' is not a valid enum value of type CanvasTextAlign. @ http://localhost:8000/js/rmmz_core.js:1676
[  105369ms] [WARNING] The provided value 'undefined' is not a valid enum value of type CanvasTextAlign. @ http://localhost:8000/js/rmmz_core.js:1676
[  105370ms] [WARNING] The provided value 'undefined' is not a valid enum value of type CanvasTextAlign. @ http://localhost:8000/js/rmmz_core.js:1676
[  105370ms] [WARNING] The provided value 'undefined' is not a valid enum value of type CanvasTextAlign. @ http://localhost:8000/js/rmmz_core.js:1676
[  105370ms] [WARNING] The provided value 'undefined' is not a valid enum value of type CanvasTextAlign. @ http://localhost:8000/js/rmmz_core.js:1676
[  105370ms] [WARNING] The provided value 'undefined' is not a valid enum value of type CanvasTextAlign. @ http://localhost:8000/js/rmmz_core.js:1676
[  105370ms] [WARNING] The provided value 'undefined' is not a valid enum value of type CanvasTextAlign. @ http://localhost:8000/js/rmmz_core.js:1676
[  105472ms] [WARNING] The provided value 'undefined' is not a valid enum value of type CanvasTextAlign. @ http://localhost:8000/js/rmmz_core.js:1676
[  105473ms] [WARNING] The provided value 'undefined' is not a valid enum value of type CanvasTextAlign. @ http://localhost:8000/js/rmmz_core.js:1676
[  105473ms] [WARNING] The provided value 'undefined' is not a valid enum value of type CanvasTextAlign. @ http://localhost:8000/js/rmmz_core.js:1676
[  105473ms] [WARNING] The provided value 'undefined' is not a valid enum value of type CanvasTextAlign. @ http://localhost:8000/js/rmmz_core.js:1676
[  105473ms] [WARNING] The provided value 'undefined' is not a valid enum value of type CanvasTextAlign. @ http://localhost:8000/js/rmmz_core.js:1676
[  105473ms] [WARNING] The provided value 'undefined' is not a valid enum value of type CanvasTextAlign. @ http://localhost:8000/js/rmmz_core.js:1676
[  105473ms] [WARNING] The provided value 'undefined' is not a valid enum value of type CanvasTextAlign. @ http://localhost:8000/js/rmmz_core.js:1676
[  105474ms] [WARNING] The provided value 'undefined' is not a valid enum value of type CanvasTextAlign. @ http://localhost:8000/js/rmmz_core.js:1676
[  105474ms] [WARNING] The provided value 'undefined' is not a valid enum value of type CanvasTextAlign. @ http://localhost:8000/js/rmmz_core.js:1676
[  105575ms] [WARNING] The provided value 'undefined' is not a valid enum value of type CanvasTextAlign. @ http://localhost:8000/js/rmmz_core.js:1676
[  105576ms] [WARNING] The provided value 'undefined' is not a valid enum value of type CanvasTextAlign. @ http://localhost:8000/js/rmmz_core.js:1676
[  105576ms] [WARNING] The provided value 'undefined' is not a valid enum value of type CanvasTextAlign. @ http://localhost:8000/js/rmmz_core.js:1676
[  105576ms] [WARNING] The provided value 'undefined' is not a valid enum value of type CanvasTextAlign. @ http://localhost:8000/js/rmmz_core.js:1676
[  105576ms] [WARNING] The provided value 'undefined' is not a valid enum value of type CanvasTextAlign. @ http://localhost:8000/js/rmmz_core.js:1676
[  105577ms] [WARNING] The provided value 'undefined' is not a valid enum value of type CanvasTextAlign. @ http://localhost:8000/js/rmmz_core.js:1676
[  105577ms] [WARNING] The provided value 'undefined' is not a valid enum value of type CanvasTextAlign. @ http://localhost:8000/js/rmmz_core.js:1676
[  105577ms] [WARNING] The provided value 'undefined' is not a valid enum value of type CanvasTextAlign. @ http://localhost:8000/js/rmmz_core.js:1676
[  105577ms] [WARNING] The provided value 'undefined' is not a valid enum value of type CanvasTextAlign. @ http://localhost:8000/js/rmmz_core.js:1676
[  105678ms] [WARNING] The provided value 'undefined' is not a valid enum value of type CanvasTextAlign. @ http://localhost:8000/js/rmmz_core.js:1676
[  105679ms] [WARNING] The provided value 'undefined' is not a valid enum value of type CanvasTextAlign. @ http://localhost:8000/js/rmmz_core.js:1676
[  105679ms] [WARNING] The provided value 'undefined' is not a valid enum value of type CanvasTextAlign. @ http://localhost:8000/js/rmmz_core.js:1676
[  105679ms] [WARNING] The provided value 'undefined' is not a valid enum value of type CanvasTextAlign. @ http://localhost:8000/js/rmmz_core.js:1676
[  105680ms] [WARNING] The provided value 'undefined' is not a valid enum value of type CanvasTextAlign. @ http://localhost:8000/js/rmmz_core.js:1676
[  105680ms] [WARNING] The provided value 'undefined' is not a valid enum value of type CanvasTextAlign. @ http://localhost:8000/js/rmmz_core.js:1676
[  105680ms] [WARNING] The provided value 'undefined' is not a valid enum value of type CanvasTextAlign. @ http://localhost:8000/js/rmmz_core.js:1676
[  105680ms] [WARNING] The provided value 'undefined' is not a valid enum value of type CanvasTextAlign. @ http://localhost:8000/js/rmmz_core.js:1676
[  105681ms] [WARNING] The provided value 'undefined' is not a valid enum value of type CanvasTextAlign. @ http://localhost:8000/js/rmmz_core.js:1676
[  105779ms] [WARNING] The provided value 'undefined' is not a valid enum value of type CanvasTextAlign. @ http://localhost:8000/js/rmmz_core.js:1676
[  105780ms] [WARNING] The provided value 'undefined' is not a valid enum value of type CanvasTextAlign. @ http://localhost:8000/js/rmmz_core.js:1676
[  105780ms] [WARNING] The provided value 'undefined' is not a valid enum value of type CanvasTextAlign. @ http://localhost:8000/js/rmmz_core.js:1676
[  105780ms] [WARNING] The provided value 'undefined' is not a valid enum value of type CanvasTextAlign. @ http://localhost:8000/js/rmmz_core.js:1676
[  105781ms] [WARNING] The provided value 'undefined' is not a valid enum value of type CanvasTextAlign. @ http://localhost:8000/js/rmmz_core.js:1676
[  105781ms] [WARNING] The provided value 'undefined' is not a valid enum value of type CanvasTextAlign. @ http://localhost:8000/js/rmmz_core.js:1676
[  105781ms] [WARNING] The provided value 'undefined' is not a valid enum value of type CanvasTextAlign. @ http://localhost:8000/js/rmmz_core.js:1676
[  105781ms] [WARNING] The provided value 'undefined' is not a valid enum value of type CanvasTextAlign. @ http://localhost:8000/js/rmmz_core.js:1676
[  105781ms] [WARNING] The provided value 'undefined' is not a valid enum value of type CanvasTextAlign. @ http://localhost:8000/js/rmmz_core.js:1676
[  105879ms] [WARNING] The provided value 'undefined' is not a valid enum value of type CanvasTextAlign. @ http://localhost:8000/js/rmmz_core.js:1676
[  105879ms] [WARNING] The provided value 'undefined' is not a valid enum value of type CanvasTextAlign. @ http://localhost:8000/js/rmmz_core.js:1676
[  105880ms] [WARNING] The provided value 'undefined' is not a valid enum value of type CanvasTextAlign. @ http://localhost:8000/js/rmmz_core.js:1676
[  105880ms] [WARNING] The provided value 'undefined' is not a valid enum value of type CanvasTextAlign. @ http://localhost:8000/js/rmmz_core.js:1676
[  105880ms] [WARNING] The provided value 'undefined' is not a valid enum value of type CanvasTextAlign. @ http://localhost:8000/js/rmmz_core.js:1676
[  105880ms] [WARNING] The provided value 'undefined' is not a valid enum value of type CanvasTextAlign. @ http://localhost:8000/js/rmmz_core.js:1676
[  105880ms] [WARNING] The provided value 'undefined' is not a valid enum value of type CanvasTextAlign. @ http://localhost:8000/js/rmmz_core.js:1676
[  105881ms] [WARNING] The provided value 'undefined' is not a valid enum value of type CanvasTextAlign. @ http://localhost:8000/js/rmmz_core.js:1676
[  105881ms] [WARNING] The provided value 'undefined' is not a valid enum value of type CanvasTextAlign. @ http://localhost:8000/js/rmmz_core.js:1676
[  105979ms] [WARNING] The provided value 'undefined' is not a valid enum value of type CanvasTextAlign. @ http://localhost:8000/js/rmmz_core.js:1676
[  105980ms] [WARNING] The provided value 'undefined' is not a valid enum value of type CanvasTextAlign. @ http://localhost:8000/js/rmmz_core.js:1676
[  105980ms] [WARNING] The provided value 'undefined' is not a valid enum value of type CanvasTextAlign. @ http://localhost:8000/js/rmmz_core.js:1676
[  105980ms] [WARNING] The provided value 'undefined' is not a valid enum value of type CanvasTextAlign. @ http://localhost:8000/js/rmmz_core.js:1676
[  105980ms] [WARNING] The provided value 'undefined' is not a valid enum value of type CanvasTextAlign. @ http://localhost:8000/js/rmmz_core.js:1676
[  105981ms] [WARNING] The provided value 'undefined' is not a valid enum value of type CanvasTextAlign. @ http://localhost:8000/js/rmmz_core.js:1676
[  105981ms] [WARNING] The provided value 'undefined' is not a valid enum value of type CanvasTextAlign. @ http://localhost:8000/js/rmmz_core.js:1676
[  105981ms] [WARNING] The provided value 'undefined' is not a valid enum value of type CanvasTextAlign. @ http://localhost:8000/js/rmmz_core.js:1676
[  105981ms] [WARNING] The provided value 'undefined' is not a valid enum value of type CanvasTextAlign. @ http://localhost:8000/js/rmmz_core.js:1676
[  106080ms] [WARNING] The provided value 'undefined' is not a valid enum value of type CanvasTextAlign. @ http://localhost:8000/js/rmmz_core.js:1676
[  106081ms] [WARNING] The provided value 'undefined' is not a valid enum value of type CanvasTextAlign. @ http://localhost:8000/js/rmmz_core.js:1676
[  106081ms] [WARNING] The provided value 'undefined' is not a valid enum value of type CanvasTextAlign. @ http://localhost:8000/js/rmmz_core.js:1676
[  106081ms] [WARNING] The provided value 'undefined' is not a valid enum value of type CanvasTextAlign. @ http://localhost:8000/js/rmmz_core.js:1676
[  106081ms] [WARNING] The provided value 'undefined' is not a valid enum value of type CanvasTextAlign. @ http://localhost:8000/js/rmmz_core.js:1676
[  106082ms] [WARNING] The provided value 'undefined' is not a valid enum value of type CanvasTextAlign. @ http://localhost:8000/js/rmmz_core.js:1676
[  106082ms] [WARNING] The provided value 'undefined' is not a valid enum value of type CanvasTextAlign. @ http://localhost:8000/js/rmmz_core.js:1676
[  106082ms] [WARNING] The provided value 'undefined' is not a valid enum value of type CanvasTextAlign. @ http://localhost:8000/js/rmmz_core.js:1676
[  106082ms] [WARNING] The provided value 'undefined' is not a valid enum value of type CanvasTextAlign. @ http://localhost:8000/js/rmmz_core.js:1676
[  106170ms] [WARNING] The provided value 'undefined' is not a valid enum value of type CanvasTextAlign. @ http://localhost:8000/js/rmmz_core.js:1676
[  106171ms] [WARNING] The provided value 'undefined' is not a valid enum value of type CanvasTextAlign. @ http://localhost:8000/js/rmmz_core.js:1676
[  106171ms] [WARNING] The provided value 'undefined' is not a valid enum value of type CanvasTextAlign. @ http://localhost:8000/js/rmmz_core.js:1676
[  106171ms] [WARNING] The provided value 'undefined' is not a valid enum value of type CanvasTextAlign. @ http://localhost:8000/js/rmmz_core.js:1676
[  106171ms] [WARNING] The provided value 'undefined' is not a valid enum value of type CanvasTextAlign. @ http://localhost:8000/js/rmmz_core.js:1676
[  106171ms] [WARNING] The provided value 'undefined' is not a valid enum value of type CanvasTextAlign. @ http://localhost:8000/js/rmmz_core.js:1676
[  106171ms] [WARNING] The provided value 'undefined' is not a valid enum value of type CanvasTextAlign. @ http://localhost:8000/js/rmmz_core.js:1676
[  106172ms] [WARNING] The provided value 'undefined' is not a valid enum value of type CanvasTextAlign. @ http://localhost:8000/js/rmmz_core.js:1676
[  106172ms] [WARNING] The provided value 'undefined' is not a valid enum value of type CanvasTextAlign. @ http://localhost:8000/js/rmmz_core.js:1676
[  106172ms] [WARNING] The provided value 'undefined' is not a valid enum value of type CanvasTextAlign. @ http://localhost:8000/js/rmmz_core.js:1676
[  106172ms] [WARNING] The provided value 'undefined' is not a valid enum value of type CanvasTextAlign. @ http://localhost:8000/js/rmmz_core.js:1676
[  106172ms] [WARNING] The provided value 'undefined' is not a valid enum value of type CanvasTextAlign. @ http://localhost:8000/js/rmmz_core.js:1676
[  106172ms] [WARNING] The provided value 'undefined' is not a valid enum value of type CanvasTextAlign. @ http://localhost:8000/js/rmmz_core.js:1676
[  106172ms] [WARNING] The provided value 'undefined' is not a valid enum value of type CanvasTextAlign. @ http://localhost:8000/js/rmmz_core.js:1676
[  106172ms] [WARNING] The provided value 'undefined' is not a valid enum value of type CanvasTextAlign. @ http://localhost:8000/js/rmmz_core.js:1676
[  106172ms] [WARNING] The provided value 'undefined' is not a valid enum value of type CanvasTextAlign. @ http://localhost:8000/js/rmmz_core.js:1676
[  106173ms] [WARNING] The provided value 'undefined' is not a valid enum value of type CanvasTextAlign. @ http://localhost:8000/js/rmmz_core.js:1676
[  106173ms] [WARNING] The provided value 'undefined' is not a valid enum value of type CanvasTextAlign. @ http://localhost:8000/js/rmmz_core.js:1676
[  106271ms] [WARNING] The provided value 'undefined' is not a valid enum value of type CanvasTextAlign. @ http://localhost:8000/js/rmmz_core.js:1676
[  106271ms] [WARNING] The provided value 'undefined' is not a valid enum value of type CanvasTextAlign. @ http://localhost:8000/js/rmmz_core.js:1676
[  106271ms] [WARNING] The provided value 'undefined' is not a valid enum value of type CanvasTextAlign. @ http://localhost:8000/js/rmmz_core.js:1676
[  106271ms] [WARNING] The provided value 'undefined' is not a valid enum value of type CanvasTextAlign. @ http://localhost:8000/js/rmmz_core.js:1676
[  106272ms] [WARNING] The provided value 'undefined' is not a valid enum value of type CanvasTextAlign. @ http://localhost:8000/js/rmmz_core.js:1676
[  106272ms] [WARNING] The provided value 'undefined' is not a valid enum value of type CanvasTextAlign. @ http://localhost:8000/js/rmmz_core.js:1676
[  106272ms] [WARNING] The provided value 'undefined' is not a valid enum value of type CanvasTextAlign. @ http://localhost:8000/js/rmmz_core.js:1676
[  106272ms] [WARNING] The provided value 'undefined' is not a valid enum value of type CanvasTextAlign. @ http://localhost:8000/js/rmmz_core.js:1676
[  106272ms] [WARNING] The provided value 'undefined' is not a valid enum value of type CanvasTextAlign. @ http://localhost:8000/js/rmmz_core.js:1676
[  106373ms] [WARNING] The provided value 'undefined' is not a valid enum value of type CanvasTextAlign. @ http://localhost:8000/js/rmmz_core.js:1676
[  106373ms] [WARNING] The provided value 'undefined' is not a valid enum value of type CanvasTextAlign. @ http://localhost:8000/js/rmmz_core.js:1676
[  106374ms] [WARNING] The provided value 'undefined' is not a valid enum value of type CanvasTextAlign. @ http://localhost:8000/js/rmmz_core.js:1676
[  106374ms] [WARNING] The provided value 'undefined' is not a valid enum value of type CanvasTextAlign. @ http://localhost:8000/js/rmmz_core.js:1676
[  106374ms] [WARNING] The provided value 'undefined' is not a valid enum value of type CanvasTextAlign. @ http://localhost:8000/js/rmmz_core.js:1676
[  106374ms] [WARNING] The provided value 'undefined' is not a valid enum value of type CanvasTextAlign. @ http://localhost:8000/js/rmmz_core.js:1676
[  106374ms] [WARNING] The provided value 'undefined' is not a valid enum value of type CanvasTextAlign. @ http://localhost:8000/js/rmmz_core.js:1676
[  106375ms] [WARNING] The provided value 'undefined' is not a valid enum value of type CanvasTextAlign. @ http://localhost:8000/js/rmmz_core.js:1676
[  106375ms] [WARNING] The provided value 'undefined' is not a valid enum value of type CanvasTextAlign. @ http://localhost:8000/js/rmmz_core.js:1676
[  106475ms] [WARNING] The provided value 'undefined' is not a valid enum value of type CanvasTextAlign. @ http://localhost:8000/js/rmmz_core.js:1676
[  106476ms] [WARNING] The provided value 'undefined' is not a valid enum value of type CanvasTextAlign. @ http://localhost:8000/js/rmmz_core.js:1676
[  106476ms] [WARNING] The provided value 'undefined' is not a valid enum value of type CanvasTextAlign. @ http://localhost:8000/js/rmmz_core.js:1676
[  106476ms] [WARNING] The provided value 'undefined' is not a valid enum value of type CanvasTextAlign. @ http://localhost:8000/js/rmmz_core.js:1676
[  106476ms] [WARNING] The provided value 'undefined' is not a valid enum value of type CanvasTextAlign. @ http://localhost:8000/js/rmmz_core.js:1676
[  106477ms] [WARNING] The provided value 'undefined' is not a valid enum value of type CanvasTextAlign. @ http://localhost:8000/js/rmmz_core.js:1676
[  106477ms] [WARNING] The provided value 'undefined' is not a valid enum value of type CanvasTextAlign. @ http://localhost:8000/js/rmmz_core.js:1676
[  106477ms] [WARNING] The provided value 'undefined' is not a valid enum value of type CanvasTextAlign. @ http://localhost:8000/js/rmmz_core.js:1676
[  106477ms] [WARNING] The provided value 'undefined' is not a valid enum value of type CanvasTextAlign. @ http://localhost:8000/js/rmmz_core.js:1676
[  106579ms] [WARNING] The provided value 'undefined' is not a valid enum value of type CanvasTextAlign. @ http://localhost:8000/js/rmmz_core.js:1676
[  106579ms] [WARNING] The provided value 'undefined' is not a valid enum value of type CanvasTextAlign. @ http://localhost:8000/js/rmmz_core.js:1676
[  106579ms] [WARNING] The provided value 'undefined' is not a valid enum value of type CanvasTextAlign. @ http://localhost:8000/js/rmmz_core.js:1676
[  106579ms] [WARNING] The provided value 'undefined' is not a valid enum value of type CanvasTextAlign. @ http://localhost:8000/js/rmmz_core.js:1676
[  106580ms] [WARNING] The provided value 'undefined' is not a valid enum value of type CanvasTextAlign. @ http://localhost:8000/js/rmmz_core.js:1676
[  106580ms] [WARNING] The provided value 'undefined' is not a valid enum value of type CanvasTextAlign. @ http://localhost:8000/js/rmmz_core.js:1676
[  106580ms] [WARNING] The provided value 'undefined' is not a valid enum value of type CanvasTextAlign. @ http://localhost:8000/js/rmmz_core.js:1676
[  106581ms] [WARNING] The provided value 'undefined' is not a valid enum value of type CanvasTextAlign. @ http://localhost:8000/js/rmmz_core.js:1676
[  106581ms] [WARNING] The provided value 'undefined' is not a valid enum value of type CanvasTextAlign. @ http://localhost:8000/js/rmmz_core.js:1676
[  106668ms] [WARNING] The provided value 'undefined' is not a valid enum value of type CanvasTextAlign. @ http://localhost:8000/js/rmmz_core.js:1676
[  106669ms] [WARNING] The provided value 'undefined' is not a valid enum value of type CanvasTextAlign. @ http://localhost:8000/js/rmmz_core.js:1676
[  106669ms] [WARNING] The provided value 'undefined' is not a valid enum value of type CanvasTextAlign. @ http://localhost:8000/js/rmmz_core.js:1676
[  106669ms] [WARNING] The provided value 'undefined' is not a valid enum value of type CanvasTextAlign. @ http://localhost:8000/js/rmmz_core.js:1676
[  106670ms] [WARNING] The provided value 'undefined' is not a valid enum value of type CanvasTextAlign. @ http://localhost:8000/js/rmmz_core.js:1676
[  106670ms] [WARNING] The provided value 'undefined' is not a valid enum value of type CanvasTextAlign. @ http://localhost:8000/js/rmmz_core.js:1676
[  106670ms] [WARNING] The provided value 'undefined' is not a valid enum value of type CanvasTextAlign. @ http://localhost:8000/js/rmmz_core.js:1676
[  106670ms] [WARNING] The provided value 'undefined' is not a valid enum value of type CanvasTextAlign. @ http://localhost:8000/js/rmmz_core.js:1676
[  106670ms] [WARNING] The provided value 'undefined' is not a valid enum value of type CanvasTextAlign. @ http://localhost:8000/js/rmmz_core.js:1676
[  106771ms] [WARNING] The provided value 'undefined' is not a valid enum value of type CanvasTextAlign. @ http://localhost:8000/js/rmmz_core.js:1676
[  106771ms] [WARNING] The provided value 'undefined' is not a valid enum value of type CanvasTextAlign. @ http://localhost:8000/js/rmmz_core.js:1676
[  106771ms] [WARNING] The provided value 'undefined' is not a valid enum value of type CanvasTextAlign. @ http://localhost:8000/js/rmmz_core.js:1676
[  106771ms] [WARNING] The provided value 'undefined' is not a valid enum value of type CanvasTextAlign. @ http://localhost:8000/js/rmmz_core.js:1676
[  106772ms] [WARNING] The provided value 'undefined' is not a valid enum value of type CanvasTextAlign. @ http://localhost:8000/js/rmmz_core.js:1676
[  106772ms] [WARNING] The provided value 'undefined' is not a valid enum value of type CanvasTextAlign. @ http://localhost:8000/js/rmmz_core.js:1676
[  106772ms] [WARNING] The provided value 'undefined' is not a valid enum value of type CanvasTextAlign. @ http://localhost:8000/js/rmmz_core.js:1676
[  106772ms] [WARNING] The provided value 'undefined' is not a valid enum value of type CanvasTextAlign. @ http://localhost:8000/js/rmmz_core.js:1676
[  106772ms] [WARNING] The provided value 'undefined' is not a valid enum value of type CanvasTextAlign. @ http://localhost:8000/js/rmmz_core.js:1676
[  106871ms] [WARNING] The provided value 'undefined' is not a valid enum value of type CanvasTextAlign. @ http://localhost:8000/js/rmmz_core.js:1676
[  106872ms] [WARNING] The provided value 'undefined' is not a valid enum value of type CanvasTextAlign. @ http://localhost:8000/js/rmmz_core.js:1676
[  106872ms] [WARNING] The provided value 'undefined' is not a valid enum value of type CanvasTextAlign. @ http://localhost:8000/js/rmmz_core.js:1676
[  106872ms] [WARNING] The provided value 'undefined' is not a valid enum value of type CanvasTextAlign. @ http://localhost:8000/js/rmmz_core.js:1676
[  106872ms] [WARNING] The provided value 'undefined' is not a valid enum value of type CanvasTextAlign. @ http://localhost:8000/js/rmmz_core.js:1676
[  106872ms] [WARNING] The provided value 'undefined' is not a valid enum value of type CanvasTextAlign. @ http://localhost:8000/js/rmmz_core.js:1676
[  106872ms] [WARNING] The provided value 'undefined' is not a valid enum value of type CanvasTextAlign. @ http://localhost:8000/js/rmmz_core.js:1676
[  106873ms] [WARNING] The provided value 'undefined' is not a valid enum value of type CanvasTextAlign. @ http://localhost:8000/js/rmmz_core.js:1676
[  106873ms] [WARNING] The provided value 'undefined' is not a valid enum value of type CanvasTextAlign. @ http://localhost:8000/js/rmmz_core.js:1676
[  106972ms] [WARNING] The provided value 'undefined' is not a valid enum value of type CanvasTextAlign. @ http://localhost:8000/js/rmmz_core.js:1676
[  106972ms] [WARNING] The provided value 'undefined' is not a valid enum value of type CanvasTextAlign. @ http://localhost:8000/js/rmmz_core.js:1676
[  106972ms] [WARNING] The provided value 'undefined' is not a valid enum value of type CanvasTextAlign. @ http://localhost:8000/js/rmmz_core.js:1676
[  106972ms] [WARNING] The provided value 'undefined' is not a valid enum value of type CanvasTextAlign. @ http://localhost:8000/js/rmmz_core.js:1676
[  106973ms] [WARNING] The provided value 'undefined' is not a valid enum value of type CanvasTextAlign. @ http://localhost:8000/js/rmmz_core.js:1676
[  106973ms] [WARNING] The provided value 'undefined' is not a valid enum value of type CanvasTextAlign. @ http://localhost:8000/js/rmmz_core.js:1676
[  106973ms] [WARNING] The provided value 'undefined' is not a valid enum value of type CanvasTextAlign. @ http://localhost:8000/js/rmmz_core.js:1676
[  106973ms] [WARNING] The provided value 'undefined' is not a valid enum value of type CanvasTextAlign. @ http://localhost:8000/js/rmmz_core.js:1676
[  106973ms] [WARNING] The provided value 'undefined' is not a valid enum value of type CanvasTextAlign. @ http://localhost:8000/js/rmmz_core.js:1676
[  107073ms] [WARNING] The provided value 'undefined' is not a valid enum value of type CanvasTextAlign. @ http://localhost:8000/js/rmmz_core.js:1676
[  107074ms] [WARNING] The provided value 'undefined' is not a valid enum value of type CanvasTextAlign. @ http://localhost:8000/js/rmmz_core.js:1676
[  107074ms] [WARNING] The provided value 'undefined' is not a valid enum value of type CanvasTextAlign. @ http://localhost:8000/js/rmmz_core.js:1676
[  107074ms] [WARNING] The provided value 'undefined' is not a valid enum value of type CanvasTextAlign. @ http://localhost:8000/js/rmmz_core.js:1676
[  107074ms] [WARNING] The provided value 'undefined' is not a valid enum value of type CanvasTextAlign. @ http://localhost:8000/js/rmmz_core.js:1676
[  107075ms] [WARNING] The provided value 'undefined' is not a valid enum value of type CanvasTextAlign. @ http://localhost:8000/js/rmmz_core.js:1676
[  107075ms] [WARNING] The provided value 'undefined' is not a valid enum value of type CanvasTextAlign. @ http://localhost:8000/js/rmmz_core.js:1676
[  107075ms] [WARNING] The provided value 'undefined' is not a valid enum value of type CanvasTextAlign. @ http://localhost:8000/js/rmmz_core.js:1676
[  107075ms] [WARNING] The provided value 'undefined' is not a valid enum value of type CanvasTextAlign. @ http://localhost:8000/js/rmmz_core.js:1676
[  107175ms] [WARNING] The provided value 'undefined' is not a valid enum value of type CanvasTextAlign. @ http://localhost:8000/js/rmmz_core.js:1676
[  107176ms] [WARNING] The provided value 'undefined' is not a valid enum value of type CanvasTextAlign. @ http://localhost:8000/js/rmmz_core.js:1676
[  107176ms] [WARNING] The provided value 'undefined' is not a valid enum value of type CanvasTextAlign. @ http://localhost:8000/js/rmmz_core.js:1676
[  107176ms] [WARNING] The provided value 'undefined' is not a valid enum value of type CanvasTextAlign. @ http://localhost:8000/js/rmmz_core.js:1676
[  107176ms] [WARNING] The provided value 'undefined' is not a valid enum value of type CanvasTextAlign. @ http://localhost:8000/js/rmmz_core.js:1676
[  107176ms] [WARNING] The provided value 'undefined' is not a valid enum value of type CanvasTextAlign. @ http://localhost:8000/js/rmmz_core.js:1676
[  107176ms] [WARNING] The provided value 'undefined' is not a valid enum value of type CanvasTextAlign. @ http://localhost:8000/js/rmmz_core.js:1676
[  107177ms] [WARNING] The provided value 'undefined' is not a valid enum value of type CanvasTextAlign. @ http://localhost:8000/js/rmmz_core.js:1676
[  107177ms] [WARNING] The provided value 'undefined' is not a valid enum value of type CanvasTextAlign. @ http://localhost:8000/js/rmmz_core.js:1676
[  107278ms] [WARNING] The provided value 'undefined' is not a valid enum value of type CanvasTextAlign. @ http://localhost:8000/js/rmmz_core.js:1676
[  107279ms] [WARNING] The provided value 'undefined' is not a valid enum value of type CanvasTextAlign. @ http://localhost:8000/js/rmmz_core.js:1676
[  107279ms] [WARNING] The provided value 'undefined' is not a valid enum value of type CanvasTextAlign. @ http://localhost:8000/js/rmmz_core.js:1676
[  107279ms] [WARNING] The provided value 'undefined' is not a valid enum value of type CanvasTextAlign. @ http://localhost:8000/js/rmmz_core.js:1676
[  107279ms] [WARNING] The provided value 'undefined' is not a valid enum value of type CanvasTextAlign. @ http://localhost:8000/js/rmmz_core.js:1676
[  107279ms] [WARNING] The provided value 'undefined' is not a valid enum value of type CanvasTextAlign. @ http://localhost:8000/js/rmmz_core.js:1676
[  107279ms] [WARNING] The provided value 'undefined' is not a valid enum value of type CanvasTextAlign. @ http://localhost:8000/js/rmmz_core.js:1676
[  107280ms] [WARNING] The provided value 'undefined' is not a valid enum value of type CanvasTextAlign. @ http://localhost:8000/js/rmmz_core.js:1676
[  107280ms] [WARNING] The provided value 'undefined' is not a valid enum value of type CanvasTextAlign. @ http://localhost:8000/js/rmmz_core.js:1676
[  107381ms] [WARNING] The provided value 'undefined' is not a valid enum value of type CanvasTextAlign. @ http://localhost:8000/js/rmmz_core.js:1676
[  107382ms] [WARNING] The provided value 'undefined' is not a valid enum value of type CanvasTextAlign. @ http://localhost:8000/js/rmmz_core.js:1676
[  107382ms] [WARNING] The provided value 'undefined' is not a valid enum value of type CanvasTextAlign. @ http://localhost:8000/js/rmmz_core.js:1676
[  107382ms] [WARNING] The provided value 'undefined' is not a valid enum value of type CanvasTextAlign. @ http://localhost:8000/js/rmmz_core.js:1676
[  107382ms] [WARNING] The provided value 'undefined' is not a valid enum value of type CanvasTextAlign. @ http://localhost:8000/js/rmmz_core.js:1676
[  107383ms] [WARNING] The provided value 'undefined' is not a valid enum value of type CanvasTextAlign. @ http://localhost:8000/js/rmmz_core.js:1676
[  107383ms] [WARNING] The provided value 'undefined' is not a valid enum value of type CanvasTextAlign. @ http://localhost:8000/js/rmmz_core.js:1676
[  107383ms] [WARNING] The provided value 'undefined' is not a valid enum value of type CanvasTextAlign. @ http://localhost:8000/js/rmmz_core.js:1676
[  107383ms] [WARNING] The provided value 'undefined' is not a valid enum value of type CanvasTextAlign. @ http://localhost:8000/js/rmmz_core.js:1676
[  107472ms] [WARNING] The provided value 'undefined' is not a valid enum value of type CanvasTextAlign. @ http://localhost:8000/js/rmmz_core.js:1676
[  107473ms] [WARNING] The provided value 'undefined' is not a valid enum value of type CanvasTextAlign. @ http://localhost:8000/js/rmmz_core.js:1676
[  107473ms] [WARNING] The provided value 'undefined' is not a valid enum value of type CanvasTextAlign. @ http://localhost:8000/js/rmmz_core.js:1676
[  107473ms] [WARNING] The provided value 'undefined' is not a valid enum value of type CanvasTextAlign. @ http://localhost:8000/js/rmmz_core.js:1676
[  107473ms] [WARNING] The provided value 'undefined' is not a valid enum value of type CanvasTextAlign. @ http://localhost:8000/js/rmmz_core.js:1676
[  107474ms] [WARNING] The provided value 'undefined' is not a valid enum value of type CanvasTextAlign. @ http://localhost:8000/js/rmmz_core.js:1676
[  107474ms] [WARNING] The provided value 'undefined' is not a valid enum value of type CanvasTextAlign. @ http://localhost:8000/js/rmmz_core.js:1676
[  107474ms] [WARNING] The provided value 'undefined' is not a valid enum value of type CanvasTextAlign. @ http://localhost:8000/js/rmmz_core.js:1676
[  107474ms] [WARNING] The provided value 'undefined' is not a valid enum value of type CanvasTextAlign. @ http://localhost:8000/js/rmmz_core.js:1676
[  107576ms] [WARNING] The provided value 'undefined' is not a valid enum value of type CanvasTextAlign. @ http://localhost:8000/js/rmmz_core.js:1676
[  107576ms] [WARNING] The provided value 'undefined' is not a valid enum value of type CanvasTextAlign. @ http://localhost:8000/js/rmmz_core.js:1676
[  107576ms] [WARNING] The provided value 'undefined' is not a valid enum value of type CanvasTextAlign. @ http://localhost:8000/js/rmmz_core.js:1676
[  107576ms] [WARNING] The provided value 'undefined' is not a valid enum value of type CanvasTextAlign. @ http://localhost:8000/js/rmmz_core.js:1676
[  107577ms] [WARNING] The provided value 'undefined' is not a valid enum value of type CanvasTextAlign. @ http://localhost:8000/js/rmmz_core.js:1676
[  107577ms] [WARNING] The provided value 'undefined' is not a valid enum value of type CanvasTextAlign. @ http://localhost:8000/js/rmmz_core.js:1676
[  107577ms] [WARNING] The provided value 'undefined' is not a valid enum value of type CanvasTextAlign. @ http://localhost:8000/js/rmmz_core.js:1676
[  107577ms] [WARNING] The provided value 'undefined' is not a valid enum value of type CanvasTextAlign. @ http://localhost:8000/js/rmmz_core.js:1676
[  107578ms] [WARNING] The provided value 'undefined' is not a valid enum value of type CanvasTextAlign. @ http://localhost:8000/js/rmmz_core.js:1676
[  107677ms] [WARNING] The provided value 'undefined' is not a valid enum value of type CanvasTextAlign. @ http://localhost:8000/js/rmmz_core.js:1676
[  107677ms] [WARNING] The provided value 'undefined' is not a valid enum value of type CanvasTextAlign. @ http://localhost:8000/js/rmmz_core.js:1676
[  107677ms] [WARNING] The provided value 'undefined' is not a valid enum value of type CanvasTextAlign. @ http://localhost:8000/js/rmmz_core.js:1676
[  107677ms] [WARNING] The provided value 'undefined' is not a valid enum value of type CanvasTextAlign. @ http://localhost:8000/js/rmmz_core.js:1676
[  107678ms] [WARNING] The provided value 'undefined' is not a valid enum value of type CanvasTextAlign. @ http://localhost:8000/js/rmmz_core.js:1676
[  107678ms] [WARNING] The provided value 'undefined' is not a valid enum value of type CanvasTextAlign. @ http://localhost:8000/js/rmmz_core.js:1676
[  107678ms] [WARNING] The provided value 'undefined' is not a valid enum value of type CanvasTextAlign. @ http://localhost:8000/js/rmmz_core.js:1676
[  107679ms] [WARNING] The provided value 'undefined' is not a valid enum value of type CanvasTextAlign. @ http://localhost:8000/js/rmmz_core.js:1676
[  107679ms] [WARNING] The provided value 'undefined' is not a valid enum value of type CanvasTextAlign. @ http://localhost:8000/js/rmmz_core.js:1676
[  107778ms] [WARNING] The provided value 'undefined' is not a valid enum value of type CanvasTextAlign. @ http://localhost:8000/js/rmmz_core.js:1676
[  107778ms] [WARNING] The provided value 'undefined' is not a valid enum value of type CanvasTextAlign. @ http://localhost:8000/js/rmmz_core.js:1676
[  107778ms] [WARNING] The provided value 'undefined' is not a valid enum value of type CanvasTextAlign. @ http://localhost:8000/js/rmmz_core.js:1676
[  107778ms] [WARNING] The provided value 'undefined' is not a valid enum value of type CanvasTextAlign. @ http://localhost:8000/js/rmmz_core.js:1676
[  107779ms] [WARNING] The provided value 'undefined' is not a valid enum value of type CanvasTextAlign. @ http://localhost:8000/js/rmmz_core.js:1676
[  107779ms] [WARNING] The provided value 'undefined' is not a valid enum value of type CanvasTextAlign. @ http://localhost:8000/js/rmmz_core.js:1676
[  107779ms] [WARNING] The provided value 'undefined' is not a valid enum value of type CanvasTextAlign. @ http://localhost:8000/js/rmmz_core.js:1676
[  107779ms] [WARNING] The provided value 'undefined' is not a valid enum value of type CanvasTextAlign. @ http://localhost:8000/js/rmmz_core.js:1676
[  107779ms] [WARNING] The provided value 'undefined' is not a valid enum value of type CanvasTextAlign. @ http://localhost:8000/js/rmmz_core.js:1676
[  107867ms] [WARNING] The provided value 'undefined' is not a valid enum value of type CanvasTextAlign. @ http://localhost:8000/js/rmmz_core.js:1676
[  107867ms] [WARNING] The provided value 'undefined' is not a valid enum value of type CanvasTextAlign. @ http://localhost:8000/js/rmmz_core.js:1676
[  107867ms] [WARNING] The provided value 'undefined' is not a valid enum value of type CanvasTextAlign. @ http://localhost:8000/js/rmmz_core.js:1676
[  107867ms] [WARNING] The provided value 'undefined' is not a valid enum value of type CanvasTextAlign. @ http://localhost:8000/js/rmmz_core.js:1676
[  107868ms] [WARNING] The provided value 'undefined' is not a valid enum value of type CanvasTextAlign. @ http://localhost:8000/js/rmmz_core.js:1676
[  107868ms] [WARNING] The provided value 'undefined' is not a valid enum value of type CanvasTextAlign. @ http://localhost:8000/js/rmmz_core.js:1676
[  107868ms] [WARNING] The provided value 'undefined' is not a valid enum value of type CanvasTextAlign. @ http://localhost:8000/js/rmmz_core.js:1676
[  107868ms] [WARNING] The provided value 'undefined' is not a valid enum value of type CanvasTextAlign. @ http://localhost:8000/js/rmmz_core.js:1676
[  107868ms] [WARNING] The provided value 'undefined' is not a valid enum value of type CanvasTextAlign. @ http://localhost:8000/js/rmmz_core.js:1676
[  107967ms] [WARNING] The provided value 'undefined' is not a valid enum value of type CanvasTextAlign. @ http://localhost:8000/js/rmmz_core.js:1676
[  107968ms] [WARNING] The provided value 'undefined' is not a valid enum value of type CanvasTextAlign. @ http://localhost:8000/js/rmmz_core.js:1676
[  107968ms] [WARNING] The provided value 'undefined' is not a valid enum value of type CanvasTextAlign. @ http://localhost:8000/js/rmmz_core.js:1676
[  107968ms] [WARNING] The provided value 'undefined' is not a valid enum value of type CanvasTextAlign. @ http://localhost:8000/js/rmmz_core.js:1676
[  107968ms] [WARNING] The provided value 'undefined' is not a valid enum value of type CanvasTextAlign. @ http://localhost:8000/js/rmmz_core.js:1676
[  107969ms] [WARNING] The provided value 'undefined' is not a valid enum value of type CanvasTextAlign. @ http://localhost:8000/js/rmmz_core.js:1676
[  107969ms] [WARNING] The provided value 'undefined' is not a valid enum value of type CanvasTextAlign. @ http://localhost:8000/js/rmmz_core.js:1676
[  107969ms] [WARNING] The provided value 'undefined' is not a valid enum value of type CanvasTextAlign. @ http://localhost:8000/js/rmmz_core.js:1676
[  107969ms] [WARNING] The provided value 'undefined' is not a valid enum value of type CanvasTextAlign. @ http://localhost:8000/js/rmmz_core.js:1676
[  108071ms] [WARNING] The provided value 'undefined' is not a valid enum value of type CanvasTextAlign. @ http://localhost:8000/js/rmmz_core.js:1676
[  108072ms] [WARNING] The provided value 'undefined' is not a valid enum value of type CanvasTextAlign. @ http://localhost:8000/js/rmmz_core.js:1676
[  108072ms] [WARNING] The provided value 'undefined' is not a valid enum value of type CanvasTextAlign. @ http://localhost:8000/js/rmmz_core.js:1676
[  108072ms] [WARNING] The provided value 'undefined' is not a valid enum value of type CanvasTextAlign. @ http://localhost:8000/js/rmmz_core.js:1676
[  108072ms] [WARNING] The provided value 'undefined' is not a valid enum value of type CanvasTextAlign. @ http://localhost:8000/js/rmmz_core.js:1676
[  108073ms] [WARNING] The provided value 'undefined' is not a valid enum value of type CanvasTextAlign. @ http://localhost:8000/js/rmmz_core.js:1676
[  108073ms] [WARNING] The provided value 'undefined' is not a valid enum value of type CanvasTextAlign. @ http://localhost:8000/js/rmmz_core.js:1676
[  108073ms] [WARNING] The provided value 'undefined' is not a valid enum value of type CanvasTextAlign. @ http://localhost:8000/js/rmmz_core.js:1676
[  108073ms] [WARNING] The provided value 'undefined' is not a valid enum value of type CanvasTextAlign. @ http://localhost:8000/js/rmmz_core.js:1676
[  108173ms] [WARNING] The provided value 'undefined' is not a valid enum value of type CanvasTextAlign. @ http://localhost:8000/js/rmmz_core.js:1676
[  108174ms] [WARNING] The provided value 'undefined' is not a valid enum value of type CanvasTextAlign. @ http://localhost:8000/js/rmmz_core.js:1676
[  108174ms] [WARNING] The provided value 'undefined' is not a valid enum value of type CanvasTextAlign. @ http://localhost:8000/js/rmmz_core.js:1676
[  108174ms] [WARNING] The provided value 'undefined' is not a valid enum value of type CanvasTextAlign. @ http://localhost:8000/js/rmmz_core.js:1676
[  108174ms] [WARNING] The provided value 'undefined' is not a valid enum value of type CanvasTextAlign. @ http://localhost:8000/js/rmmz_core.js:1676
[  108175ms] [WARNING] The provided value 'undefined' is not a valid enum value of type CanvasTextAlign. @ http://localhost:8000/js/rmmz_core.js:1676
[  108175ms] [WARNING] The provided value 'undefined' is not a valid enum value of type CanvasTextAlign. @ http://localhost:8000/js/rmmz_core.js:1676
[  108175ms] [WARNING] The provided value 'undefined' is not a valid enum value of type CanvasTextAlign. @ http://localhost:8000/js/rmmz_core.js:1676
[  108175ms] [WARNING] The provided value 'undefined' is not a valid enum value of type CanvasTextAlign. @ http://localhost:8000/js/rmmz_core.js:1676
[  108175ms] [WARNING] The provided value 'undefined' is not a valid enum value of type CanvasTextAlign. @ http://localhost:8000/js/rmmz_core.js:1676
[  108175ms] [WARNING] The provided value 'undefined' is not a valid enum value of type CanvasTextAlign. @ http://localhost:8000/js/rmmz_core.js:1676
[  108175ms] [WARNING] The provided value 'undefined' is not a valid enum value of type CanvasTextAlign. @ http://localhost:8000/js/rmmz_core.js:1676
[  108175ms] [WARNING] The provided value 'undefined' is not a valid enum value of type CanvasTextAlign. @ http://localhost:8000/js/rmmz_core.js:1676
[  108176ms] [WARNING] The provided value 'undefined' is not a valid enum value of type CanvasTextAlign. @ http://localhost:8000/js/rmmz_core.js:1676
[  108176ms] [WARNING] The provided value 'undefined' is not a valid enum value of type CanvasTextAlign. @ http://localhost:8000/js/rmmz_core.js:1676
[  108176ms] [WARNING] The provided value 'undefined' is not a valid enum value of type CanvasTextAlign. @ http://localhost:8000/js/rmmz_core.js:1676
[  108176ms] [WARNING] The provided value 'undefined' is not a valid enum value of type CanvasTextAlign. @ http://localhost:8000/js/rmmz_core.js:1676
[  108176ms] [WARNING] The provided value 'undefined' is not a valid enum value of type CanvasTextAlign. @ http://localhost:8000/js/rmmz_core.js:1676
[  108275ms] [WARNING] The provided value 'undefined' is not a valid enum value of type CanvasTextAlign. @ http://localhost:8000/js/rmmz_core.js:1676
[  108275ms] [WARNING] The provided value 'undefined' is not a valid enum value of type CanvasTextAlign. @ http://localhost:8000/js/rmmz_core.js:1676
[  108275ms] [WARNING] The provided value 'undefined' is not a valid enum value of type CanvasTextAlign. @ http://localhost:8000/js/rmmz_core.js:1676
[  108275ms] [WARNING] The provided value 'undefined' is not a valid enum value of type CanvasTextAlign. @ http://localhost:8000/js/rmmz_core.js:1676
[  108276ms] [WARNING] The provided value 'undefined' is not a valid enum value of type CanvasTextAlign. @ http://localhost:8000/js/rmmz_core.js:1676
[  108276ms] [WARNING] The provided value 'undefined' is not a valid enum value of type CanvasTextAlign. @ http://localhost:8000/js/rmmz_core.js:1676
[  108276ms] [WARNING] The provided value 'undefined' is not a valid enum value of type CanvasTextAlign. @ http://localhost:8000/js/rmmz_core.js:1676
[  108276ms] [WARNING] The provided value 'undefined' is not a valid enum value of type CanvasTextAlign. @ http://localhost:8000/js/rmmz_core.js:1676
[  108277ms] [WARNING] The provided value 'undefined' is not a valid enum value of type CanvasTextAlign. @ http://localhost:8000/js/rmmz_core.js:1676
[  108378ms] [WARNING] The provided value 'undefined' is not a valid enum value of type CanvasTextAlign. @ http://localhost:8000/js/rmmz_core.js:1676
[  108379ms] [WARNING] The provided value 'undefined' is not a valid enum value of type CanvasTextAlign. @ http://localhost:8000/js/rmmz_core.js:1676
[  108379ms] [WARNING] The provided value 'undefined' is not a valid enum value of type CanvasTextAlign. @ http://localhost:8000/js/rmmz_core.js:1676
[  108379ms] [WARNING] The provided value 'undefined' is not a valid enum value of type CanvasTextAlign. @ http://localhost:8000/js/rmmz_core.js:1676
[  108379ms] [WARNING] The provided value 'undefined' is not a valid enum value of type CanvasTextAlign. @ http://localhost:8000/js/rmmz_core.js:1676
[  108380ms] [WARNING] The provided value 'undefined' is not a valid enum value of type CanvasTextAlign. @ http://localhost:8000/js/rmmz_core.js:1676
[  108380ms] [WARNING] The provided value 'undefined' is not a valid enum value of type CanvasTextAlign. @ http://localhost:8000/js/rmmz_core.js:1676
[  108380ms] [WARNING] The provided value 'undefined' is not a valid enum value of type CanvasTextAlign. @ http://localhost:8000/js/rmmz_core.js:1676
[  108380ms] [WARNING] The provided value 'undefined' is not a valid enum value of type CanvasTextAlign. @ http://localhost:8000/js/rmmz_core.js:1676
[  108481ms] [WARNING] The provided value 'undefined' is not a valid enum value of type CanvasTextAlign. @ http://localhost:8000/js/rmmz_core.js:1676
[  108482ms] [WARNING] The provided value 'undefined' is not a valid enum value of type CanvasTextAlign. @ http://localhost:8000/js/rmmz_core.js:1676
[  108482ms] [WARNING] The provided value 'undefined' is not a valid enum value of type CanvasTextAlign. @ http://localhost:8000/js/rmmz_core.js:1676
[  108482ms] [WARNING] The provided value 'undefined' is not a valid enum value of type CanvasTextAlign. @ http://localhost:8000/js/rmmz_core.js:1676
[  108482ms] [WARNING] The provided value 'undefined' is not a valid enum value of type CanvasTextAlign. @ http://localhost:8000/js/rmmz_core.js:1676
[  108483ms] [WARNING] The provided value 'undefined' is not a valid enum value of type CanvasTextAlign. @ http://localhost:8000/js/rmmz_core.js:1676
[  108483ms] [WARNING] The provided value 'undefined' is not a valid enum value of type CanvasTextAlign. @ http://localhost:8000/js/rmmz_core.js:1676
[  108483ms] [WARNING] The provided value 'undefined' is not a valid enum value of type CanvasTextAlign. @ http://localhost:8000/js/rmmz_core.js:1676
[  108483ms] [WARNING] The provided value 'undefined' is not a valid enum value of type CanvasTextAlign. @ http://localhost:8000/js/rmmz_core.js:1676
[  108571ms] [WARNING] The provided value 'undefined' is not a valid enum value of type CanvasTextAlign. @ http://localhost:8000/js/rmmz_core.js:1676
[  108572ms] [WARNING] The provided value 'undefined' is not a valid enum value of type CanvasTextAlign. @ http://localhost:8000/js/rmmz_core.js:1676
[  108572ms] [WARNING] The provided value 'undefined' is not a valid enum value of type CanvasTextAlign. @ http://localhost:8000/js/rmmz_core.js:1676
[  108572ms] [WARNING] The provided value 'undefined' is not a valid enum value of type CanvasTextAlign. @ http://localhost:8000/js/rmmz_core.js:1676
[  108572ms] [WARNING] The provided value 'undefined' is not a valid enum value of type CanvasTextAlign. @ http://localhost:8000/js/rmmz_core.js:1676
[  108572ms] [WARNING] The provided value 'undefined' is not a valid enum value of type CanvasTextAlign. @ http://localhost:8000/js/rmmz_core.js:1676
[  108573ms] [WARNING] The provided value 'undefined' is not a valid enum value of type CanvasTextAlign. @ http://localhost:8000/js/rmmz_core.js:1676
[  108573ms] [WARNING] The provided value 'undefined' is not a valid enum value of type CanvasTextAlign. @ http://localhost:8000/js/rmmz_core.js:1676
[  108573ms] [WARNING] The provided value 'undefined' is not a valid enum value of type CanvasTextAlign. @ http://localhost:8000/js/rmmz_core.js:1676
[  108672ms] [WARNING] The provided value 'undefined' is not a valid enum value of type CanvasTextAlign. @ http://localhost:8000/js/rmmz_core.js:1676
[  108672ms] [WARNING] The provided value 'undefined' is not a valid enum value of type CanvasTextAlign. @ http://localhost:8000/js/rmmz_core.js:1676
[  108673ms] [WARNING] The provided value 'undefined' is not a valid enum value of type CanvasTextAlign. @ http://localhost:8000/js/rmmz_core.js:1676
[  108673ms] [WARNING] The provided value 'undefined' is not a valid enum value of type CanvasTextAlign. @ http://localhost:8000/js/rmmz_core.js:1676
[  108673ms] [WARNING] The provided value 'undefined' is not a valid enum value of type CanvasTextAlign. @ http://localhost:8000/js/rmmz_core.js:1676
[  108673ms] [WARNING] The provided value 'undefined' is not a valid enum value of type CanvasTextAlign. @ http://localhost:8000/js/rmmz_core.js:1676
[  108673ms] [WARNING] The provided value 'undefined' is not a valid enum value of type CanvasTextAlign. @ http://localhost:8000/js/rmmz_core.js:1676
[  108674ms] [WARNING] The provided value 'undefined' is not a valid enum value of type CanvasTextAlign. @ http://localhost:8000/js/rmmz_core.js:1676
[  108674ms] [WARNING] The provided value 'undefined' is not a valid enum value of type CanvasTextAlign. @ http://localhost:8000/js/rmmz_core.js:1676
[  108774ms] [WARNING] The provided value 'undefined' is not a valid enum value of type CanvasTextAlign. @ http://localhost:8000/js/rmmz_core.js:1676
[  108774ms] [WARNING] The provided value 'undefined' is not a valid enum value of type CanvasTextAlign. @ http://localhost:8000/js/rmmz_core.js:1676
[  108774ms] [WARNING] The provided value 'undefined' is not a valid enum value of type CanvasTextAlign. @ http://localhost:8000/js/rmmz_core.js:1676
[  108774ms] [WARNING] The provided value 'undefined' is not a valid enum value of type CanvasTextAlign. @ http://localhost:8000/js/rmmz_core.js:1676
[  108775ms] [WARNING] The provided value 'undefined' is not a valid enum value of type CanvasTextAlign. @ http://localhost:8000/js/rmmz_core.js:1676
[  108775ms] [WARNING] The provided value 'undefined' is not a valid enum value of type CanvasTextAlign. @ http://localhost:8000/js/rmmz_core.js:1676
[  108775ms] [WARNING] The provided value 'undefined' is not a valid enum value of type CanvasTextAlign. @ http://localhost:8000/js/rmmz_core.js:1676
[  108776ms] [WARNING] The provided value 'undefined' is not a valid enum value of type CanvasTextAlign. @ http://localhost:8000/js/rmmz_core.js:1676
[  108776ms] [WARNING] The provided value 'undefined' is not a valid enum value of type CanvasTextAlign. @ http://localhost:8000/js/rmmz_core.js:1676
[  108874ms] [WARNING] The provided value 'undefined' is not a valid enum value of type CanvasTextAlign. @ http://localhost:8000/js/rmmz_core.js:1676
[  108875ms] [WARNING] The provided value 'undefined' is not a valid enum value of type CanvasTextAlign. @ http://localhost:8000/js/rmmz_core.js:1676
[  108875ms] [WARNING] The provided value 'undefined' is not a valid enum value of type CanvasTextAlign. @ http://localhost:8000/js/rmmz_core.js:1676
[  108875ms] [WARNING] The provided value 'undefined' is not a valid enum value of type CanvasTextAlign. @ http://localhost:8000/js/rmmz_core.js:1676
[  108875ms] [WARNING] The provided value 'undefined' is not a valid enum value of type CanvasTextAlign. @ http://localhost:8000/js/rmmz_core.js:1676
[  108876ms] [WARNING] The provided value 'undefined' is not a valid enum value of type CanvasTextAlign. @ http://localhost:8000/js/rmmz_core.js:1676
[  108876ms] [WARNING] The provided value 'undefined' is not a valid enum value of type CanvasTextAlign. @ http://localhost:8000/js/rmmz_core.js:1676
[  108876ms] [WARNING] The provided value 'undefined' is not a valid enum value of type CanvasTextAlign. @ http://localhost:8000/js/rmmz_core.js:1676
[  108876ms] [WARNING] The provided value 'undefined' is not a valid enum value of type CanvasTextAlign. @ http://localhost:8000/js/rmmz_core.js:1676
[  108976ms] [WARNING] The provided value 'undefined' is not a valid enum value of type CanvasTextAlign. @ http://localhost:8000/js/rmmz_core.js:1676
[  108977ms] [WARNING] The provided value 'undefined' is not a valid enum value of type CanvasTextAlign. @ http://localhost:8000/js/rmmz_core.js:1676
[  108977ms] [WARNING] The provided value 'undefined' is not a valid enum value of type CanvasTextAlign. @ http://localhost:8000/js/rmmz_core.js:1676
[  108977ms] [WARNING] The provided value 'undefined' is not a valid enum value of type CanvasTextAlign. @ http://localhost:8000/js/rmmz_core.js:1676
[  108977ms] [WARNING] The provided value 'undefined' is not a valid enum value of type CanvasTextAlign. @ http://localhost:8000/js/rmmz_core.js:1676
[  108977ms] [WARNING] The provided value 'undefined' is not a valid enum value of type CanvasTextAlign. @ http://localhost:8000/js/rmmz_core.js:1676
[  108977ms] [WARNING] The provided value 'undefined' is not a valid enum value of type CanvasTextAlign. @ http://localhost:8000/js/rmmz_core.js:1676
[  108978ms] [WARNING] The provided value 'undefined' is not a valid enum value of type CanvasTextAlign. @ http://localhost:8000/js/rmmz_core.js:1676
[  108978ms] [WARNING] The provided value 'undefined' is not a valid enum value of type CanvasTextAlign. @ http://localhost:8000/js/rmmz_core.js:1676
[  109077ms] [WARNING] The provided value 'undefined' is not a valid enum value of type CanvasTextAlign. @ http://localhost:8000/js/rmmz_core.js:1676
[  109077ms] [WARNING] The provided value 'undefined' is not a valid enum value of type CanvasTextAlign. @ http://localhost:8000/js/rmmz_core.js:1676
[  109078ms] [WARNING] The provided value 'undefined' is not a valid enum value of type CanvasTextAlign. @ http://localhost:8000/js/rmmz_core.js:1676
[  109078ms] [WARNING] The provided value 'undefined' is not a valid enum value of type CanvasTextAlign. @ http://localhost:8000/js/rmmz_core.js:1676
[  109078ms] [WARNING] The provided value 'undefined' is not a valid enum value of type CanvasTextAlign. @ http://localhost:8000/js/rmmz_core.js:1676
[  109078ms] [WARNING] The provided value 'undefined' is not a valid enum value of type CanvasTextAlign. @ http://localhost:8000/js/rmmz_core.js:1676
[  109078ms] [WARNING] The provided value 'undefined' is not a valid enum value of type CanvasTextAlign. @ http://localhost:8000/js/rmmz_core.js:1676
[  109079ms] [WARNING] The provided value 'undefined' is not a valid enum value of type CanvasTextAlign. @ http://localhost:8000/js/rmmz_core.js:1676
[  109079ms] [WARNING] The provided value 'undefined' is not a valid enum value of type CanvasTextAlign. @ http://localhost:8000/js/rmmz_core.js:1676
[  109141ms] [LOG] RACE_EVENT: {
  "type": "SAFE_CLICK",
  "frame": 2399,
  "vars": {
    "RACE_ID": 1,
    "SCENE_INDEX": 6,
    "SCENE_TYPE": 0,
    "P_CENA": 70,
    "CONSCIENCIA": 90,
    "PONTOS_GLORIA": 190,
    "TAXA_SUCESSO": 0,
    "ROLL_RESULT": 0,
    "TIMER_FRAMES": 0,
    "SCENE_START": 2148,
    "SEED": 0,
    "RACE_N_CENAS": 6,
    "ATTEMPT_N": 7,
    "LAST_RENDERED_INDEX": 5,
    "HOVER_LEVEL": 0,
    "TIMER_TIMEOUT_FLAG": 1,
    "VITORIA_PASSOU": 0,
    "GLORIA_META": 200,
    "TIMER_SECONDS": 1,
    "SCENE_DISPLAY": 6
  },
  "switches": {
    "RACE_ACTIVE": true,
    "INPUT_LOCKED": true,
    "CRASH_FLAG": false,
    "LAST_ACTION_SAFE": true,
    "PAUSED": false,
    "IS_CURVA_DIABO": false
  },
  "timestamp": "2026-07-07T07:26:01.423Z"
} @ http://localhost:8000/js/plugins/Jhonny_RaceHelper.js:234
[  109153ms] [LOG] RACE_EVENT: {
  "type": "VICTORY",
  "frame": 2400,
  "vars": {
    "RACE_ID": 1,
    "SCENE_INDEX": 6,
    "SCENE_TYPE": 0,
    "P_CENA": 70,
    "CONSCIENCIA": 90,
    "PONTOS_GLORIA": 190,
    "TAXA_SUCESSO": 0,
    "ROLL_RESULT": 0,
    "TIMER_FRAMES": 0,
    "SCENE_START": 2148,
    "SEED": 0,
    "RACE_N_CENAS": 6,
    "ATTEMPT_N": 7,
    "LAST_RENDERED_INDEX": 5,
    "HOVER_LEVEL": 0,
    "TIMER_TIMEOUT_FLAG": 1,
    "VITORIA_PASSOU": 0,
    "GLORIA_META": 200,
    "TIMER_SECONDS": 0,
    "SCENE_DISPLAY": 6
  },
  "switches": {
    "RACE_ACTIVE": true,
    "INPUT_LOCKED": true,
    "CRASH_FLAG": false,
    "LAST_ACTION_SAFE": true,
    "PAUSED": true,
    "IS_CURVA_DIABO": false
  },
  "timestamp": "2026-07-07T07:26:01.435Z"
} @ http://localhost:8000/js/plugins/Jhonny_RaceHelper.js:234
[  109179ms] [WARNING] The provided value 'undefined' is not a valid enum value of type CanvasTextAlign. @ http://localhost:8000/js/rmmz_core.js:1676
[  109180ms] [WARNING] The provided value 'undefined' is not a valid enum value of type CanvasTextAlign. @ http://localhost:8000/js/rmmz_core.js:1676
[  109180ms] [WARNING] The provided value 'undefined' is not a valid enum value of type CanvasTextAlign. @ http://localhost:8000/js/rmmz_core.js:1676
[  109180ms] [WARNING] The provided value 'undefined' is not a valid enum value of type CanvasTextAlign. @ http://localhost:8000/js/rmmz_core.js:1676
[  109180ms] [WARNING] The provided value 'undefined' is not a valid enum value of type CanvasTextAlign. @ http://localhost:8000/js/rmmz_core.js:1676
[  109180ms] [WARNING] The provided value 'undefined' is not a valid enum value of type CanvasTextAlign. @ http://localhost:8000/js/rmmz_core.js:1676
[  109180ms] [WARNING] The provided value 'undefined' is not a valid enum value of type CanvasTextAlign. @ http://localhost:8000/js/rmmz_core.js:1676
[  109180ms] [WARNING] The provided value 'undefined' is not a valid enum value of type CanvasTextAlign. @ http://localhost:8000/js/rmmz_core.js:1676
[  109180ms] [WARNING] The provided value 'undefined' is not a valid enum value of type CanvasTextAlign. @ http://localhost:8000/js/rmmz_core.js:1676
[  109181ms] [WARNING] The provided value 'undefined' is not a valid enum value of type CanvasTextAlign. @ http://localhost:8000/js/rmmz_core.js:1676
[  109181ms] [WARNING] The provided value 'undefined' is not a valid enum value of type CanvasTextAlign. @ http://localhost:8000/js/rmmz_core.js:1676
[  109181ms] [WARNING] The provided value 'undefined' is not a valid enum value of type CanvasTextAlign. @ http://localhost:8000/js/rmmz_core.js:1676
[  109181ms] [WARNING] The provided value 'undefined' is not a valid enum value of type CanvasTextAlign. @ http://localhost:8000/js/rmmz_core.js:1676
[  109181ms] [WARNING] The provided value 'undefined' is not a valid enum value of type CanvasTextAlign. @ http://localhost:8000/js/rmmz_core.js:1676
[  109181ms] [WARNING] The provided value 'undefined' is not a valid enum value of type CanvasTextAlign. @ http://localhost:8000/js/rmmz_core.js:1676
[  109181ms] [WARNING] The provided value 'undefined' is not a valid enum value of type CanvasTextAlign. @ http://localhost:8000/js/rmmz_core.js:1676
[  109182ms] [WARNING] The provided value 'undefined' is not a valid enum value of type CanvasTextAlign. @ http://localhost:8000/js/rmmz_core.js:1676
[  109182ms] [WARNING] The provided value 'undefined' is not a valid enum value of type CanvasTextAlign. @ http://localhost:8000/js/rmmz_core.js:1676
[  109182ms] [WARNING] The provided value 'undefined' is not a valid enum value of type CanvasTextAlign. @ http://localhost:8000/js/rmmz_core.js:1676
[  109182ms] [WARNING] The provided value 'undefined' is not a valid enum value of type CanvasTextAlign. @ http://localhost:8000/js/rmmz_core.js:1676
[  109182ms] [WARNING] The provided value 'undefined' is not a valid enum value of type CanvasTextAlign. @ http://localhost:8000/js/rmmz_core.js:1676
[  109182ms] [WARNING] The provided value 'undefined' is not a valid enum value of type CanvasTextAlign. @ http://localhost:8000/js/rmmz_core.js:1676
[  109182ms] [WARNING] The provided value 'undefined' is not a valid enum value of type CanvasTextAlign. @ http://localhost:8000/js/rmmz_core.js:1676
[  109183ms] [WARNING] The provided value 'undefined' is not a valid enum value of type CanvasTextAlign. @ http://localhost:8000/js/rmmz_core.js:1676
[  109183ms] [WARNING] The provided value 'undefined' is not a valid enum value of type CanvasTextAlign. @ http://localhost:8000/js/rmmz_core.js:1676
[  109183ms] [WARNING] The provided value 'undefined' is not a valid enum value of type CanvasTextAlign. @ http://localhost:8000/js/rmmz_core.js:1676
[  109183ms] [WARNING] The provided value 'undefined' is not a valid enum value of type CanvasTextAlign. @ http://localhost:8000/js/rmmz_core.js:1676
[  109183ms] [WARNING] The provided value 'undefined' is not a valid enum value of type CanvasTextAlign. @ http://localhost:8000/js/rmmz_core.js:1676
[  109183ms] [WARNING] The provided value 'undefined' is not a valid enum value of type CanvasTextAlign. @ http://localhost:8000/js/rmmz_core.js:1676
[  109183ms] [WARNING] The provided value 'undefined' is not a valid enum value of type CanvasTextAlign. @ http://localhost:8000/js/rmmz_core.js:1676
[  109183ms] [WARNING] The provided value 'undefined' is not a valid enum value of type CanvasTextAlign. @ http://localhost:8000/js/rmmz_core.js:1676
